Product_ID,Product_name,Description,brand_name,price
52228079,Giày Sandal Nữ BIGGBEN Da Bò Thật SDN51,"Sandal Nữ với chất liệu da bò bền đẹp kết hợp đế êm nhẹ giúp bạn Nữ luôn thoải mái, tự tin khi đi chơi, dạo phố, đi làm nơi công sở hay đi dự tiệc.Sandal Nữ được xử lý đặc biệt để tạo độ bóng mờ, Phon...",BIGGBEN,329000
177772556,"Giày sandal nữ BIGGBEN cao 4,5cm SDN75","Chất Liệu :Da tổng hợpKích Thước :từ 35 đến 40Đế Cao : 4,5 cmSản phẩm được bảo hành 1 năm HƯỚNG DẪN BẢO QUẢNBảo quản nơi thoáng mátTránh tiếp xúc hóa chất mạnhGiày bị ướt phơi khô nơi ...",BIGGBEN,349000
171201432,Giày sandal nữ dây Giavy SK109,"       GIÀY QUAI HẬU NỮ   Thương hiệu độc quyền : GIAVY.   Xuất xứ: Việt Nam.   Mã sản phẩm: SK109   Kiểu dáng: sandal 1 dây ngang thắt bím, đế bệt .   Chất liệu quai dù mềm êm chân, đườn...",GIAVY,195000
153010212,Giày sandal nữ dây Giavy SK109,"       GIÀY QUAI HẬU NỮ   Thương hiệu độc quyền : GIAVY.   Xuất xứ: Việt Nam.   Mã sản phẩm: SK109   Kiểu dáng: sandal 1 dây ngang thắt bím, đế bệt .   Chất liệu quai dù mềm êm chân, đườn...",GIAVY,195000
42737212,Giày sandal nữ TLG 20799-1,"Giày sandal nữ TLG 20799-1 với thiết kế trẻ trung nữ tính cực kì phù hợp với những bạn nữ yêu thích phong cách nhẹ nhàng, quý phái.Giày được gia công tinh tế từ chất liệu da tổng hợp mềm mịn, bóng ...",TLG Thành Long,150200
153010553,Giày sandal dây nữ Giavy SK377,"  GIÀY QUAI HẬU NỮ   Thương hiệu độc quyền : GIAVY.   Xuất xứ: Việt Nam.   Mã sản phẩm: SK377   Kiểu dáng: sandal hậu dán, đế bệt .   Chất liệu quai dù mềm êm chân, đường may tỉ mỉ.   Đế ca...",GIAVY,195000
42737104,Giày sandal nữ TLG 20615-8,"Giày sandal nữ TLG 20615-8 với thiết kế trẻ trung nữ tính cực kì phù hợp với những bạn nữ yêu thích phong cách nhẹ nhàng, quý phái.Giày được gia công tinh tế từ chất liệu da tổng hợp mềm mịn, bóng ...",TLG Thành Long,150200
112958887,giầy sandal nữ thời trang sành điệu 21828,"       *) THÔNG TIN SẢN PHẨM   • ✦ Giày nữ đẹp phù hợp cho các nàng dịu dàng và cá tính.   • ✧ Chất liệu : Da bò cao cấp - chất liệu lót mềm mại   • ✧ Chức năng: giảm sốc, thoáng khí êm chân. ...",ĐỒ DA THÀNH LONG TLG,150000
276670235,Giày sandal quai ngang 1F PN15018,"Giày sandal quai ngang 1F PN15018----------  1. THÔNG TIN SẢN PHẨM:Chiều cao phù hợp để làm các nàng dễ dàng di chuyển. Hai đôi giày phù hợp cho nàng phối với những chiếc váy xèo hoa, váy,...Ngoài ...",PABNO,285000
42737023,Giày sandal nữ TLG 20716-5,"Giày sandal nữ TLG 20716-5 với thiết kế trẻ trung nữ tính cực kì phù hợp với những bạn nữ yêu thích phong cách nhẹ nhàng, quý phái.Giày được gia công tinh tế từ chất liệu da tổng hợp mềm mịn, bóng ...",TLG Thành Long,150200
276098515,Giày Sandal Nữ Da Bò Thật BIGGBEN Cao Cấp SDN107,Thương hiệu: BIGBENChất Liệu :Da bò thật 100%Kích Thước :từ 35 đến 40Đế Cao :2cmSản phẩm được bảo hành 1 năm HƯỚNG DẪN BẢO QUẢNBảo quản nơi thoáng mátTránh tiếp xúc hóa chất mạnhGiày...,BIGGBEN,299000
59209381,Giày Sandal Nữ BIGGBEN Da Bò Thật SDN54,"Sandal Nữ với chất liệu da bò bền đẹp kết hợp đế êm nhẹ giúp bạn Nữ luôn thoải mái, tự tin khi đi chơi, dạo phố, đi làm nơi công sở hay đi dự tiệc.Sandal Nữ được xử lý đặc biệt để tạo độ bóng mờ, Phon...",BIGGBEN,279000
112827241,Giày sandal nữ phong cách thời thượng 21823,"       *) THÔNG TIN SẢN PHẨM   • ✦ Giày nữ đẹp phù hợp cho các nàng dịu dàng và cá tính.   • ✧ Chất liệu : Da bò cao cấp - chất liệu lót mềm mại   • ✧ Chức năng: giảm sốc, thoáng khí êm chân. ...",ĐỒ DA THÀNH LONG TLG,170500
177772693,"Giày sandal nữ BIGGBEN cao 4,5cm SDN76","Chất Liệu :Da tổng hợpKích Thước :từ 35 đến 40Đế Cao : 4,5 cmSản phẩm được bảo hành 1 năm HƯỚNG DẪN BẢO QUẢNBảo quản nơi thoáng mátTránh tiếp xúc hóa chất mạnhGiày bị ướt phơi khô nơi ...",BIGGBEN,349000
23166857,Giày Sandal Nữ BIGGBEN Da Bò Thật SDN33, Được làm Bằng chất liệu Da Bò Thật 100% .Sandal Nữ được xử lý đặc biệt để tạo Phong cách trẻ trung và Nữ tính.Bạn có thể kết hợp với các loại trang phục hằng ngày tùy theo sở thích và phong c...,BIGGBEN,329000
276104819,Giày sandal quai chéo 1F PABNO PN15019,"Giày sandal quai chéo 1F PN15019----------  1. THÔNG TIN SẢN PHẨM:Chiều cao phù hợp để làm các nàng dễ dàng di chuyển. Hai đôi giày phù hợp cho nàng phối với những chiếc váy xèo hoa, váy,...Ngoài r...",PABNO,285000
271439563,Giày Sandal Nữ Da Bò Thật BIGGBEN Cao Cấp SDN97,Thương hiệu: BIGBENChất Liệu :Da bò thật 100%Kích Thước :từ 35 đến 40Đế Cao :2 cmSản phẩm được bảo hành 1 năm HƯỚNG DẪN BẢO QUẢNBảo quản nơi thoáng mátTránh tiếp xúc hóa chất mạnhGià...,BIGGBEN,279000
12530748,Giày Sandal Nữ BIGGBEN Da Bò Thật SDN20,"Sandal Nữ với chất liệu da bò bền đẹp kết hợp đế cao su êm nhẹ chống trơn trượt giúp bạn Nữ luôn thoải mái, tự tin khi đi chơi, dạo phố, đi làm nơi công sở hay đi dự tiệc.Sandal Nữ được xử lý đặc biệ...",BIGGBEN,339000
274376633,Giày strappy sandal quai ống - SDK 0341,"THÔNG TIN SẢN PHẨM: Chất liệu: Da nhân tạo Kiểu gót: Gót có đúp Độ cao gót: 3 cm Loại mũi: Hở mũi (mũi vuông) Phù hợp sử dụng: Đi làm, đi học, đi chơiHƯỚNG DẪN CHỌN SIZE: Bước 1: Chuẩn bị g...",Vascara,663000
187237640,Giày sandal quai kẹp đế bằng Lithes LS079,"MÔ TẢ SẢN PHẨMBộ sưu tập Giày dép sẽ là sản phẩm hoàn hảo cho phái đẹp thêm duyên dáng và thanh lịch. Mẫu mã đa dạng được thiết kế sang trọng, thanh lịch, màu sắc tươi trẻ cùng chất liệu cao cấp, thâ...",LITHES,419000
59207075,Giày Sandal Nữ Da Bò BIGGBEN Cao Cấp SDCG49,"Sandal Nữ sản phẩm được thiết kế bền đẹp kết hợp đế cao su êm nhẹ giúp bạn Nữ luôn thoải mái, tự tin khi đi chơi, dạo phố, đi làm nơi công sở hay đi dự tiệc.Được làm Bằng chất liệu Da Bò Thật 100% ...",BIGGBEN,349000
275853364,Giày Sandal Nữ Da Bò Thật BIGGBEN Cao Cấp SDN105,Thương hiệu: BIGBENChất Liệu :Da bò thật 100%Kích Thước :từ 35 đến 40Đế Cao :1 cmSản phẩm được bảo hành 1 năm HƯỚNG DẪN BẢO QUẢNBảo quản nơi thoáng mátTránh tiếp xúc hóa chất mạnhGià...,BIGGBEN,299000
171202909,Giày sandal nữ Giavy quai da phối dù SN033,"  GIÀY QUAI HẬU NỮ   Thương hiệu độc quyền : GIAVY.   Xuất xứ: Việt Nam.   Mã sản phẩm: SN033   Kiểu dáng: sandal hậu dán, đế bệt .   Chất liệu quai da phối dù mềm êm chân, đường may tỉ mỉ....",GIAVY,200000
189179654,Giày Sandal Nữ The Bily 02W Quai Chéo Đôi - Màu Xám BL02WX,"Giày Sandal The Bily  sản xuất theo công nghệ cao và hàng đầu tại Việt Nam, được thiết kế dành cho các bạn yêu thích sự tối giản, trẻ trung và tiện lợi. Giày Sandal Nữ The Bily 02W Quai Chéo Đôi với...",THE BILY,349000
273668874,Giày Sandal Nữ Da Bò Thật BIGGBEN Cao Cấp SDN101,Thương hiệu: BIGBENChất Liệu :Da bò thật 100%Kích Thước :từ 35 đến 40Đế Cao :3 cmSản phẩm được bảo hành 1 năm HƯỚNG DẪN BẢO QUẢNBảo quản nơi thoáng mátTránh tiếp xúc hóa chất mạnhGià...,BIGGBEN,309000
276098607,Giày Sandal Nữ Da Bò Thật BIGGBEN Cao Cấp SDN109,Thương hiệu: BIGBENChất Liệu :Da bò thật 100%Kích Thước :từ 35 đến 40Đế Cao :2cmSản phẩm được bảo hành 1 năm HƯỚNG DẪN BẢO QUẢNBảo quản nơi thoáng mátTránh tiếp xúc hóa chất mạnhGiày...,BIGGBEN,299000
172565550,Giày Sandal Nữ The Bily 02W Quai Chéo Đôi - Màu Đen BL02WD,"Giày Sandal The Bily  sản xuất theo công nghệ cao và hàng đầu tại Việt Nam, được thiết kế dành cho các bạn yêu thích sự tối giản, trẻ trung và tiện lợi. Giày Sandal Nữ The Bily 02W Quai Chéo Đôi với...",THE BILY,349000
36926828,Giày Sandal Nữ BIGGBEN Da Bò Thật SDN35,"Sandal Nữ với chất liệu da bò bền đẹp kết hợp đế  êm nhẹ  giúp bạn Nữ luôn thoải mái, tự tin khi đi chơi, dạo phố, đi làm nơi công sở hay đi dự tiệc.Sandal Nữ được xử lý đặc biệt để tạo độ bóng mờ, P...",BIGGBEN,329000
36978574,Giày Sandal Nữ BIGGBEN Da Bò Thật SDN42,"Sandal Nữ với chất liệu da bò bền đẹp kết hợp đế  êm nhẹ  giúp bạn Nữ luôn thoải mái, tự tin khi đi chơi, dạo phố, đi làm nơi công sở hay đi dự tiệc.Sandal Nữ được xử lý đặc biệt để tạo độ bóng mờ, P...",BIGGBEN,339000
59210030,Giày Sandal Nữ BIGGBEN Da Bò Thật SDN56,"Sandal Nữ với chất liệu da bò bền đẹp kết hợp đế êm nhẹ giúp bạn Nữ luôn thoải mái, tự tin khi đi chơi, dạo phố, đi làm nơi công sở hay đi dự tiệc.Sandal Nữ được xử lý đặc biệt để tạo độ bóng mờ, Phon...",BIGGBEN,329000
203481091,Giày Sandal Nữ Da Bò Thật BIGGBEN Cao Cấp SDN88,Chất Liệu :Da bò thật 100%Kích Thước :từ 35 đến 40Đế Cao :2 cmSản phẩm được bảo hành 1 năm HƯỚNG DẪN BẢO QUẢNBảo quản nơi thoáng mátTránh tiếp xúc hóa chất mạnhGiày bị ướt phơi khô nơi...,BIGGBEN,329000
36979068,Giày Sandal Nữ BIGGBEN Da Bò Thật SDN43,Chất Liệu :Da bò thật 100%Kích Thước :từ 35 đến 40Đế Cao :2 cmSản phẩm được bảo hành 1 năm HƯỚNG DẪN BẢO QUẢNBảo quản nơi thoáng mátTránh tiếp xúc hóa chất mạnhGiày bị ướt phơi khô nơi...,BIGGBEN,339000
12525704,Giày Sandal Nữ BIGGBEN Da Bò Thật SDN19,"Sandal Nữ với chất liệu da bò bền đẹp kết hợp đế cao su êm nhẹ chống trơn trượt giúp bạn Nữ luôn thoải mái, tự tin khi đi chơi, dạo phố, đi làm nơi công sở hay đi dự tiệc.Sandal Nữ được xử lý đặc biệ...",BIGGBEN,339000
8005607,Giày Sandal Nữ BIGGBEN Da Bò Thật SDN06,"Sandal Nữ với chất liệu da bò bền đẹp kết hợp đế cao su êm nhẹ chống trơn trượt giúp bạn Nữ luôn thoải mái, tự tin khi đi chơi, dạo phố, đi làm nơi công sở hay đi dự tiệc.Sandal Nữ được xử lý đặc biệ...",BIGGBEN,329000
203477818,Giày Sandal Nữ Da Bò Thật BIGGBEN Cao Cấp SDN86,Chất Liệu :Da bò thật 100%Kích Thước :từ 35 đến 40Đế Cao :2 cmSản phẩm được bảo hành 1 năm HƯỚNG DẪN BẢO QUẢNBảo quản nơi thoáng mátTránh tiếp xúc hóa chất mạnhGiày bị ướt phơi khô nơi...,BIGGBEN,329000
275854978,Giày Sandal Nữ Da Bò Thật BIGGBEN Cao Cấp SDN106,Thương hiệu: BIGBENChất Liệu :Da bò thật 100%Kích Thước :từ 35 đến 40Đế Cao :2cmSản phẩm được bảo hành 1 năm HƯỚNG DẪN BẢO QUẢNBảo quản nơi thoáng mátTránh tiếp xúc hóa chất mạnhGiày...,BIGGBEN,299000
42738102,Giày Sandals nữ TLG 20794-12,"Giày Sandals nữ TLG 20794-12 với thiết kế trẻ trung nữ tính cực kì phù hợp với những bạn nữ yêu thích phong cách nhẹ nhàng, quý phái.Giày được gia công tinh tế từ chất liệu da tổng hợp mềm mịn, bón...",TLG Thành Long,150200
192196517,Giày sandal nữ da bò thật BIGGBEN cao cấp SDN81,Chất Liệu :Da bò thật 100%Kích Thước :từ 35 đến 40Đế Cao :3 cmSản phẩm được bảo hành 1 năm HƯỚNG DẪN BẢO QUẢNBảo quản nơi thoáng mátTránh tiếp xúc hóa chất mạnhGiày bị ướt phơi khô nơi bón...,BIGGBEN,339000
177750603,Giày sandal nữ da bò thật BIGGBEN cao cấp SDN73,"Chất Liệu :Da bò thật 100%Kích Thước :từ 35 đến 39Đế Cao : 2,5 cmSản phẩm được bảo hành 1 năm HƯỚNG DẪN BẢO QUẢNBảo quản nơi thoáng mátTránh tiếp xúc hóa chất mạnhGiày bị ướt phơi khô nơi ...",BIGGBEN,339000
59211327,Giày Sandal Nữ BIGGBEN Da Bò Thật SDN62,"Sandal Nữ với chất liệu da bò bền đẹp kết hợp đế êm nhẹ giúp bạn Nữ luôn thoải mái, tự tin khi đi chơi, dạo phố, đi làm nơi công sở hay đi dự tiệc.Sandal Nữ được xử lý đặc biệt để tạo độ bóng mờ, Phon...",BIGGBEN,329000
8005362,Giày Sandal Nữ Da Bò BIGGBEN Cao Cấp SDN04,"Sandal Nữ với chất liệu da bò bền đẹp kết hợp đế cao su êm nhẹ chống trơn trượt giúp bạn Nữ luôn thoải mái, tự tin khi đi chơi, dạo phố, đi làm nơi công sở hay đi dự tiệc.Sandal Nữ được xử lý đặc biệ...",BIGGBEN,329000
274855296,"Giày Sandal nữ kiểu dáng mới chống trơn, trượt – GSDN02","Thiết kế: có form giày dễ thương, năng động, cá tính2.Công nghệ đế: Giày ép đế3.Chất liệu đế: Cao su4.Giới tính áp dụng: Nữ/ Nam5.Nhóm Tuổi áp dụng: Teen, người lớn6.Phong cách: Hàn Quốc7.Size: ...",Bee Gee,480000
277287666,Giày Sandal Nữ Da Bò Thật BIGGBEN Cao Cấp SDN116,Thương hiệu: BIGBENChất Liệu :Da bò thật 100%Kích Thước :từ 35 đến 40Đế Cao :2cmSản phẩm được bảo hành 1 năm HƯỚNG DẪN BẢO QUẢNBảo quản nơi thoáng mátTránh tiếp xúc hóa chất mạnhGiày...,BIGGBEN,329000
112826952,giầy sandal nữ phong cách thời thượng siêu hot 21802,"       *) THÔNG TIN SẢN PHẨM   • ✦ Giày nữ đẹp phù hợp cho các nàng dịu dàng và cá tính.   • ✧ Chất liệu : Da bò cao cấp - chất liệu lót mềm mại   • ✧ Chức năng: giảm sốc, thoáng khí êm chân. ...",ĐỒ DA THÀNH LONG TLG,159600
270306516,Giày Sandal Nữ Da Bò Thật BIGGBEN Cao Cấp SDN93,Thương hiệu: BIGBENChất Liệu :Da bò thật 100%Kích Thước :từ 35 đến 40Đế Cao :3 cmSản phẩm được bảo hành 1 năm HƯỚNG DẪN BẢO QUẢNBảo quản nơi thoáng mátTránh tiếp xúc hóa chất mạnhGià...,BIGGBEN,299000
273056749,Giày Sandal Nữ Da Bò Thật BIGGBEN Cao Cấp SDN98,Thương hiệu: BIGBENChất Liệu :Da bò thật 100%Kích Thước :từ 35 đến 40Đế Cao :2 cmSản phẩm được bảo hành 1 năm HƯỚNG DẪN BẢO QUẢNBảo quản nơi thoáng mátTránh tiếp xúc hóa chất mạnhGià...,BIGGBEN,309000
276671374,Giày Sandal quai mảnh khóa8F PABNO PN22018,"Giày Sandal quai mảnh khóa8F PABNO PN22018 ----------  1. THÔNG TIN SẢN PHẨM:Sandal quai ngang không còn là sản phẩm xa lạ với các chị em phụ nữ, mẫu sandal thường được chọn phối cùng các trang phục...",PABNO,345000
112961804,Giày sandal nữ 1 phân thời trang cực trend 20799,"       *) THÔNG TIN SẢN PHẨM   • ✦ Sandal nữ đẹp phù hợp cho các nàng dịu dàng và cá tính.   • ✧ Chất liệu : Da bò cao cấp - chất liệu lót mềm mại   • ✧ Chức năng: giảm sốc, thoáng khí êm chân....",ĐỒ DA THÀNH LONG TLG,150000
273056815,Giày Sandal Nữ Da Bò Thật BIGGBEN Cao Cấp SDN99,Thương hiệu: BIGBENChất Liệu :Da bò thật 100%Kích Thước :từ 35 đến 40Đế Cao :4.5 cmSản phẩm được bảo hành 1 năm HƯỚNG DẪN BẢO QUẢNBảo quản nơi thoáng mátTránh tiếp xúc hóa chất mạnhG...,BIGGBEN,339000
203478154,Giày Sandal Nữ Da Bò Thật BIGGBEN Cao Cấp SDN87,Chất Liệu :Da bò thật 100%Kích Thước :từ 35 đến 40Đế Cao :2 cmSản phẩm được bảo hành 1 năm HƯỚNG DẪN BẢO QUẢNBảo quản nơi thoáng mátTránh tiếp xúc hóa chất mạnhGiày bị ướt phơi khô nơi...,BIGGBEN,329000
274651434,"Giày Sandal chống trơn, trượt – GSD9088","Thiết kế: có form giày dễ thương, năng động, cá tính2.Công nghệ đế: Giày ép đế3.Chất liệu đế: Cao su4.Giới tính áp dụng: Nam5.Nhóm Tuổi áp dụng: Teen, người lớn6.Phong cách: Hàn Quốc7.Size: 39-4...",Bee Gee,420000
245770486,Giày Sandal Nữ The Bily 02W Quai Chéo Đôi - Màu Cam BL02WC,"Giày Sandal The Bily  sản xuất theo công nghệ cao và hàng đầu tại Việt Nam, được thiết kế dành cho các bạn yêu thích sự tối giản, trẻ trung và tiện lợi. Giày Sandal Nữ The Bily 02W Quai Chéo Đôi với...",THE BILY,389000
274854774,"Giày Sandal nữ kiểu dáng mới chống trơn, trượt – GSDN01","Thiết kế: có form giày dễ thương, năng động, cá tính2.Công nghệ đế: Giày ép đế3.Chất liệu đế: Cao su4.Giới tính áp dụng: Nữ5.Nhóm Tuổi áp dụng: Teen, người lớn6.Phong cách: Hàn Quốc7.Size: 36-40...",Bee Gee,420000
195528889,Giày Sandal Nữ Da Bò Thật BIGGBEN Cao Cấp SDN83,Chất Liệu :Da bò thật 100%Kích Thước :từ 35 đến 40Đế Cao :1 cmSản phẩm được bảo hành 1 năm HƯỚNG DẪN BẢO QUẢNBảo quản nơi thoáng mátTránh tiếp xúc hóa chất mạnhGiày bị ướt phơi khô nơi...,BIGGBEN,309000
187375766,Giày sandal Nữ Da Bò Thật BIGGBEN Cao Cấp SDN79,Chất Liệu :Da Bò Thật 100 %Kích Thước :từ 35 đến 40Đế Cao : 2 cmSản phẩm được bảo hành 1 năm HƯỚNG DẪN BẢO QUẢNBảo quản nơi thoáng mátTránh tiếp xúc hóa chất mạnhGiày bị ướt phơi khô nơi b...,BIGGBEN,309000
245770724,Giày Sandal Nữ The Bily 02W Quai Chéo Đôi - Màu Kem BL02WK,"Giày Sandal The Bily  sản xuất theo công nghệ cao và hàng đầu tại Việt Nam, được thiết kế dành cho các bạn yêu thích sự tối giản, trẻ trung và tiện lợi. Giày Sandal Nữ The Bily 02W Quai Chéo Đôi với...",THE BILY,389000
197418062,Giày Sandal Nữ BIGGBEN Da Bò Thật SDN08,Chất Liệu :Da bò thật 100%Kích Thước :từ 35 đến 40Đế Cao : 2 cmSản phẩm được bảo hành 1 năm HƯỚNG DẪN BẢO QUẢNBảo quản nơi thoáng mátTránh tiếp xúc hóa chất mạnhGiày bị ướt phơi khô nơi bó...,BIGGBEN,339000
276103505,Giày Sandal Nữ Da Bò Thật BIGGBEN Cao Cấp SDN111,Thương hiệu: BIGBENChất Liệu :Da bò thật 100%Kích Thước :từ 35 đến 40Đế Cao :2cmSản phẩm được bảo hành 1 năm HƯỚNG DẪN BẢO QUẢNBảo quản nơi thoáng mátTránh tiếp xúc hóa chất mạnhGiày...,BIGGBEN,299000
241660800,Giày Sandal VENTO AVATAR NỮ CHÍNH HÃNG - MÀU BE CAM/ĐEN XANH SD10112,       THÔNG TIN SẢN PHẨM:   Size: Từ 36-39   Chất liệu: Đế cao su đúc dây dù êm nhẹ   Giá bán lẻ: 355.000 VNĐ   MÔ TẢ SẢN PHẨM:   - Sandal Vento được sản xuất theo công nghệ Nhật Bản với tín...,Vento,355000
245769935,Giày Sandal Nữ The Bily 02W Quai Chéo Đôi - Màu Đỏ BL02WD,"Giày Sandal The Bily  sản xuất theo công nghệ cao và hàng đầu tại Việt Nam, được thiết kế dành cho các bạn yêu thích sự tối giản, trẻ trung và tiện lợi. Giày Sandal Nữ The Bily 02W Quai Chéo Đôi với...",THE BILY,389000
276098540,Giày Sandal Nữ Da Bò Thật BIGGBEN Cao Cấp SDN108,Thương hiệu: BIGBENChất Liệu :Da bò thật 100%Kích Thước :từ 35 đến 40Đế Cao :2cmSản phẩm được bảo hành 1 năm HƯỚNG DẪN BẢO QUẢNBảo quản nơi thoáng mátTránh tiếp xúc hóa chất mạnhGiày...,BIGGBEN,299000
262581961,Giày Sandal Nữ Da Bò Thật BIGGBEN Cao Cấp SDN92,Thương hiệu: BIGBENChất Liệu :Da bò thật 100%Kích Thước :từ 35 đến 40Đế Cao :4cmSản phẩm được bảo hành 1 năm HƯỚNG DẪN BẢO QUẢNBảo quản nơi thoáng mátTránh tiếp xúc hóa chất mạnhGiày ...,BIGGBEN,349000
195231858,Giày sandal nữ Teva Voya Strappy - 1099271,"Đặc điểm nổi bật: GIÀY XĂNG ĐAN NỮ TEVA VOYA STRAPPY Voya Strappy – đôi sandals cực kỳ linh hoạt, nhanh khô và thời trang. Bao gồm các sợi vải đan chéo, chống nước, lớp đế ngoài Mush, đôi giày dành ch...",TEVA,845000
276671647,Giày sandal quai ngang 6P PABNO PN12024,Giày sandal quai ngang 6P PABNO PN12024----------  1. THÔNG TIN SẢN PHẨM:Chiều cao phù hợp để làm các nàng trở nên quý phái và thanh lịch hơn. Hai đôi giày phù hợp cho nàng phối với những chiếc váy...,PABNO,385000
273320630,Giày Sandal Nữ Da Bò Thật BIGGBEN Cao Cấp SDN100,Thương hiệu: BIGBENChất Liệu :Da bò thật 100%Kích Thước :từ 35 đến 40Đế Cao :3 cmSản phẩm được bảo hành 1 năm HƯỚNG DẪN BẢO QUẢNBảo quản nơi thoáng mátTránh tiếp xúc hóa chất mạnhGià...,BIGGBEN,319000
52188508,Giày Sandal Nữ BIGGBEN Da Bò Thật SDN50," Sandal Nữ với chất liệu da bò bền đẹp kết hợp đế êm nhẹ giúp bạn Nữ luôn thoải mái, tự tin khi đi chơi, dạo phố, đi làm nơi công sở hay đi dự tiệc. Sandal Nữ được xử lý đặc biệt để tạo độ bóng mờ, Ph...",BIGGBEN,329000
271961300,"Giày Sandal chống trơn, trượt – GSD9030",".Thiết kế: có form giày dễ thương, năng động, cá tính2.Công nghệ đế: Giày ép đế3.Chất liệu đế: Cao su4.Giới tính áp dụng: Nam/ Nữ5.Nhóm Tuổi áp dụng: Teen, người lớn6.Phong cách: Hàn Quốc7.Size:...",Bee Gee,270000
5517433,Giày Sandal Bít Mũi BIGGBEN Da Bò Thật Cao Cấp SD24,"Sandal Nam với chất liệu da bò bền đẹp kết hợp đế cao su êm nhẹ chống trơn trượt giúp bạn Nam luôn thoải mái, tự tin khi đi chơi, dạo phố, đi làm nơi công sở hay đi dự tiệc.Sandal nam được xử lý đặc ...",BIGGBEN,419000
8005161,Giày Sandal Nữ BIGGBEN Da Bò Thật SDN0399,"Sandal Nữ với chất liệu da bò bền đẹp kết hợp đế cao su êm nhẹ chống trơn trượt giúp bạn Nữ luôn thoải mái, tự tin khi đi chơi, dạo phố, đi làm nơi công sở hay đi dự tiệc.Sandal Nữ được xử lý đặc biệ...",BIGGBEN,329000
276666833,Giày Sandal Nữ Da Bò Thật BIGGBEN Cao Cấp SDN113,Thương hiệu: BIGBENChất Liệu :Da bò thật 100%Kích Thước :từ 35 đến 40Đế Cao :2cmSản phẩm được bảo hành 1 năm HƯỚNG DẪN BẢO QUẢNBảo quản nơi thoáng mátTránh tiếp xúc hóa chất mạnhGiày...,BIGGBEN,339000
271439441,Giày Sandal Nữ Da Bò Thật BIGGBEN Cao Cấp SDN96,Thương hiệu: BIGBENChất Liệu :Da bò thật 100%Kích Thước :từ 35 đến 40Đế Cao :2 cmSản phẩm được bảo hành 1 năm HƯỚNG DẪN BẢO QUẢNBảo quản nơi thoáng mátTránh tiếp xúc hóa chất mạnhGià...,BIGGBEN,299000
271434319,Giày Sandal Nữ Da Bò Thật BIGGBEN Cao Cấp SDN94,Thương hiệu: BIGBENChất Liệu :Da bò thật 100%Kích Thước :từ 35 đến 40Đế Cao :2 cmSản phẩm được bảo hành 1 năm HƯỚNG DẪN BẢO QUẢNBảo quản nơi thoáng mátTránh tiếp xúc hóa chất mạnhGià...,BIGGBEN,319000
277287683,Giày Sandal Nữ Da Bò Thật BIGGBEN Cao Cấp SDN117,Thương hiệu: BIGBENChất Liệu :Da bò thật 100%Kích Thước :từ 35 đến 40Đế Cao :2cmSản phẩm được bảo hành 1 năm HƯỚNG DẪN BẢO QUẢNBảo quản nơi thoáng mátTránh tiếp xúc hóa chất mạnhGiày...,BIGGBEN,329000
195547325,Giày Sandal Nữ Da Bò Thật BIGGBEN Cao Cấp SDN85,Chất Liệu :Da bò thật 100%Kích Thước :từ 35 đến 40Đế Cao :1 cmSản phẩm được bảo hành 1 năm HƯỚNG DẪN BẢO QUẢNBảo quản nơi thoáng mátTránh tiếp xúc hóa chất mạnhGiày bị ướt phơi khô nơi...,BIGGBEN,309000
273297773,Giày Sandal BIGGBEN Da Bò Thật Cao 5 Phân SDCG109,"Thương hiệu: BIGBENGiày sandal cao gótChật Liệu: Da bò thật 100%Giày Nữ với chất liệu Da Bò bền đẹp kết hợp đế cao su êm nhẹ chống trơn trượt giúp bạn Nam luôn thoải mái, tự tin khi đi chơi, ...",BIGGBEN,339000
271439141,Giày Sandal Nữ Da Bò Thật BIGGBEN Cao Cấp SDN95,Thương hiệu: BIGBENChất Liệu :Da bò thật 100%Kích Thước :từ 35 đến 40Đế Cao :2 cmSản phẩm được bảo hành 1 năm HƯỚNG DẪN BẢO QUẢNBảo quản nơi thoáng mátTránh tiếp xúc hóa chất mạnhGià...,BIGGBEN,299000
273056402,Giày Sandal BIGGBEN Da Bò Thật Cao 5 Phân SDCG102,"Thương hiệu: BIGBENGiày sandal cao gótChật Liệu: Da bò thật 100%Giày Nữ với chất liệu Da Bò bền đẹp kết hợp đế cao su êm nhẹ chống trơn trượt giúp bạn Nam luôn thoải mái, tự tin khi đi chơi, ...",BIGGBEN,309000
271423280,Giày Sandal BIGGBEN Da Bò Thật Cao 3 Phân SDCG100,"Thương hiệu: BIGBENGiày sandal cao gótChật Liệu: Da bò thật 100%Giày Nữ với chất liệu Da Bò bền đẹp kết hợp đế cao su êm nhẹ chống trơn trượt giúp bạn Nam luôn thoải mái, tự tin khi đi chơi, ...",BIGGBEN,309000
190706782,Giày Sandal Học Sinh VENTO OSCAR dạo phố đi chơi đi học NB139,"Đường may tinh tế, tỉ mỉQuai băng dính linh động, dễ dàng điều chỉnh vừa khít với chân, tạo sự thoải mái nhất có thểĐược sản xuất trên thiết bị và kỹ thuật công nghệ cao của Nhật. Chất liệu sản phẩm...",Vento,295000
273056507,Giày Sandal BIGGBEN Da Bò Thật Cao 3 Phân SDCG104,"Thương hiệu: BIGBENGiày sandal cao gótChật Liệu: Da bò thật 100%Giày Nữ với chất liệu Da Bò bền đẹp kết hợp đế cao su êm nhẹ chống trơn trượt giúp bạn Nam luôn thoải mái, tự tin khi đi chơi, ...",BIGGBEN,319000
21059093,Giày Sandal Nam Quai Chéo Teramo,"MÔ TẢ SẢN PHẨM+ Giày sandal nam+ Đế cao su nguyên chất 100% có rãnh chống trơn trợt.+ Đường may tinh tế, chắc chắn.+ Quai được làm bằng vải dù có độ bền cao. + Trọng lượng chỉ 500 gram+ Được sản xuất ...",Teramo,119000
59207843,Giày Sandal Cao Gót BIGGBEN Da Bò Thật SDCG51,"Sandal Nữ sản phẩm được thiết kế bền đẹp kết hợp đế cao su êm nhẹ giúp bạn Nữ luôn thoải mái, tự tin khi đi chơi, dạo phố, đi làm nơi công sở hay đi dự tiệc.Được làm Bằng chất liệu Da Bò Thật 100% ...",BIGGBEN,339000
275134006,Giày Strappy Sandals Quai Ống - SDK 0344,"THÔNG TIN SẢN PHẨM: Chất liệu: Da nhân tạo Hoa văn, chi tiết:  Kiểu gót:  Độ cao gót: cm Loại mũi: Hở mũi Phù hợp sử dụng: Đi làm, đi học, đi chơiHƯỚNG DẪN CHỌN SIZE: Bước 1: Chuẩn bị giấy...",Vascara,565000
141490261,Giày sandal nữ da bò thật BIGGBEN cao cấp SDN70,"Chất Liệu :Da bò thật 100%Kích Thước :từ 35 đến 39Đế Cao : 2,5 cmSản phẩm được bảo hành 1 năm HƯỚNG DẪN BẢO QUẢNBảo quản nơi thoáng mátTránh tiếp xúc hóa chất mạnhGiày bị ướt phơi khô nơi ...",BIGGBEN,339000
149147702,Giày Sandal Nữ HÀ NAM Da Bò Thật Cao Cấp 5cm DNU2092,"Giày Sandal Nữ HÀ NAM Da Bò Thật Cao Cấp 5cm DNU2092Giày Dép Được Gia Công Tại Xưởng ShopHoàn Trả Tiền 100% Hoặc 1 Đổi 1 Nếu Shop Giao Không Đúng Hàng, Không Đúng Như Mô Tả + THÔNG TIN SẢN PHẨM...",HA NAM,186000
36980153,Giày Sandal Nữ BIGGBEN Da Bò Thật SDN44,"Sandal Nữ với chất liệu da bò bền đẹp kết hợp đế  êm nhẹ  giúp bạn Nữ luôn thoải mái, tự tin khi đi chơi, dạo phố, đi làm nơi công sở hay đi dự tiệc.Sandal Nữ được xử lý đặc biệt để tạo độ bóng mờ, P...",BIGGBEN,339000
195536360,Giày Sandal Nữ Da Bò Thật BIGGBEN Cao Cấp SDN84,Chất Liệu :Da bò thật 100%Kích Thước :từ 35 đến 40Đế Cao :1 cmSản phẩm được bảo hành 1 năm HƯỚNG DẪN BẢO QUẢNBảo quản nơi thoáng mátTránh tiếp xúc hóa chất mạnhGiày bị ướt phơi khô nơi...,BIGGBEN,319000
274908376,"Giày Sandal nữ kiểu dáng mới chống trơn, trượt – GSDN03","Thiết kế: có form giày dễ thương, năng động, cá tính2.Công nghệ đế: Giày ép đế3.Chất liệu đế: Cao su4.Giới tính áp dụng: Nữ/ Nam5.Nhóm Tuổi áp dụng: Teen, người lớn6.Phong cách: Hàn Quốc7.Size: ...",Bee Gee,350000
262571775,Giày Sandal Nữ Da Bò Thật BIGGBEN Cao Cấp SDN90,Thương hiệu: BIGBENChất Liệu :Da bò thật 100%Kích Thước :từ 35 đến 40Đế Cao :3 cmSản phẩm được bảo hành 1 năm HƯỚNG DẪN BẢO QUẢNBảo quản nơi thoáng mátTránh tiếp xúc hóa chất mạnhGiày...,BIGGBEN,309000
195231460,Giày sandal nữ Teva Hurricane Verge - 1121535,"Đặc điểm nổi bật: GIÀY XĂNG ĐAN NỮ TEVA HURRICANE VERGE Khác với những đôi giày tiền nhiệm của TEVA, Hurricane Verge phá vỡ mọi khuôn mẫu của phiên bản gốc với phần dây đan chéo, thêm chi tiết khóa bấ...",TEVA,1495000
276838257,"Giày Sandal nữ kiểu dáng mới chống trơn, trượt – GSDN04","Thiết kế: có form giày dễ thương, năng động, cá tính2.Công nghệ đế: Giày ép đế3.Chất liệu đế: Cao su4.Giới tính áp dụng: Nữ/ Nam5.Nhóm Tuổi áp dụng: Teen, người lớn6.Phong cách: Hàn Quốc7.Size: ...",Bee Gee,370000
273685743,GIÀY SANDAL COLE HAAN NỮ MIKAELA STITCHLITE SANDAL,"Mẫu giày sandal MIKAELA STITCHLITE SANDAL có kết cấu tối giãn, được thiết kế đề cao sự êm ái và thoải mái. Đôi giày sandal này là sự lựa chọn hoàn hảo cho những buổi dạo phố hoặc chuyến du lịch của bạ...",Cole Haan,3990000
21399819,Giày Sandal Nam Teramo Cao Cấp Add-01,"Dép TRM được sản xuất trên thiết bị và kỹ thuật công nghệ cao, thiết kế đơn giản quai ngang ôm chân.Chất liệu cao cấp nhập từ nước ngoài, đế được làm từ cao su và đúc theo công nghệ tiên tiến của Nhậ...",Teramo,150000
112960663,Giầy sandal nữ phong cách hàn quốc siêu thời trang 21827,"       *) THÔNG TIN SẢN PHẨM   • ✦ Giày nữ đẹp phù hợp cho các nàng dịu dàng và cá tính.   • ✧ Chất liệu : Da bò cao cấp - chất liệu lót mềm mại   • ✧ Chức năng: giảm sốc, thoáng khí êm chân. ...",ĐỒ DA THÀNH LONG TLG,100000
273298587,Giày Sandal BIGGBEN Da Bò Thật Cao 5 Phân SDCG111,"Thương hiệu: BIGBENGiày sandal cao gótChật Liệu: Da bò thật 100%Giày Nữ với chất liệu Da Bò bền đẹp kết hợp đế cao su êm nhẹ chống trơn trượt giúp bạn Nam luôn thoải mái, tự tin khi đi chơi, ...",BIGGBEN,359000
21060817,Giày Sandal Nam Quai Chéo Xanh Rêu Teramo,"MÔ TẢ SẢN PHẨM+ Giày sandal nam+ Đế cao su nguyên chất 100% có rãnh chống trơn trợt.+ Đường may tinh tế, chắc chắn.+ Quai được làm bằng vải dù có độ bền cao. + Trọng lượng chỉ 500 gram+ Được sản xuất ...",Teramo,119000
271423184,Giày Sandal BIGGBEN Da Bò Thật Cao 3 Phân SDCG99,"Thương hiệu: BIGBENGiày sandal cao gótChật Liệu: Da bò thật 100%Giày Nữ với chất liệu Da Bò bền đẹp kết hợp đế cao su êm nhẹ chống trơn trượt giúp bạn Nam luôn thoải mái, tự tin khi đi chơi, ...",BIGGBEN,319000
195528473,Giày Sandal Nữ Da Bò Thật BIGGBEN Cao Cấp SDN82,Chất Liệu :Da bò thật 100%Kích Thước :từ 35 đến 40Đế Cao :2 cmSản phẩm được bảo hành 1 năm HƯỚNG DẪN BẢO QUẢNBảo quản nơi thoáng mátTránh tiếp xúc hóa chất mạnhGiày bị ướt phơi khô nơi...,BIGGBEN,339000
189313332,Giày Sandal Nữ The Bily 04W 3 Quai Ngang - Màu Đen BL04WD ,"Giày Sandal The Bily  sản xuất theo công nghệ cao và hàng đầu tại Việt Nam, được thiết kế dành cho các bạn yêu thích sự tối giản, trẻ trung và tiện lợi. Giày Sandal Nữ The Bily 04W 3 Quai Ngang với ...",THE BILY,339000
271960326,"Giày Sandal chống trơn, trượt – GSD9028","1.Thiết kế: có form giày dễ thương, năng động, cá tính2.Công nghệ đế: Giày ép đế3.Chất liệu đế: Cao su4.Giới tính áp dụng: Nam/ Nữ5.Nhóm Tuổi áp dụng: Teen, người lớn6.Phong cách: Hàn Quốc7.Size...",Bee Gee,380000
276671564,Giày Sandal Nữ Da Bò Thật BIGGBEN Cao Cấp SDN114,Thương hiệu: BIGBENChất Liệu :Da bò thật 100%Kích Thước :từ 35 đến 40Đế Cao :2cmSản phẩm được bảo hành 1 năm HƯỚNG DẪN BẢO QUẢNBảo quản nơi thoáng mátTránh tiếp xúc hóa chất mạnhGiày...,BIGGBEN,309000
189267954,Giày Sandal Nữ The Bily 03W Quai Ngang - Màu Xám BL03WX ,"Giày Sandal The Bily  sản xuất theo công nghệ cao và hàng đầu tại Việt Nam, được thiết kế dành cho các bạn yêu thích sự tối giản, trẻ trung và tiện lợi. Giày Sandal Nữ The Bily 03W Quai Ngang với th...",THE BILY,329000
172568380,Giày Sandal Nữ The Bily 01W Quai Chéo Dây Rút - Màu Đen BL01WD,"Giày Sandal The Bily  sản xuất theo công nghệ cao và hàng đầu tại Việt Nam, được thiết kế dành cho các bạn yêu thích sự tối giản, trẻ trung và tiện lợi. Giày Sandal Nữ The Bily 01W Quai Chéo với thi...",THE BILY,359000
271536812,Giày Sandal VENTO SHADOW ,"Dáng thời trang thịnh hành.Tổ hợp đế bằng cao su chống trơn trượt, chống shock,Có thể giặt bằng tay hoặc bằng máy.Thiết kế thoáng mát chống mồ hôi chânĐa năng trong sử dụng (trong mọi th...",Vento,235000
194187382,giày sandal da răn cao cấp 7cm mang được 2 kiểu ( free shipping - bảo hành 1 năm),"  Thương hiệu: QUEENA   Kích thước: 34 35 36 37 38   Chiều cao gót: 7 cm   Phân loại màu: trắng , đen   Chất liệu bề mặt:PU cao cấp   Hàng có sẵn giao nhanh uy tín , khách không thích cho hoàn h...",AVOCA,300000
21060256,Giày Sandal Nam Quai Chéo Teramo Xanh Đen,"MÔ TẢ SẢN PHẨM+ Giày sandal nam+ Đế cao su nguyên chất 100% có rãnh chống trơn trợt.+ Đường may tinh tế, chắc chắn.+ Quai được làm bằng vải dù có độ bền cao. + Trọng lượng chỉ 500 gram+ Được sản xuất ...",Teramo,119000
271541246,Vascara Giày Sandal Metallic Quai Mảnh - SDN 0762,"THÔNG TIN SẢN PHẨM:Chất liệu: Da nhân tạo phủ ánh kimKiểu gót: Gót nhọnĐộ cao gót: 9,00 cmLoại mũi: Hở mũi (mũi vuông)Phù hợp sử dụng: Đi làm, đi học, đi chơi HƯỚNG DẪN CHỌN SIZE:Bước 1: Ch...",Vascara,682000
273298733,Giày Sandal BIGGBEN Da Bò Thật Cao 5 Phân SDCG112,"Thương hiệu: BIGBENGiày sandal cao gótChật Liệu: Da bò thật 100%Giày Nữ với chất liệu Da Bò bền đẹp kết hợp đế cao su êm nhẹ chống trơn trượt giúp bạn Nam luôn thoải mái, tự tin khi đi chơi, ...",BIGGBEN,359000
274657498,"Giày Sandal chống kiểu dáng mới trơn, trượt – GSD9090","Thiết kế: có form giày dễ thương, năng động, cá tính2.Công nghệ đế: Giày ép đế3.Chất liệu đế: Cao su4.Giới tính áp dụng: Nam5.Nhóm Tuổi áp dụng: Teen, người lớn6.Phong cách: Hàn Quốc7.Size: 38-4...",Bee Gee,400000
270784004,Giày sandal nữ Teva Voya Infinity - 1019622-BLK,"Giày sandal nữ Teva Voya Infinity - 1019622-BLKĐặc điểm nổi bật: GIÀY XĂNG ĐAN NỮ TEVA VOYA INFINITYThanh lịch và thoải mái với lớp đế ngoài Mush nổi tiếng của Teva, Voya Infinity với thiết kế đan ...",TEVA,845000
189318903,Giày Sandal Nữ The Bily 04W 3 Quai Ngang - Màu Xám BL04WX ,"Giày Sandal The Bily  sản xuất theo công nghệ cao và hàng đầu tại Việt Nam, được thiết kế dành cho các bạn yêu thích sự tối giản, trẻ trung và tiện lợi. Giày Sandal Nữ The Bily 04W 3 Quai Ngang với ...",THE BILY,339000
276099620,Giày Sandal Nữ Da Bò Thật BIGGBEN Cao Cấp SDN110,Thương hiệu: BIGBENChất Liệu :Da bò thật 100%Kích Thước :từ 35 đến 40Đế Cao :2cmSản phẩm được bảo hành 1 năm HƯỚNG DẪN BẢO QUẢNBảo quản nơi thoáng mátTránh tiếp xúc hóa chất mạnhGiày...,BIGGBEN,299000
276671632,Giày Sandal Nữ Da Bò Thật BIGGBEN Cao Cấp SDN115,Thương hiệu: BIGBENChất Liệu :Da bò thật 100%Kích Thước :từ 35 đến 40Đế Cao :2cmSản phẩm được bảo hành 1 năm HƯỚNG DẪN BẢO QUẢNBảo quản nơi thoáng mátTránh tiếp xúc hóa chất mạnhGiày...,BIGGBEN,309000
189179216,Giày Sandal Nữ The Bily 01W Quai Chéo Dây Rút - Màu Xám BL01WX,"Giày Sandal The Bily  sản xuất theo công nghệ cao và hàng đầu tại Việt Nam, được thiết kế dành cho các bạn yêu thích sự tối giản, trẻ trung và tiện lợi. Giày Sandal Nữ The Bily 01W Quai Chéo với thi...",THE BILY,359000
139968527,Giày Sandal Nữ Quai Dây Mảnh Đế Bệt HÀ NAM Da Bò Thời Trang Cao Cấp DNU2075,"Giày Sandal Nữ Quai Dây Mảnh Đế Bệt HÀ NAM Da Bò Thời Trang Cao Cấp DNU2075Giày Dép Được Gia Công Tại Xưởng ShopHoàn Trả Tiền 100% Hoặc 1 Đổi 1 Nếu Shop Giao Không Đúng Hàng, Không Đúng Như Mô Tả...",HA NAM,138000
273297898,Giày Sandal BIGGBEN Da Bò Thật Cao 5 Phân SDCG110,"Thương hiệu: BIGBENGiày sandal cao gótChật Liệu: Da bò thật 100%Giày Nữ với chất liệu Da Bò bền đẹp kết hợp đế cao su êm nhẹ chống trơn trượt giúp bạn Nam luôn thoải mái, tự tin khi đi chơi, ...",BIGGBEN,339000
42738219,Giày Sandals nữ TLG 20795-14,"Giày Sandals nữ TLG 20795-14 với thiết kế trẻ trung nữ tính cực kì phù hợp với những bạn nữ yêu thích phong cách nhẹ nhàng, quý phái.Giày được gia công tinh tế từ chất liệu da tổng hợp mềm mịn, bón...",TLG Thành Long,150200
273836854,Giày Sandal Nam Nữ Unisex The BiLy Quai Ngang Dây Dù Đế IP Siêu Êm Nhẹ Màu Đen-BL05,"Giày Sandal Nam Nữ Unisex The BiLy Quai Ngang Dây Dù Đế IP Siêu Êm Nhẹ Màu Đen -BL05+Mô Tả Sản Phẩm:- Dòng sản phẩm The Bily 05 có nhiều size dành cho nam và nữ, có nhiều màu sắc, thời trang dễ dàng...",THE BILY,349000
273837581,Giày Sandal Nam Nữ Unisex The BiLy Quai Ngang Dây Dù Đế IP Siêu Êm Nhẹ Màu Xám Cam-BL05,"Giày Sandal Nam Nữ Unisex The BiLy Quai Ngang Dây Dù Đế IP Siêu Êm Nhẹ Màu Xám Cam-BL05+Mô Tả Sản Phẩm:- Dòng sản phẩm The Bily 05 có nhiều size dành cho nam và nữ, có nhiều màu sắc, thời trang dễ d...",THE BILY,349000
275853154,Giày Sandal Nữ Da Bò Thật BIGGBEN Cao 5 phân SDN104,Thương hiệu: BIGBENChất Liệu :Da bò thật 100%Kích Thước :từ 35 đến 40Đế Cao :5 cmSản phẩm được bảo hành 1 năm HƯỚNG DẪN BẢO QUẢNBảo quản nơi thoáng mátTránh tiếp xúc hóa chất mạnhGià...,BIGGBEN,349000
189289457,Giày Sandal Nữ The Bily 03W Quai Ngang - Màu Đen BL03WD ,"Giày Sandal The Bily  sản xuất theo công nghệ cao và hàng đầu tại Việt Nam, được thiết kế dành cho các bạn yêu thích sự tối giản, trẻ trung và tiện lợi. Giày Sandal Nữ The Bily 03W Quai Ngang với th...",THE BILY,329000
200736377,Giày sandal nữ đế bằng 4cm da bò thật màu đen Trường hải SD135,Chất liệu quai: Phần quai dép được làm bằng chất liệu da bò cao cấpXăng đan nữ đế xuồng Trường Hải được sản xuất tại việt nam. Hàng gia công đường may chắc chắn tỉ mỉĐế :dép được làm bằng cao su mềm...,Trường Hải,243000
245773289,Giày Sandal Nữ The Bily 04W 3 Quai Ngang - Màu Đỏ BL04WD ,"Giày Sandal The Bily  sản xuất theo công nghệ cao và hàng đầu tại Việt Nam, được thiết kế dành cho các bạn yêu thích sự tối giản, trẻ trung và tiện lợi. Giày Sandal Nữ The Bily 04W 3 Quai Ngang với ...",THE BILY,379000
271422903,Giày Sandal Xỏ Ngón BIGGBEN Da Bò Thật Cao 3 Phân SDCG97,"Thương hiệu: BIGBENGiày sandal xỏ ngón nữChật Liệu: Da bò thật 100%Giày Nữ với chất liệu Da Bò bền đẹp kết hợp đế cao su êm nhẹ chống trơn trượt giúp bạn Nam luôn thoải mái, tự tin khi đi chơ...",BIGGBEN,299000
149147409,Giày Sandal Nữ HÀ NAM Da Bò Thật Cao Cấp 5cm DNU2093,"Giày Sandal Nữ HÀ NAM Da Bò Thật Cao Cấp 5cm DNU2093Giày Dép Được Gia Công Tại Xưởng ShopHoàn Trả Tiền 100% Hoặc 1 Đổi 1 Nếu Shop Giao Không Đúng Hàng, Không Đúng Như Mô Tả+ THÔNG TIN SẢN PHẨM  ...",HA NAM,186000
56747495,Giày sandal nữ TRƯỜNG HẢI thời trang cao cấp đế kếp siêu nhẹ XDN0159,"Thông tin chi tiết sản phẩm :Màu : Đen, vàng bòXuất xứ : Việt NamChất liệu đế: nhựa kếp siêu nhẹChất liệu quai : similiSize: 35-36-37-38-39 Dép quai hậu nữ được làm bằng nguyên liệu cao cấp , c...",Trường Hải,241000
273659266,Giày Sandal BIGGBEN Da Bò Thật Cao 5 Phân SDCG114,"Thương hiệu: BIGBENGiày sandal cao gótChật Liệu: Da bò thật 100%Giày Nữ với chất liệu Da Bò bền đẹp kết hợp đế cao su êm nhẹ chống trơn trượt giúp bạn Nam luôn thoải mái, tự tin khi đi chơi, ...",BIGGBEN,349000
217760265,Giày Sandal Nữ Quai Dây Mảnh TiTi ĐÔ Thời Trang Cao Cấp DNU2110d,"Giày Sandal Nữ Quai Dây Mảnh TiTi ĐÔ Thời Trang Cao Cấp DNU2110d- Giày Dép Được Gia Công Tại Xưởng Shop- Hoàn Trả Tiền 100% Hoặc 1 Đổi 1 Nếu Shop Giao Không Đúng Hàng, Không Đúng Như Mô Tả.+ THÔ...",HA NAM,129000
59206687,GIày Sandal Nam Da Bò BIGGBEN Cao Cấp SD105,"Sandal Nam với chất liệu bền đẹp kết hợp đế cao su êm nhẹ chống trơn trượt giúp bạn Nam luôn thoải mái, tự tin khi đi chơi, dạo phố, đi làm nơi công sở hay đi dự tiệc.Sandal nam được xử lý đặc biệt ...",BIGGBEN,349000
273872370,Giày Sandal Nam Nữ Unisex The BiLy Quai Ngang Dây Dù Đế IP Siêu Êm Nhẹ Màu Đen-BL08,"Giày Sandal Nam Nữ Unisex The BiLy Quai Ngang Dây Dù Đế IP Siêu Êm Nhẹ Màu Đen -BL08+Mô Tả Sản Phẩm:- Dòng sản phẩm The Bily 09 có nhiều size dành cho nam và nữ, có nhiều màu sắc, thời trang dễ dàng...",THE BILY,349000
275851525,Giày Sandal Nữ Da Bò Thật BIGGBEN Cao 5 phân SDN103,Thương hiệu: BIGBENChất Liệu :Da bò thật 100%Kích Thước :từ 35 đến 40Đế Cao :5 cmSản phẩm được bảo hành 1 năm HƯỚNG DẪN BẢO QUẢNBảo quản nơi thoáng mátTránh tiếp xúc hóa chất mạnhGià...,BIGGBEN,329000
273872897,Giày Sandal Nam Nữ Unisex The BiLy Quai Ngang Dây Dù Đế Phylon Siêu Êm Nhẹ Màu Xám-BL10,"Giày Sandal Nam Nữ Unisex The BiLy Quai Ngang Dây Dù Đế IP Siêu Êm Nhẹ Màu Xám -BL10+Mô Tả Sản Phẩm:- Dòng sản phẩm The Bily 10 có nhiều size dành cho nam và nữ, có nhiều màu sắc, thời trang dễ dàng...",THE BILY,349000
273872871,Giày Sandal Nam Nữ Unisex The BiLy Quai Ngang Dây Dù Đế Phylon Siêu Êm Nhẹ Màu Đen-BL10,"Giày Sandal Nam Nữ Unisex The BiLy Quai Ngang Dây Dù Đế IP Siêu Êm Nhẹ Màu Đen -BL10+Mô Tả Sản Phẩm:- Dòng sản phẩm The Bily 10 có nhiều size dành cho nam và nữ, có nhiều màu sắc, thời trang dễ dàng...",THE BILY,349000
15333738,Giày Sandal Kẹp Nữ BIGGBEN Da Bò Thật SDN31,"Sandal Nữ với chất liệu da bò bền đẹp kết hợp đế cao su êm nhẹ chống trơn trượt giúp bạn Nữ luôn thoải mái, tự tin khi đi chơi, dạo phố, đi làm nơi công sở hay đi dự tiệc.Sandal Nữ được xử lý đặc biệ...",BIGGBEN,329000
245772951,Giày Sandal Nữ The Bily 03W Quai Ngang - Màu Đỏ BL03WD ,"Giày Sandal The Bily  sản xuất theo công nghệ cao và hàng đầu tại Việt Nam, được thiết kế dành cho các bạn yêu thích sự tối giản, trẻ trung và tiện lợi. Giày Sandal Nữ The Bily 03W Quai Ngang với th...",THE BILY,369000
275416803,Giày Sandal Nữ Da Bò Thật BIGGBEN Cao 5 phân SDN102,Thương hiệu: BIGBENChất Liệu :Da bò thật 100%Kích Thước :từ 35 đến 40Đế Cao :5 cmSản phẩm được bảo hành 1 năm HƯỚNG DẪN BẢO QUẢNBảo quản nơi thoáng mátTránh tiếp xúc hóa chất mạnhGià...,BIGGBEN,329000
245774219,Giày Sandal Nữ The Bily 04W 3 Quai Ngang - Màu Kem BL04WK,"Giày Sandal The Bily  sản xuất theo công nghệ cao và hàng đầu tại Việt Nam, được thiết kế dành cho các bạn yêu thích sự tối giản, trẻ trung và tiện lợi. Giày Sandal Nữ The Bily 04W 3 Quai Ngang với ...",THE BILY,379000
59455132,Giày sandal nữ Trường Hải  da bò thật màu nâu  HÌNH ẢNH THẬT,"Xăng đan nữ đế bằng được sản xuất tại Việt nam được làm bằng da bò cao cấp . mềm mại, êm ái khi di chuyểnDép được thiết kế đơn giản trẻ trung. mặt dép êm áiĐế dép được làm bằng kếp mềm không trơn trượ...",Trường Hải,210000
273837299,Giày Sandal Nam Nữ Unisex The BiLy Quai Ngang Dây Dù Đế IP Siêu Êm Nhẹ Màu Xám Trắng-BL05,"Giày Sandal Nam Nữ Unisex The BiLy Quai Ngang Dây Dù Đế IP Siêu Êm Nhẹ Màu Xám Trắng -BL05+Mô Tả Sản Phẩm:- Dòng sản phẩm The Bily 05 có nhiều size dành cho nam và nữ, có nhiều màu sắc, thời trang d...",THE BILY,349000
196215025,Giày/dép Sandal Vento DARIUS Nam màu Tro đi học/đi làm SD-NB10607,"_ Giày dép Sandal Vento được sản xuất trên thiết bị và kỹ thuật công nghệ cao của Nhật. Chất liệu sản phẩm cao cấp không gây hôi chân._ Giày dép Sandal Vento được thiết kế thời trang, kiểu dáng đơn g...",Vento,395000
200736328,Giày sandal nữ đế xuông cao 9cm da bò thật màu trắng Trường hải SD146 FORM NHỎ HƠN 1 SIZE,"Chiều cao dép : 9 cmXuất xứ: Việt NamMàu: đen, trắng• Kiểu dáng mới nhất : Xăng đan nữ đế xuồng•Chất liệu Quai : da bò thật mềm mại tuyệt đối không bong tróc hay nổ da• Xu hướng thời trang mới , ...",Trường Hải,276000
217759811,Giày Sandal Nữ Quai Dây Mảnh TiTi ĐÔ Thời Trang Cao Cấp DNU2075d,"Giày Sandal Nữ Quai Dây Mảnh TiTi ĐÔ Thời Trang Cao Cấp DNU2075d- Giày Dép Được Gia Công Tại Xưởng Shop- Hoàn Trả Tiền 100% Hoặc 1 Đổi 1 Nếu Shop Giao Không Đúng Hàng, Không Đúng Như Mô Tả.+ THÔ...",HA NAM,129000
72101747,Giày Sandal Cao Gót BIGGBEN Da Bò Thật SDCG56,"Sandal Nữ sản phẩm được thiết kế bền đẹp kết hợp đế cao su êm nhẹ giúp bạn Nữ luôn thoải mái, tự tin khi đi chơi, dạo phố, đi làm nơi công sở hay đi dự tiệc.Được làm Bằng chất liệu Da Bò Thật 100% ...",BIGGBEN,349000
48226182,GIày Sandal Nam Da Bò BIGGBEN Cao Cấp SD96,"Sandal Nam với chất liệu Da Bò bền đẹp kết hợp đế cao su êm nhẹ chống trơn trượt giúp bạn Nam luôn thoải mái, tự tin khi đi chơi, dạo phố, đi làm nơi công sở hay đi dự tiệc.Sandal nam được xử lý đặc...",BIGGBEN,369000
37703250,Giày Sandal Cao Gót BIGGBEN Da Bò Thật SDCG37,"Sandal Nữ sản phẩm được thiết kế bền đẹp kết hợp đế cao su êm nhẹ giúp bạn Nữ luôn thoải mái, tự tin khi đi chơi, dạo phố, đi làm nơi công sở hay đi dự tiệc.Được làm Bằng chất liệu Da Bò Thật 100% ...",BIGGBEN,369000
277306138,"Giày Sandal quai hậu siêu nhẹ, êm nhẹ chống trơn trượt  – GSD9146","1.Thiết kế: có form giày dễ thương, năng động, cá tính2.Công nghệ đế: Giày ép đế3.Chất liệu đế: Cao su4.Giới tính áp dụng: Nữ5.Nhóm Tuổi áp dụng: Teen, người lớn6.Phong cách: Hàn Quốc7.Size: 35-...",Bee Gee,440000
153564031,Giày Sandal Nữ Đế Bệt HÀ NAM Da Bò Thật Cao Cấp DNU2110,"Giày Sandal Nữ Đế Bệt HÀ NAM Da Bò Thật Cao Cấp DNU2110Giày Dép Được Gia Công Tại Xưởng ShopHoàn Trả Tiền 100% Hoặc 1 Đổi 1 Nếu Shop Giao Không Đúng Hàng, Không Đúng Như Mô Tả+ THÔNG TIN SẢN PHẨ...",HA NAM,148000
195328932,Giày/dép Sandal Vento DARIUS Nam màu Đen đi học/đi làm SD-NB10607,  0.0 ...,Vento,395000
273839585,Giày Sandal Nam Nữ Unisex The BiLy Quai Ngang Dây Dù Đế IP Siêu Êm Nhẹ Màu Đen- BL07 Đen,"Giày Sandal Nam Nữ Unisex The BiLy Quai Ngang Dây Dù Đế IP Siêu Êm Nhẹ Màu Đen -BL07 Đen+Mô Tả Sản Phẩm:- Dòng sản phẩm The Bily 07 có nhiều size dành cho nam và nữ, có nhiều màu sắc, thời trang dễ ...",THE BILY,349000
273872582,Giày Sandal Nam Nữ Unisex The BiLy Quai Ngang Dây Dù Đế IP Siêu Êm Nhẹ Màu Xanh Kem-BL08,"Giày Sandal Nam Nữ Unisex The BiLy Quai Ngang Dây Dù Đế IP Siêu Êm Nhẹ Màu Xanh Kem -BL08+Mô Tả Sản Phẩm:- Dòng sản phẩm The Bily 09 có nhiều size dành cho nam và nữ, có nhiều màu sắc, thời trang dễ...",THE BILY,349000
195283840,Giày dép Sandal Vento VEGA II Nam Nữ đi chơi đi học đi làm NB10602,  Giày Sandal Vento VEGA II Nam Màu Đen   THÔNG TIN SẢN PHẨM:   Giày dép Sandal Vento VEGA II Nam màu Đen   Size: Từ 36-44   Chất liệu: Đế cao su đúc dây dù êm nhẹ   Giá bán lẻ: 425.000 VNĐ   M...,Vento,345000
193666986,Dép sandal  Bitas SYN.242_VBO,"       Sandal đế bằng nữ SYN.242 với thiết kế phần quai độc đáo, sang trọng, nhiều màu sắc lựa chọn. Sản phẩm sử dụng chất liệu có độ bền cao, với form dáng ôm chân nhưng vẫn thoải mái khi di chuy...",Bita's,250000
273839418,Giày Sandal Nam Nữ Unisex The BiLy Quai Ngang Dây Dù Đế IP Siêu Êm Nhẹ Màu Xanh Trắng-BL05,"Giày Sandal Nam Nữ Unisex The BiLy Quai Ngang Dây Dù Đế IP Siêu Êm Nhẹ Màu Xanh Trắng -BL05+Mô Tả Sản Phẩm:- Dòng sản phẩm The Bily 05 có nhiều size dành cho nam và nữ, có nhiều màu sắc, thời trang ...",THE BILY,349000
245773108,Giày Sandal Nữ The Bily 03W Quai Ngang - Màu Kem BL03WK ,"Giày Sandal The Bily  sản xuất theo công nghệ cao và hàng đầu tại Việt Nam, được thiết kế dành cho các bạn yêu thích sự tối giản, trẻ trung và tiện lợi. Giày Sandal Nữ The Bily 03W Quai Ngang với th...",THE BILY,369000
205820269,Dép sandal nữ Bitas SYN.187_DEN,"       Sandal nữ với kiểu dáng thời trang trẻ trung mang lại sự tiện dụng giúp đôi chân luôn thông thoáng và cho thời gian sử dụng lâu dài. Ngoài ra, giày còn được thiết kế êm chân mang đến cho Bạ...",Bita's,260000
21056227,Giày Sandals Nữ Quai Hậu Teramo TRM12,"MÔ TẢ SẢN PHẨM+ Giày sandal nữ + Đế cao su nguyên chất 100% có rãnh chống trơn trợt.+ Đường may tinh tế, chắc chắn.+ Quai được làm bằng vải dù có độ bền cao. + Trọng lượng chỉ 500 gram+ Được sản xuất ...",Teramo,119000
270979519,Giày sandal nữ Teva Hurricane Xlt2 - 1019235-BTNM,"Giày sandal nữ Teva Hurricane Xlt2 - 1019235-BTNMĐặc điểm nổi bật: GIÀY XĂNG ĐAN NỮ TEVA HURRICANE XLT2Bản nâng cấp mới của Hurricane XLT, Hurricane XLT2 hoàn toàn mới mẻ, được trang bị đệm lót gót c...",TEVA,862000
245773835,Giày Sandal Nữ The Bily 04W 3 Quai Ngang - Màu Cam BL04WC,"Giày Sandal The Bily  sản xuất theo công nghệ cao và hàng đầu tại Việt Nam, được thiết kế dành cho các bạn yêu thích sự tối giản, trẻ trung và tiện lợi. Giày Sandal Nữ The Bily 04W 3 Quai Ngang với ...",THE BILY,379000
150788748,Giày Sandal Nam The Bily Quai Chéo - Màu Đen BL01D,"Giày Sandal The Bily  sản xuất theo công nghệ cao và hàng đầu tại Việt Nam, được thiết kế dành cho các bạn yêu thích sự tối giản, trẻ trung và tiện lợi. Giày Sandal Nam The Bily 01 Quai Chéo với thi...",THE BILY,319000
206952681,Giày Sandal Nữ The Bily 01W Quai Chéo Dây Rút - Màu Đỏ BL01W,"Giày Sandal The Bily  sản xuất theo công nghệ cao và hàng đầu tại Việt Nam, được thiết kế dành cho các bạn yêu thích sự tối giản, trẻ trung và tiện lợi. Giày Sandal Nữ The Bily 01W Quai Chéo với thi...",THE BILY,399000
