id,name,breadcrumbs,url_key,image_base_url,rating_average,review_count,quantity_sold,brand_name,current_seller,inventory_status,stock_item_qty,original_price,discount,URL_seller,Rating_seller,Seller_Type,Seller_Location
276003962,Nước tẩy trang bí đao Cocoon 500ml,"[{'url': '/lam-dep-suc-khoe/c1520', 'name': 'Làm Đẹp - Sức Khỏe', 'category_id': 1520}, {'url': '/cham-soc-da-mat/c1582', 'name': 'Chăm sóc da mặt', 'category_id': 1582}, {'url': '/dung-dich-tay-trang/c11605', 'name': 'Dung dịch tẩy trang', 'category_id': 11605}, {'url': 'https://tiki.vn/nuoc-tay-trang-bi-dao-500ml-p276003962.html', 'name': 'Nước tẩy trang bí đao Cocoon 500ml', 'category_id': 0}]",nuoc-tay-trang-bi-dao-500ml-p276003962,https://salt.tikicdn.com/ts/product/9d/64/ac/68b50c018814da88eaf1b89f38ee6b4a.png,5.0,11,"{'text': 'Đã bán 7k', 'value': 7126}",The Cocoon Original Vietnam,Tiki Trading,available,1000,295000,0,https://tiki.vn/cua-hang/tiki-trading,,,
275970393,Nước dưỡng tóc tinh dầu bưởi Cocoon 140ml - NEW,"[{'url': '/lam-dep-suc-khoe/c1520', 'name': 'Làm Đẹp - Sức Khỏe', 'category_id': 1520}, {'url': '/cham-soc-toc-da-dau/c1591', 'name': 'Chăm sóc tóc và da đầu', 'category_id': 1591}, {'url': '/duong-toc-u-toc/c7065', 'name': 'Dưỡng tóc, ủ tóc', 'category_id': 7065}, {'url': '/serum-dau-duong-toc/c11821', 'name': 'Serum, dầu dưỡng tóc', 'category_id': 11821}, {'url': '/duong-moc-toc/c68290', 'name': 'Dưỡng mọc tóc', 'category_id': 68290}, {'url': 'https://tiki.vn/nuoc-duong-toc-tinh-dau-buoi-140ml-new-p275970393.html', 'name': 'Nước dưỡng tóc tinh dầu bưởi Cocoon 140ml - NEW', 'category_id': 0}]",nuoc-duong-toc-tinh-dau-buoi-140ml-new-p275970393,https://salt.tikicdn.com/ts/product/98/2b/f6/89490cf05c030c3474e563aba409d10b.png,4.7,17,"{'text': 'Đã bán 9k', 'value': 9554}",The Cocoon Original Vietnam,Tiki Trading,available,1000,154688,0,https://tiki.vn/cua-hang/tiki-trading,,,
273598230,Máy Tăm Nước Không Dây LocknLock Cordless Oral Irrigator ,"[{'url': '/lam-dep-suc-khoe/c1520', 'name': 'Làm Đẹp - Sức Khỏe', 'category_id': 1520}, {'url': '/cham-soc-rang-mieng/c1625', 'name': 'Chăm sóc răng miệng', 'category_id': 1625}, {'url': '/may-tam-nuoc/c68324', 'name': 'Máy tăm nước', 'category_id': 68324}, {'url': '/may-tam-nuoc-cam-tay/c68327', 'name': 'Máy tăm nước cầm tay', 'category_id': 68327}, {'url': 'https://tiki.vn/may-tam-nuoc-khong-day-locknlock-cordless-oral-irrigator-p273598230.html', 'name': 'Máy Tăm Nước Không Dây LocknLock Cordless Oral Irrigator ', 'category_id': 0}]",may-tam-nuoc-khong-day-locknlock-cordless-oral-irrigator-p273598230,https://salt.tikicdn.com/ts/product/14/30/51/1ea1a670dd4e1c98eab2bdf28d4f869e.jpg,4.7,1979,"{'text': 'Đã bán 11k', 'value': 11116}",LocknLock,Tiki Trading,available,1000,1263000,103000,https://tiki.vn/cua-hang/tiki-trading,,,
191680827,Kem chống nắng nâng tông kiềm dầu innisfree Tone Up No Sebum Sunscreen EX SPF 50+ PA++++ 60 mL (New 2023),"[{'url': '/lam-dep-suc-khoe/c1520', 'name': 'Làm Đẹp - Sức Khỏe', 'category_id': 1520}, {'url': '/cham-soc-da-mat/c1582', 'name': 'Chăm sóc da mặt', 'category_id': 1582}, {'url': '/kem-chong-nang/c3422', 'name': 'Kem chống nắng', 'category_id': 3422}, {'url': 'https://tiki.vn/kem-chong-nang-nang-tong-kiem-dau-innisfree-tone-up-no-sebum-sunscreen-ex-spf-50-pa-60-ml-new-2023-p191680827.html', 'name': 'Kem chống nắng nâng tông kiềm dầu innisfree Tone Up No Sebum Sunscreen EX SPF 50+ PA++++ 60 mL (New 2023)', 'category_id': 0}]",kem-chong-nang-nang-tong-kiem-dau-innisfree-tone-up-no-sebum-sunscreen-ex-spf-50-pa-60-ml-new-2023-p191680827,https://salt.tikicdn.com/ts/product/7f/6d/54/860733d070430e2287391d34e3bfbbb3.jpg,4.8,140,"{'text': 'Đã bán 1k', 'value': 1512}",Innisfree,Tiki Trading,available,1000,450000,95000,https://tiki.vn/cua-hang/tiki-trading,,,
186434710,Túi chườm nóng thảo dược giảm đau nhức mỏi mắt dùng lò vi sóng - Hapaku,"[{'url': '/lam-dep-suc-khoe/c1520', 'name': 'Làm Đẹp - Sức Khỏe', 'category_id': 1520}, {'url': '/may-massage-thiet-bi-cham-soc-suc-khoe/c2307', 'name': 'Máy Massage & Thiết bị chăm sóc sức khỏe', 'category_id': 2307}, {'url': '/tui-chuom/c11923', 'name': 'Túi chườm', 'category_id': 11923}, {'url': '/chuom-nong/c68192', 'name': 'Chườm nóng', 'category_id': 68192}, {'url': 'https://tiki.vn/tui-chuom-nong-thao-duoc-giam-dau-nhuc-moi-mat-dung-lo-vi-song-hapaku-p186434710.html', 'name': 'Túi chườm nóng thảo dược giảm đau nhức mỏi mắt dùng lò vi sóng - Hapaku', 'category_id': 0}]",tui-chuom-nong-thao-duoc-giam-dau-nhuc-moi-mat-dung-lo-vi-song-hapaku-p186434710,https://salt.tikicdn.com/ts/product/67/24/fc/c779443473e597c3857eb60482abacb5.png,4.7,283,"{'text': 'Đã bán 4k', 'value': 4999}",Hapaku,Hapaku Officialstore,available,1000,359000,0,https://tiki.vn/cua-hang/hapaku-officialstore,,,
179988643,Combo 2 Nước Rửa Tay Lifebuoy Chăm Sóc Da Giúp Dưỡng ẩm Mềm Mại Và Bảo Vệ Khỏi 99.9% Vi Khuẩn Trên Tay Chai 450G,"[{'url': '/lam-dep-suc-khoe/c1520', 'name': 'Làm Đẹp - Sức Khỏe', 'category_id': 1520}, {'url': '/cham-soc-ca-nhan/c1594', 'name': 'Chăm sóc cá nhân', 'category_id': 1594}, {'url': '/cham-soc-tay-chan/c68589', 'name': 'Chăm sóc tay, chân', 'category_id': 68589}, {'url': '/nuoc-rua-tay/c68591', 'name': 'Nước rửa tay', 'category_id': 68591}, {'url': 'https://tiki.vn/combo-2-nuoc-rua-tay-lifebuoy-cham-soc-da-giup-duong-am-mem-mai-va-bao-ve-khoi-99-9-vi-khuan-tren-tay-chai-450g-p179988643.html', 'name': 'Combo 2 Nước Rửa Tay Lifebuoy Chăm Sóc Da Giúp Dưỡng ẩm Mềm Mại Và Bảo Vệ Khỏi 99.9% Vi Khuẩn Trên Tay Chai 450G', 'category_id': 0}]",combo-2-nuoc-rua-tay-lifebuoy-cham-soc-da-giup-duong-am-mem-mai-va-bao-ve-khoi-99-9-vi-khuan-tren-tay-chai-450g-p179988643,https://salt.tikicdn.com/ts/product/73/3a/0a/bc20e2d8505b04acda469839e4aaaa0f.png,5.0,151,"{'text': 'Đã bán 7k', 'value': 7420}",Lifebuoy,Tiki Trading,available,1000,170000,0,https://tiki.vn/cua-hang/tiki-trading,,,
177911621,Gương trang điểm để bàn có đèn LED Xiaomi Jordan Judy NV026 - Hàng Chính Hãng,"[{'url': '/lam-dep-suc-khoe/c1520', 'name': 'Làm Đẹp - Sức Khỏe', 'category_id': 1520}, {'url': '/trang-diem/c1584', 'name': 'Trang điểm ', 'category_id': 1584}, {'url': '/dung-cu-trang-diem/c1589', 'name': 'Dụng cụ trang điểm', 'category_id': 1589}, {'url': '/guong-trang-diem/c8198', 'name': 'Gương trang điểm', 'category_id': 8198}, {'url': 'https://tiki.vn/guong-trang-diem-de-ban-co-den-led-xiaomi-jordan-judy-nv026-hang-chinh-hang-p177911621.html', 'name': 'Gương trang điểm để bàn có đèn LED Xiaomi Jordan Judy NV026 - Hàng Chính Hãng', 'category_id': 0}]",guong-trang-diem-de-ban-co-den-led-xiaomi-jordan-judy-nv026-hang-chinh-hang-p177911621,https://salt.tikicdn.com/ts/product/5d/c2/f2/606ba9d4118df884861b98b9d5c3a493.jpg,5.0,93,"{'text': 'Đã bán 700', 'value': 700}",Jordan&Judy,Mi Hoàng Gia,available,1000,169000,0,https://tiki.vn/cua-hang/mi-hoang-gia,,,
171564906,"Dầu gội Selsun chống gàu, sạch gàu & hết ngứa da đầu Selsun Anti-Dandruff Shampoo 250ml","[{'url': '/lam-dep-suc-khoe/c1520', 'name': 'Làm Đẹp - Sức Khỏe', 'category_id': 1520}, {'url': '/cham-soc-toc-da-dau/c1591', 'name': 'Chăm sóc tóc và da đầu', 'category_id': 1591}, {'url': '/dau-goi-dau-xa/c8222', 'name': 'Dầu gội, dầu xả', 'category_id': 8222}, {'url': '/dau-goi/c1613', 'name': 'Dầu Gội', 'category_id': 1613}, {'url': '/dau-goi-sach-gau/c68295', 'name': 'Dầu gội sạch gàu', 'category_id': 68295}, {'url': 'https://tiki.vn/dau-goi-selsun-chong-gau-sach-gau-het-ngua-da-dau-selsun-anti-dandruff-shampoo-250ml-p171564906.html', 'name': 'Dầu gội Selsun chống gàu, sạch gàu & hết ngứa da đầu Selsun Anti-Dandruff Shampoo 250ml', 'category_id': 0}]",dau-goi-selsun-chong-gau-sach-gau-het-ngua-da-dau-selsun-anti-dandruff-shampoo-250ml-p171564906,https://salt.tikicdn.com/ts/product/b6/5f/9f/74fb1cac9c0294f78cfb71320c08e0a2.jpg,4.8,446,"{'text': 'Đã bán 10k', 'value': 10637}",Selsun,Tiki Trading,available,1000,223000,42000,https://tiki.vn/cua-hang/tiki-trading,,,
168562118,Dung Dịch Vệ Sinh Nam X2 Manly - Làm sạch tức thì Lưu hương 24h dung tích 150g Cocayhoala,"[{'url': '/lam-dep-suc-khoe/c1520', 'name': 'Làm Đẹp - Sức Khỏe', 'category_id': 1520}, {'url': '/cham-soc-ca-nhan/c1594', 'name': 'Chăm sóc cá nhân', 'category_id': 1594}, {'url': '/dung-dich-ve-sinh/c1752', 'name': 'Dung dịch vệ sinh', 'category_id': 1752}, {'url': '/dung-dich-ve-sinh-nam/c68166', 'name': 'Dung dịch vệ sinh nam', 'category_id': 68166}, {'url': 'https://tiki.vn/dung-dich-ve-sinh-nam-x2-manly-lam-sach-tuc-thi-luu-huong-24h-dung-tich-150g-cocayhoala-p168562118.html', 'name': 'Dung Dịch Vệ Sinh Nam X2 Manly - Làm sạch tức thì Lưu hương 24h dung tích 150g Cocayhoala', 'category_id': 0}]",dung-dich-ve-sinh-nam-x2-manly-lam-sach-tuc-thi-luu-huong-24h-dung-tich-150g-cocayhoala-p168562118,https://salt.tikicdn.com/ts/product/9e/56/8a/bc1051c0ebf57aa97af66929d04e0b61.jpg,0.0,0,"{'text': 'Đã bán 9', 'value': 9}",COCAYHOALA,Minhlam Store,available,1000,149000,4500,https://tiki.vn/cua-hang/minhlam-store,,,
128912879,"Túi chườm bụng kinh 700ml, túi chườm nóng giảm đau bụng đau lưng nam tặng nữ","[{'url': '/lam-dep-suc-khoe/c1520', 'name': 'Làm Đẹp - Sức Khỏe', 'category_id': 1520}, {'url': '/may-massage-thiet-bi-cham-soc-suc-khoe/c2307', 'name': 'Máy Massage & Thiết bị chăm sóc sức khỏe', 'category_id': 2307}, {'url': '/tui-chuom/c11923', 'name': 'Túi chườm', 'category_id': 11923}, {'url': '/chuom-nong/c68192', 'name': 'Chườm nóng', 'category_id': 68192}, {'url': 'https://tiki.vn/tui-chuom-bung-kinh-700ml-tui-chuom-nong-giam-dau-bung-dau-lung-nam-tang-nu-p128912879.html', 'name': 'Túi chườm bụng kinh 700ml, túi chườm nóng giảm đau bụng đau lưng nam tặng nữ', 'category_id': 0}]",tui-chuom-bung-kinh-700ml-tui-chuom-nong-giam-dau-bung-dau-lung-nam-tang-nu-p128912879,https://salt.tikicdn.com/ts/product/81/7a/f0/f7abcac120248cf2b4a5794aa9306883.png,4.8,175,"{'text': 'Đã bán 1k', 'value': 1136}",PH PUHA,PH PUHA Official,available,1000,169000,0,https://tiki.vn/cua-hang/giay-tap-di-puha,,,
121485349,"[Nhập Coupon giảm ngay 50K]Bàn Chải Điện P/S S100 PRO - Công Nghệ Sóng Âm, Chải Sạch Mảng Bám Tới 10X - Trắng Sáng","[{'url': '/lam-dep-suc-khoe/c1520', 'name': 'Làm Đẹp - Sức Khỏe', 'category_id': 1520}, {'url': '/cham-soc-rang-mieng/c1625', 'name': 'Chăm sóc răng miệng', 'category_id': 1625}, {'url': '/ban-chai-danh-rang/c11833', 'name': 'Bàn chải đánh răng', 'category_id': 11833}, {'url': '/ban-chai-dien/c53348', 'name': 'Bàn chải điện', 'category_id': 53348}, {'url': '/than-ban-chai-dien/c68303', 'name': 'Thân bàn chải điện', 'category_id': 68303}, {'url': '/ban-chai-dien-song-am/c68308', 'name': 'Bàn chải điện sóng âm', 'category_id': 68308}, {'url': 'https://tiki.vn/ban-chai-dien-p-s-s100-pro-cong-nghe-song-am-chai-sach-mang-bam-toi-10x-trang-sang-p121485349.html', 'name': '[Nhập Coupon giảm ngay 50K]Bàn Chải Điện P/S S100 PRO - Công Nghệ Sóng Âm, Chải Sạch Mảng Bám Tới 10X - Trắng Sáng', 'category_id': 0}]",ban-chai-dien-p-s-s100-pro-cong-nghe-song-am-chai-sach-mang-bam-toi-10x-trang-sang-p121485349,https://salt.tikicdn.com/ts/product/1c/d4/59/973c2cb3a80570ae746d4942673f436e.png,4.7,937,"{'text': 'Đã bán 4k', 'value': 4108}",P/S,Tiki Trading,available,1000,1300006,451006,https://tiki.vn/cua-hang/tiki-trading,,,
118708687,Máy Đo Nồng Độ Oxy Trong Máu và Nhịp Tim Dạng Kẹp Ngón Tay KINGTECH PULSE SPO2 - Hàng Chuẩn,"[{'url': '/lam-dep-suc-khoe/c1520', 'name': 'Làm Đẹp - Sức Khỏe', 'category_id': 1520}, {'url': '/may-massage-thiet-bi-cham-soc-suc-khoe/c2307', 'name': 'Máy Massage & Thiết bị chăm sóc sức khỏe', 'category_id': 2307}, {'url': '/dung-cu-theo-doi-suc-khoe/c11903', 'name': 'Dụng cụ theo dõi sức khỏe', 'category_id': 11903}, {'url': '/may-do-nong-do-oxy-mau/c11907', 'name': 'Máy đo nồng độ oxy máu', 'category_id': 11907}, {'url': 'https://tiki.vn/may-do-nong-do-oxy-trong-mau-va-nhip-tim-dang-kep-ngon-tay-kingtech-pulse-spo2-hang-chuan-p118708687.html', 'name': 'Máy Đo Nồng Độ Oxy Trong Máu và Nhịp Tim Dạng Kẹp Ngón Tay KINGTECH PULSE SPO2 - Hàng Chuẩn', 'category_id': 0}]",may-do-nong-do-oxy-trong-mau-va-nhip-tim-dang-kep-ngon-tay-kingtech-pulse-spo2-hang-chuan-p118708687,https://salt.tikicdn.com/ts/product/25/32/0d/9dec64856bce74d8bb6a58804a797c5b.jpg,4.8,1459,"{'text': 'Đã bán 6k', 'value': 6205}",KINGTECH,KING TECH OFFICIAL STORE,available,1000,495000,245000,https://tiki.vn/cua-hang/king-tech-official-store,,,
108535251,Bao cao su Sagami 002 - Siêu mỏng - Non Latex - Hộp 6 chiếc,"[{'url': '/lam-dep-suc-khoe/c1520', 'name': 'Làm Đẹp - Sức Khỏe', 'category_id': 1520}, {'url': '/ho-tro-tinh-duc/c8142', 'name': 'Hỗ trợ tình dục', 'category_id': 8142}, {'url': '/bao-cao-su/c1630', 'name': 'Bao cao su', 'category_id': 1630}, {'url': 'https://tiki.vn/bao-cao-su-sagami-002-sieu-mong-non-latex-hop-6-chiec-p108535251.html', 'name': 'Bao cao su Sagami 002 - Siêu mỏng - Non Latex - Hộp 6 chiếc', 'category_id': 0}]",bao-cao-su-sagami-002-sieu-mong-non-latex-hop-6-chiec-p108535251,https://salt.tikicdn.com/ts/product/63/cd/80/5f169562fdde38545c7fd66f34038004.png,4.3,4,"{'text': 'Đã bán 59', 'value': 59}",Sagami,Thiết bị y tế Gia Đình HME,available,1000,218000,3000,https://tiki.vn/cua-hang/thiet-bi-y-te-gia-dinh-hme,,,
95253531,"Combo Dầu gội, Dầu xả & Kem ủ TRESEMME Keratin Smooth Dưỡng tóc vào nếp suôn mượt vào nếp suôn mượt Công thức chuẩn salon Hydrolyzed Keratin 640g, 620g, 180ml","[{'url': '/lam-dep-suc-khoe/c1520', 'name': 'Làm Đẹp - Sức Khỏe', 'category_id': 1520}, {'url': '/cham-soc-toc-da-dau/c1591', 'name': 'Chăm sóc tóc và da đầu', 'category_id': 1591}, {'url': '/dau-goi-dau-xa/c8222', 'name': 'Dầu gội, dầu xả', 'category_id': 8222}, {'url': '/dau-goi/c1613', 'name': 'Dầu Gội', 'category_id': 1613}, {'url': '/dau-goi-bong-muot-phuc-hoi-hu-ton/c68293', 'name': 'Dầu gội bóng mượt, phục hồi hư tổn', 'category_id': 68293}, {'url': 'https://tiki.vn/combo-dau-goi-dau-xa-kem-u-tresemme-keratin-smooth-duong-toc-vao-nep-suon-muot-vao-nep-suon-muot-cong-thuc-chuan-salon-hydrolyzed-keratin-640g-620g-180ml-p95253531.html', 'name': 'Combo Dầu gội, Dầu xả & Kem ủ TRESEMME Keratin Smooth Dưỡng tóc vào nếp suôn mượt vào nếp suôn mượt Công thức chuẩn salon Hydrolyzed Keratin 640g, 620g, 180ml', 'category_id': 0}]",combo-dau-goi-dau-xa-kem-u-tresemme-keratin-smooth-duong-toc-vao-nep-suon-muot-vao-nep-suon-muot-cong-thuc-chuan-salon-hydrolyzed-keratin-640g-620g-180ml-p95253531,https://salt.tikicdn.com/ts/product/b3/9f/52/16798c98b16f860ab175b29278b23bd7.png,4.7,478,"{'text': 'Đã bán 4k', 'value': 4086}",TRESemmé,Tiki Trading,available,1000,640000,190000,https://tiki.vn/cua-hang/tiki-trading,,,
93078800,Combo 2 Nước rửa tay Lifebuoy bạc bảo vệ túi 400g,"[{'url': '/lam-dep-suc-khoe/c1520', 'name': 'Làm Đẹp - Sức Khỏe', 'category_id': 1520}, {'url': '/cham-soc-ca-nhan/c1594', 'name': 'Chăm sóc cá nhân', 'category_id': 1594}, {'url': '/cham-soc-tay-chan/c68589', 'name': 'Chăm sóc tay, chân', 'category_id': 68589}, {'url': '/nuoc-rua-tay/c68591', 'name': 'Nước rửa tay', 'category_id': 68591}, {'url': 'https://tiki.vn/combo-2-nuoc-rua-tay-lifebuoy-bac-bao-ve-tui-450g-p93078800.html', 'name': 'Combo 2 Nước rửa tay Lifebuoy bạc bảo vệ túi 400g', 'category_id': 0}]",combo-2-nuoc-rua-tay-lifebuoy-bac-bao-ve-tui-450g-p93078800,https://salt.tikicdn.com/ts/product/13/6f/6d/a7dcbced76ccb93fdc7955092d3e1d1c.png,5.0,419,"{'text': 'Đã bán 7k', 'value': 7914}",Lifebuoy,Tiki Trading,available,1000,118000,0,https://tiki.vn/cua-hang/tiki-trading,,,
91565733,Chỉ nha khoa SGS nhập khẩu Hàn Quốc - 500D hương bạc hà mới,"[{'url': '/lam-dep-suc-khoe/c1520', 'name': 'Làm Đẹp - Sức Khỏe', 'category_id': 1520}, {'url': '/cham-soc-rang-mieng/c1625', 'name': 'Chăm sóc răng miệng', 'category_id': 1625}, {'url': '/chi-tam-nha-khoa/c68319', 'name': 'Chỉ, tăm nha khoa', 'category_id': 68319}, {'url': '/chi-nha-khoa/c1628', 'name': 'Chỉ nha khoa', 'category_id': 1628}, {'url': 'https://tiki.vn/chi-nha-khoa-sgs-nhap-khau-han-quoc-500d-huong-bac-ha-moi-p91565733.html', 'name': 'Chỉ nha khoa SGS nhập khẩu Hàn Quốc - 500D hương bạc hà mới', 'category_id': 0}]",chi-nha-khoa-sgs-nhap-khau-han-quoc-500d-huong-bac-ha-moi-p91565733,https://salt.tikicdn.com/ts/product/9f/10/0b/d5bf6624a5e6400b4bc61679b15b9ec2.jpg,4.8,53,"{'text': 'Đã bán 480', 'value': 480}",SGS,KWHOUSE STORE,available,1000,70000,35000,https://tiki.vn/cua-hang/kwhouse-store,,,
72644676,"Gối Massage Đa Năng KingTech KP-315 - Máy Mát xa Toàn Thân Nhiệt Hồng Ngoại - Chuyên Sâu Cho Cổ, Vai Gáy, Lưng Dưới, Đùi, Chân - Sử Dụng Tại Nhà, Văn Phòng, Trên Ô Tô - Quà Tặng Cho Bạn Bè, Người Thân","[{'url': '/lam-dep-suc-khoe/c1520', 'name': 'Làm Đẹp - Sức Khỏe', 'category_id': 1520}, {'url': '/may-massage-thiet-bi-cham-soc-suc-khoe/c2307', 'name': 'Máy Massage & Thiết bị chăm sóc sức khỏe', 'category_id': 2307}, {'url': '/may-dung-cu-massage/c68193', 'name': 'Máy, dụng cụ massage', 'category_id': 68193}, {'url': '/goi-massage/c68197', 'name': 'Gối massage', 'category_id': 68197}, {'url': 'https://tiki.vn/goi-massage-da-nang-kingtech-kp-315-may-mat-xa-toan-than-nhiet-hong-ngoai-chuyen-sau-cho-co-vai-gay-lung-duoi-dui-chan-su-dung-tai-nha-van-phong-tren-o-to-qua-tang-cho-ban-be-nguoi-than-p72644676.html', 'name': 'Gối Massage Đa Năng KingTech KP-315 - Máy Mát xa Toàn Thân Nhiệt Hồng Ngoại - Chuyên Sâu Cho Cổ, Vai Gáy, Lưng Dưới, Đùi, Chân - Sử Dụng Tại Nhà, Văn Phòng, Trên Ô Tô - Quà Tặng Cho Bạn Bè, Người Thân', 'category_id': 0}]",goi-massage-da-nang-kingtech-kp-315-may-mat-xa-toan-than-nhiet-hong-ngoai-chuyen-sau-cho-co-vai-gay-lung-duoi-dui-chan-su-dung-tai-nha-van-phong-tren-o-to-qua-tang-cho-ban-be-nguoi-than-p72644676,https://salt.tikicdn.com/ts/product/cd/c8/7c/74e0ff79c8e7f0fee1da64587e5d1079.jpg,4.7,800,"{'text': 'Đã bán 3k', 'value': 3795}",KINGTECH,KING TECH OFFICIAL STORE,available,1000,1250000,470000,https://tiki.vn/cua-hang/king-tech-official-store,,,
46179013,"Máy Massage Cầm Tay KINGTECH KH-320 - 6 Cấp Độ, Hỗ Trợ Mát Xa Chuyên Sâu, Giảm Đau Cơ, Cứng Khớp - Quà Tặng Cho Sức Khỏe","[{'url': '/lam-dep-suc-khoe/c1520', 'name': 'Làm Đẹp - Sức Khỏe', 'category_id': 1520}, {'url': '/may-massage-thiet-bi-cham-soc-suc-khoe/c2307', 'name': 'Máy Massage & Thiết bị chăm sóc sức khỏe', 'category_id': 2307}, {'url': '/may-dung-cu-massage/c68193', 'name': 'Máy, dụng cụ massage', 'category_id': 68193}, {'url': '/may-massage-cam-tay/c68200', 'name': 'Máy massage cầm tay', 'category_id': 68200}, {'url': 'https://tiki.vn/may-massage-cam-tay-cao-cap-kingtech-kh-320-6-cap-do-ho-tro-mat-xa-chuyen-sau-giam-dau-co-cung-khop-qua-tang-cho-suc-khoe-p46179013.html', 'name': 'Máy Massage Cầm Tay KINGTECH KH-320 - 6 Cấp Độ, Hỗ Trợ Mát Xa Chuyên Sâu, Giảm Đau Cơ, Cứng Khớp - Quà Tặng Cho Sức Khỏe', 'category_id': 0}]",may-massage-cam-tay-cao-cap-kingtech-kh-320-6-cap-do-ho-tro-mat-xa-chuyen-sau-giam-dau-co-cung-khop-qua-tang-cho-suc-khoe-p46179013,https://salt.tikicdn.com/ts/product/63/df/ba/db7e7eff7b9d0231d9a9d2b8e9267dee.jpg,4.7,1246,"{'text': 'Đã bán 6k', 'value': 6777}",KINGTECH,KING TECH OFFICIAL STORE,available,1000,950000,0,https://tiki.vn/cua-hang/king-tech-official-store,,,
25108217,Sữa rửa mặt ngăn ngừa mụn Acnes Creamy Wash 100g,"[{'url': '/lam-dep-suc-khoe/c1520', 'name': 'Làm Đẹp - Sức Khỏe', 'category_id': 1520}, {'url': '/cham-soc-da-mat/c1582', 'name': 'Chăm sóc da mặt', 'category_id': 1582}, {'url': '/sua-rua-mat/c1583', 'name': 'Sữa rửa mặt', 'category_id': 1583}, {'url': 'https://tiki.vn/sua-rua-mat-ngan-ngua-mun-acnes-creamy-wash-100g-p25108217.html', 'name': 'Sữa rửa mặt ngăn ngừa mụn Acnes Creamy Wash 100g', 'category_id': 0}]",sua-rua-mat-ngan-ngua-mun-acnes-creamy-wash-100g-p25108217,https://salt.tikicdn.com/ts/product/99/b6/5c/77bb1021669eea37547fc18454475b0b.jpg,5.0,227,"{'text': 'Đã bán 90k', 'value': 90624}",Acnes,Tiki Trading,available,1000,68000,9900,https://tiki.vn/cua-hang/tiki-trading,,,
22254660,"Combo Dầu Gội, Dầu Xả TRESEMME Keratin Smooth Dưỡng tóc khô xơ rối Công thức chuẩn salon Hydrolyzed Keratin trong Dầu Gội và dầu Xả dưỡng Tóc Vào Nếp Suôn Mượt 640g, 620g","[{'url': '/lam-dep-suc-khoe/c1520', 'name': 'Làm Đẹp - Sức Khỏe', 'category_id': 1520}, {'url': '/cham-soc-toc-da-dau/c1591', 'name': 'Chăm sóc tóc và da đầu', 'category_id': 1591}, {'url': '/dau-goi-dau-xa/c8222', 'name': 'Dầu gội, dầu xả', 'category_id': 8222}, {'url': '/dau-goi/c1613', 'name': 'Dầu Gội', 'category_id': 1613}, {'url': '/dau-goi-bong-muot-phuc-hoi-hu-ton/c68293', 'name': 'Dầu gội bóng mượt, phục hồi hư tổn', 'category_id': 68293}, {'url': 'https://tiki.vn/combo-dau-goi--dau-xa-tresemme-keratin-smooth-duong-toc-kho-xo-roi-cong-thuc-chuan-salon-hydrolyzed-keratin-trong-dau-goi-va-dau-xa-duong-toc-vao-nep-suon-muot-640g--620g-p22254660.html', 'name': 'Combo Dầu Gội, Dầu Xả TRESEMME Keratin Smooth Dưỡng tóc khô xơ rối Công thức chuẩn salon Hydrolyzed Keratin trong Dầu Gội và dầu Xả dưỡng Tóc Vào Nếp Suôn Mượt 640g, 620g', 'category_id': 0}]",combo-dau-goi--dau-xa-tresemme-keratin-smooth-duong-toc-kho-xo-roi-cong-thuc-chuan-salon-hydrolyzed-keratin-trong-dau-goi-va-dau-xa-duong-toc-vao-nep-suon-muot-640g--620g-p22254660,https://salt.tikicdn.com/ts/product/20/e9/d9/9f42d1c33f9956d325f2d9f0214e0964.png,4.7,2511,"{'text': 'Đã bán 26k', 'value': 26844}",TRESemmé,Tiki Trading,available,1000,462000,118000,https://tiki.vn/cua-hang/tiki-trading,,,
22052325,Sữa rửa mặt cho nam Oxy sạch sâu mát lạnh dạng kem Oxy Perfect Wash 100g,"[{'url': '/lam-dep-suc-khoe/c1520', 'name': 'Làm Đẹp - Sức Khỏe', 'category_id': 1520}, {'url': '/cham-soc-da-mat/c1582', 'name': 'Chăm sóc da mặt', 'category_id': 1582}, {'url': '/sua-rua-mat/c1583', 'name': 'Sữa rửa mặt', 'category_id': 1583}, {'url': 'https://tiki.vn/sua-rua-mat-cho-nam-oxy-sach-sau-mat-lanh-dang-kem-oxy-perfect-wash-100g-p22052325.html', 'name': 'Sữa rửa mặt cho nam Oxy sạch sâu mát lạnh dạng kem Oxy Perfect Wash 100g', 'category_id': 0}]",sua-rua-mat-cho-nam-oxy-sach-sau-mat-lanh-dang-kem-oxy-perfect-wash-100g-p22052325,https://salt.tikicdn.com/ts/product/c5/ab/c3/a585e022c519d9be482308e824ab8a71.jpg,4.8,94,"{'text': 'Đã bán 62k', 'value': 62317}",OXY,Tiki Trading,available,1000,82000,13900,https://tiki.vn/cua-hang/tiki-trading,,,
20541866,"Dầu gội Selsun chống gàu, sạch gàu & hết ngứa da đầu Selsun Anti-Dandruff Shampoo 50ml","[{'url': '/lam-dep-suc-khoe/c1520', 'name': 'Làm Đẹp - Sức Khỏe', 'category_id': 1520}, {'url': '/cham-soc-toc-da-dau/c1591', 'name': 'Chăm sóc tóc và da đầu', 'category_id': 1591}, {'url': '/dau-goi-dau-xa/c8222', 'name': 'Dầu gội, dầu xả', 'category_id': 8222}, {'url': '/dau-goi/c1613', 'name': 'Dầu Gội', 'category_id': 1613}, {'url': '/dau-goi-sach-gau/c68295', 'name': 'Dầu gội sạch gàu', 'category_id': 68295}, {'url': 'https://tiki.vn/dau-goi-selsun-chong-gau-sach-gau-het-ngua-da-dau-selsun-anti-dandruff-shampoo-50ml-p20541866.html', 'name': 'Dầu gội Selsun chống gàu, sạch gàu & hết ngứa da đầu Selsun Anti-Dandruff Shampoo 50ml', 'category_id': 0}]",dau-goi-selsun-chong-gau-sach-gau-het-ngua-da-dau-selsun-anti-dandruff-shampoo-50ml-p20541866,https://salt.tikicdn.com/ts/product/db/bd/0d/beb266237eb39854dc2a41252055621e.jpg,4.8,397,"{'text': 'Đã bán 118k', 'value': 118857}",Selsun,Tiki Trading,available,1000,59000,7900,https://tiki.vn/cua-hang/tiki-trading,,,
14115539,Nước tẩy trang SENKA A.L.L. CLEAR WATER Micellar Formula White 230ml,"[{'url': '/lam-dep-suc-khoe/c1520', 'name': 'Làm Đẹp - Sức Khỏe', 'category_id': 1520}, {'url': '/cham-soc-da-mat/c1582', 'name': 'Chăm sóc da mặt', 'category_id': 1582}, {'url': '/dung-dich-tay-trang/c11605', 'name': 'Dung dịch tẩy trang', 'category_id': 11605}, {'url': 'https://tiki.vn/nuoc-tay-trang-senka-a-l-l-clear-water-micellar-formula-white-230ml-p14115539.html', 'name': 'Nước tẩy trang SENKA A.L.L. CLEAR WATER Micellar Formula White 230ml', 'category_id': 0}]",nuoc-tay-trang-senka-a-l-l-clear-water-micellar-formula-white-230ml-p14115539,https://salt.tikicdn.com/ts/product/51/6f/2d/9d5a9ce3b589e4d97af1f0a2c74d8501.png,4.6,290,"{'text': 'Đã bán 18k', 'value': 18461}",Senka,Tiki Trading,available,1000,119000,24100,https://tiki.vn/cua-hang/tiki-trading,,,
10298023,Saffron nhụy hoa nghệ tây Kingdom Herb Iran chính hãng loại thượng hạng hộp 1 gram,"[{'url': '/lam-dep-suc-khoe/c1520', 'name': 'Làm Đẹp - Sức Khỏe', 'category_id': 1520}, {'url': '/san-pham-thien-nhien-khac/c5873', 'name': 'Sản phẩm thiên nhiên & Khác', 'category_id': 5873}, {'url': '/san-pham-thien-nhien-lam-dep/c11868', 'name': 'Sản phẩm thiên nhiên làm đẹp', 'category_id': 11868}, {'url': 'https://tiki.vn/saffron-kingdom-nhuy-hoa-nghe-tay-iran-loai-negin-hop-1-gram-p10298023.html', 'name': 'Saffron nhụy hoa nghệ tây Kingdom Herb Iran chính hãng loại thượng hạng hộp 1 gram', 'category_id': 0}]",saffron-kingdom-nhuy-hoa-nghe-tay-iran-loai-negin-hop-1-gram-p10298023,https://salt.tikicdn.com/ts/product/95/9e/fe/9baf5eebcd7690bf5bf25ec1ecb7e902.jpg,4.8,689,"{'text': 'Đã bán 3k', 'value': 3656}",Kingdom Herb,Kingdom Herb Official,available,1000,519000,227000,https://tiki.vn/cua-hang/saffron-kingdom-nhuy-hoa-nghe-tay-iran,,,
10071383,Sữa Tắm Lifebuoy Detox Và Sạch Sâu Khỏi Bụi Mịn Pm2.5 Detox Bảo Vệ Khỏi Vi Khuẩn Gây Mụn Cơ Thể Matcha & Khổ Qua Chai 800G,"[{'url': '/lam-dep-suc-khoe/c1520', 'name': 'Làm Đẹp - Sức Khỏe', 'category_id': 1520}, {'url': '/cham-soc-co-the/c1592', 'name': 'Chăm sóc cơ thể', 'category_id': 1592}, {'url': '/tam-va-dung-cu-tam/c8212', 'name': 'Tắm và dụng cụ tắm', 'category_id': 8212}, {'url': '/sua-tam/c1598', 'name': 'Sữa tắm', 'category_id': 1598}, {'url': 'https://tiki.vn/sua-tam-lifebuoy-detox-va-sach-sau-khoi-bui-min-pm2-5-detox-bao-ve-khoi-vi-khuan-gay-mun-co-the-matcha-kho-qua-chai-800g-p10071383.html', 'name': 'Sữa Tắm Lifebuoy Detox Và Sạch Sâu Khỏi Bụi Mịn Pm2.5 Detox Bảo Vệ Khỏi Vi Khuẩn Gây Mụn Cơ Thể Matcha & Khổ Qua Chai 800G', 'category_id': 0}]",sua-tam-lifebuoy-detox-va-sach-sau-khoi-bui-min-pm2-5-detox-bao-ve-khoi-vi-khuan-gay-mun-co-the-matcha-kho-qua-chai-800g-p10071383,https://salt.tikicdn.com/ts/product/17/cd/f9/bbd1ea5c0593cf4076abd02c9ed0db82.png,4.7,1469,"{'text': 'Đã bán 11k', 'value': 11510}",Lifebuoy,Tiki Trading,available,1000,214500,38500,https://tiki.vn/cua-hang/tiki-trading,,,
6874429,Miếng dán mụn giúp giảm mụn sưng viêm Acnes Clear Patch (24 Miếng),"[{'url': '/lam-dep-suc-khoe/c1520', 'name': 'Làm Đẹp - Sức Khỏe', 'category_id': 1520}, {'url': '/cham-soc-da-mat/c1582', 'name': 'Chăm sóc da mặt', 'category_id': 1582}, {'url': '/san-pham-tri-mun-va-seo/c3426', 'name': 'Sản phẩm trị mụn và sẹo', 'category_id': 3426}, {'url': '/mieng-dan-mun/c5891', 'name': 'Miếng dán mụn', 'category_id': 5891}, {'url': 'https://tiki.vn/mieng-dan-mun-giup-giam-mun-sung-viem-acnes-clear-patch-24-mieng-p6874429.html', 'name': 'Miếng dán mụn giúp giảm mụn sưng viêm Acnes Clear Patch (24 Miếng)', 'category_id': 0}]",mieng-dan-mun-giup-giam-mun-sung-viem-acnes-clear-patch-24-mieng-p6874429,https://salt.tikicdn.com/ts/product/d9/84/88/9c00b322717088e40c77db1de448a3aa.jpg,4.7,316,"{'text': 'Đã bán 50k', 'value': 50305}",Acnes,Tiki Trading,available,1000,60000,8400,https://tiki.vn/cua-hang/tiki-trading,,,
5902685,"Sữa rửa mặt vitamin làm sáng da, mờ sẹo thâm dạng kem Acnes Vitamin Cleanser 100g","[{'url': '/lam-dep-suc-khoe/c1520', 'name': 'Làm Đẹp - Sức Khỏe', 'category_id': 1520}, {'url': '/cham-soc-da-mat/c1582', 'name': 'Chăm sóc da mặt', 'category_id': 1582}, {'url': '/sua-rua-mat/c1583', 'name': 'Sữa rửa mặt', 'category_id': 1583}, {'url': 'https://tiki.vn/sua-rua-mat-vitamin-lam-sang-da-mo-seo-tham-dang-kem-acnes-vitamin-cleanser-100g-p5902685.html', 'name': 'Sữa rửa mặt vitamin làm sáng da, mờ sẹo thâm dạng kem Acnes Vitamin Cleanser 100g', 'category_id': 0}]",sua-rua-mat-vitamin-lam-sang-da-mo-seo-tham-dang-kem-acnes-vitamin-cleanser-100g-p5902685,https://salt.tikicdn.com/ts/product/eb/21/7a/2d2e8dd3e2bd882983e0a4c01b88718e.jpg,4.8,313,"{'text': 'Đã bán 97k', 'value': 97986}",Acnes,Tiki Trading,available,1000,68000,9900,https://tiki.vn/cua-hang/tiki-trading,,,
5560235,Gel bôi trơn Durex Play Classic 50ml,"[{'url': '/lam-dep-suc-khoe/c1520', 'name': 'Làm Đẹp - Sức Khỏe', 'category_id': 1520}, {'url': '/ho-tro-tinh-duc/c8142', 'name': 'Hỗ trợ tình dục', 'category_id': 8142}, {'url': '/gel-boi-tron/c1631', 'name': 'Gel bôi trơn', 'category_id': 1631}, {'url': 'https://tiki.vn/gel-boi-tron-durex-play-classic-50ml-p5560235.html', 'name': 'Gel bôi trơn Durex Play Classic 50ml', 'category_id': 0}]",gel-boi-tron-durex-play-classic-50ml-p5560235,https://salt.tikicdn.com/ts/product/76/f6/f9/6a0bc52e1c67cd46cdf7e22af05f2e98.jpg,4.6,1511,"{'text': 'Đã bán 24k', 'value': 24248}",Durex,Tiki Trading,available,1000,93000,9900,https://tiki.vn/cua-hang/tiki-trading,,,
1672211,Gel bôi trơn Durex Play Warming 100ml,"[{'url': '/lam-dep-suc-khoe/c1520', 'name': 'Làm Đẹp - Sức Khỏe', 'category_id': 1520}, {'url': '/ho-tro-tinh-duc/c8142', 'name': 'Hỗ trợ tình dục', 'category_id': 8142}, {'url': '/gel-boi-tron/c1631', 'name': 'Gel bôi trơn', 'category_id': 1631}, {'url': 'https://tiki.vn/gel-boi-tron-durex-play-warming-100ml-p1672211.html', 'name': 'Gel bôi trơn Durex Play Warming 100ml', 'category_id': 0}]",gel-boi-tron-durex-play-warming-100ml-p1672211,https://salt.tikicdn.com/ts/product/75/3c/b1/53a136501212038f45b6a6ab37f93c76.jpg,4.6,519,"{'text': 'Đã bán 7k', 'value': 7238}",Durex,Tiki Trading,available,1000,194000,25000,https://tiki.vn/cua-hang/tiki-trading,,,
1672157,Bao cao su Durex Invisible Extra Thin Extra Sensitive 1 Hộp 10 Bao,"[{'url': '/lam-dep-suc-khoe/c1520', 'name': 'Làm Đẹp - Sức Khỏe', 'category_id': 1520}, {'url': '/ho-tro-tinh-duc/c8142', 'name': 'Hỗ trợ tình dục', 'category_id': 8142}, {'url': '/bao-cao-su/c1630', 'name': 'Bao cao su', 'category_id': 1630}, {'url': 'https://tiki.vn/bao-cao-su-durex-invisible-extra-thin-extra-sensitive-1-hop-10-bao-p1672157.html', 'name': 'Bao cao su Durex Invisible Extra Thin Extra Sensitive 1 Hộp 10 Bao', 'category_id': 0}]",bao-cao-su-durex-invisible-extra-thin-extra-sensitive-1-hop-10-bao-p1672157,https://salt.tikicdn.com/media/catalog/producttmp/47/3f/fe/d2bf86f38da79c5ddfdce7de381230d0.jpg,4.7,1723,"{'text': 'Đã bán 44k', 'value': 44826}",Durex,Tiki Trading,available,1000,317000,95000,https://tiki.vn/cua-hang/tiki-trading,,,
1672155,Bao cao su Durex Kingtex 3 bao,"[{'url': '/lam-dep-suc-khoe/c1520', 'name': 'Làm Đẹp - Sức Khỏe', 'category_id': 1520}, {'url': '/ho-tro-tinh-duc/c8142', 'name': 'Hỗ trợ tình dục', 'category_id': 8142}, {'url': '/bao-cao-su/c1630', 'name': 'Bao cao su', 'category_id': 1630}, {'url': 'https://tiki.vn/bao-cao-su-durex-kingtex-3-bao-p1672155.html', 'name': 'Bao cao su Durex Kingtex 3 bao', 'category_id': 0}]",bao-cao-su-durex-kingtex-3-bao-p1672155,https://salt.tikicdn.com/ts/product/84/a9/70/20940693535f938d9c027fc22850194e.jpg,4.6,592,"{'text': 'Đã bán 22k', 'value': 22399}",Durex,Tiki Trading,available,1000,49000,8900,https://tiki.vn/cua-hang/tiki-trading,,,
1672153,Bao cao su Durex Performa 12 bao,"[{'url': '/lam-dep-suc-khoe/c1520', 'name': 'Làm Đẹp - Sức Khỏe', 'category_id': 1520}, {'url': '/ho-tro-tinh-duc/c8142', 'name': 'Hỗ trợ tình dục', 'category_id': 8142}, {'url': '/bao-cao-su/c1630', 'name': 'Bao cao su', 'category_id': 1630}, {'url': 'https://tiki.vn/bao-cao-su-durex-performa-12-bao-p1672153.html', 'name': 'Bao cao su Durex Performa 12 bao', 'category_id': 0}]",bao-cao-su-durex-performa-12-bao-p1672153,https://salt.tikicdn.com/media/catalog/producttmp/b1/27/59/dd929396a3a58056da5a1d52ed047e78.jpg,4.7,1505,"{'text': 'Đã bán 33k', 'value': 33629}",Durex,Tiki Trading,available,1000,308000,84000,https://tiki.vn/cua-hang/tiki-trading,,,
1634983,Phim Thấm Dầu Acnes Oil Remover Film 50 Tờ,"[{'url': '/lam-dep-suc-khoe/c1520', 'name': 'Làm Đẹp - Sức Khỏe', 'category_id': 1520}, {'url': '/cham-soc-da-mat/c1582', 'name': 'Chăm sóc da mặt', 'category_id': 1582}, {'url': '/bong-tay-trang/c5865', 'name': 'Bông tẩy trang', 'category_id': 5865}, {'url': 'https://tiki.vn/phim-tham-dau-acnes-oil-remover-film-50-to-p1634983.html', 'name': 'Phim Thấm Dầu Acnes Oil Remover Film 50 Tờ', 'category_id': 0}]",phim-tham-dau-acnes-oil-remover-film-50-to-p1634983,https://salt.tikicdn.com/ts/product/b5/68/c1/6f53928f38d47d114d9799ae653be795.jpg,5.0,111,"{'text': 'Đã bán 20k', 'value': 20176}",Acnes,Tiki Trading,available,1000,69000,41000,https://tiki.vn/cua-hang/tiki-trading,,,
1634981,"Giấy thấm dầu kiểm soát nhờn, ngừa mụn Acnes Oil Remover Paper 100 tờ","[{'url': '/lam-dep-suc-khoe/c1520', 'name': 'Làm Đẹp - Sức Khỏe', 'category_id': 1520}, {'url': '/cham-soc-da-mat/c1582', 'name': 'Chăm sóc da mặt', 'category_id': 1582}, {'url': '/bong-tay-trang/c5865', 'name': 'Bông tẩy trang', 'category_id': 5865}, {'url': 'https://tiki.vn/giay-tham-dau-kiem-soat-nhon-ngua-mun-acnes-oil-remover-paper-100-to-p1634981.html', 'name': 'Giấy thấm dầu kiểm soát nhờn, ngừa mụn Acnes Oil Remover Paper 100 tờ', 'category_id': 0}]",giay-tham-dau-kiem-soat-nhon-ngua-mun-acnes-oil-remover-paper-100-to-p1634981,https://salt.tikicdn.com/ts/product/40/7a/7e/c97d3c8fea0b50e0ea4b126b451f5d4f.jpg,4.7,261,"{'text': 'Đã bán 106k', 'value': 106062}",Acnes,Tiki Trading,available,1000,33000,4400,https://tiki.vn/cua-hang/tiki-trading,,,
1537315,Gel bôi trơn Durex K-Y Jelly 50g - KY Jelly,"[{'url': '/lam-dep-suc-khoe/c1520', 'name': 'Làm Đẹp - Sức Khỏe', 'category_id': 1520}, {'url': '/ho-tro-tinh-duc/c8142', 'name': 'Hỗ trợ tình dục', 'category_id': 8142}, {'url': '/gel-boi-tron/c1631', 'name': 'Gel bôi trơn', 'category_id': 1631}, {'url': 'https://tiki.vn/gel-boi-tron-durex-k-y-jelly-50g-ky-jelly-p1537315.html', 'name': 'Gel bôi trơn Durex K-Y Jelly 50g - KY Jelly', 'category_id': 0}]",gel-boi-tron-durex-k-y-jelly-50g-ky-jelly-p1537315,https://salt.tikicdn.com/ts/product/38/0b/74/419f4972cbb1eb958ce8cb89f57d431c.jpg,4.7,472,"{'text': 'Đã bán 43k', 'value': 43928}",Durex,Tiki Trading,available,1000,90000,6900,https://tiki.vn/cua-hang/tiki-trading,,,
767101,Bao cao su Durex Kingtex 12 bao,"[{'url': '/lam-dep-suc-khoe/c1520', 'name': 'Làm Đẹp - Sức Khỏe', 'category_id': 1520}, {'url': '/ho-tro-tinh-duc/c8142', 'name': 'Hỗ trợ tình dục', 'category_id': 8142}, {'url': '/bao-cao-su/c1630', 'name': 'Bao cao su', 'category_id': 1630}, {'url': 'https://tiki.vn/bao-cao-su-durex-kingtex-12-bao-p767101.html', 'name': 'Bao cao su Durex Kingtex 12 bao', 'category_id': 0}]",bao-cao-su-durex-kingtex-12-bao-p767101,https://salt.tikicdn.com/media/catalog/producttmp/d3/36/3e/6f9e83f2f25f1196858fe3c78e86b186.jpg,4.6,1472,"{'text': 'Đã bán 66k', 'value': 66326}",Durex,Tiki Trading,available,1000,196000,80000,https://tiki.vn/cua-hang/tiki-trading,,,
632681,Dầu xả Selsun dưỡng tóc dành cho tóc gàu Selsun Anti-Dandruff Conditioner 100ml,"[{'url': '/lam-dep-suc-khoe/c1520', 'name': 'Làm Đẹp - Sức Khỏe', 'category_id': 1520}, {'url': '/cham-soc-toc-da-dau/c1591', 'name': 'Chăm sóc tóc và da đầu', 'category_id': 1591}, {'url': '/dau-goi-dau-xa/c8222', 'name': 'Dầu gội, dầu xả', 'category_id': 8222}, {'url': '/dau-xa/c1616', 'name': 'Dầu Xả', 'category_id': 1616}, {'url': 'https://tiki.vn/dau-xa-selsun-duong-toc-danh-cho-toc-gau-selsun-anti-dandruff-conditioner-100ml-p632681.html', 'name': 'Dầu xả Selsun dưỡng tóc dành cho tóc gàu Selsun Anti-Dandruff Conditioner 100ml', 'category_id': 0}]",dau-xa-selsun-duong-toc-danh-cho-toc-gau-selsun-anti-dandruff-conditioner-100ml-p632681,https://salt.tikicdn.com/ts/product/cc/e8/1f/24e1879b2362a00afcd41fbcfacd68cf.jpg,4.8,235,"{'text': 'Đã bán 12k', 'value': 12010}",Selsun,Tiki Trading,available,1000,58000,7900,https://tiki.vn/cua-hang/tiki-trading,,,
632680,"Dầu gội Selsun chống gàu, sạch gàu & hết ngứa da đầu Selsun Anti-Dandruff Shampoo 100ml","[{'url': '/lam-dep-suc-khoe/c1520', 'name': 'Làm Đẹp - Sức Khỏe', 'category_id': 1520}, {'url': '/cham-soc-toc-da-dau/c1591', 'name': 'Chăm sóc tóc và da đầu', 'category_id': 1591}, {'url': '/dau-goi-dau-xa/c8222', 'name': 'Dầu gội, dầu xả', 'category_id': 8222}, {'url': '/dau-goi/c1613', 'name': 'Dầu Gội', 'category_id': 1613}, {'url': '/dau-goi-sach-gau/c68295', 'name': 'Dầu gội sạch gàu', 'category_id': 68295}, {'url': 'https://tiki.vn/dau-goi-selsun-chong-gau-sach-gau-het-ngua-da-dau-selsun-anti-dandruff-shampoo-100ml-p632680.html', 'name': 'Dầu gội Selsun chống gàu, sạch gàu & hết ngứa da đầu Selsun Anti-Dandruff Shampoo 100ml', 'category_id': 0}]",dau-goi-selsun-chong-gau-sach-gau-het-ngua-da-dau-selsun-anti-dandruff-shampoo-100ml-p632680,https://salt.tikicdn.com/ts/product/41/d1/1c/3a2c7b15659284abc713534d4720320f.jpg,4.8,1614,"{'text': 'Đã bán 401k', 'value': 401322}",Selsun,Tiki Trading,available,1000,99000,16400,https://tiki.vn/cua-hang/tiki-trading,,,
385654,Bao cao su Durex Performa 3 bao,"[{'url': '/lam-dep-suc-khoe/c1520', 'name': 'Làm Đẹp - Sức Khỏe', 'category_id': 1520}, {'url': '/ho-tro-tinh-duc/c8142', 'name': 'Hỗ trợ tình dục', 'category_id': 8142}, {'url': '/bao-cao-su/c1630', 'name': 'Bao cao su', 'category_id': 1630}, {'url': 'https://tiki.vn/bao-cao-su-durex-performa-3-bao-p385654.html', 'name': 'Bao cao su Durex Performa 3 bao', 'category_id': 0}]",bao-cao-su-durex-performa-3-bao-p385654,https://salt.tikicdn.com/media/catalog/producttmp/08/25/53/0f33a1b28384db3c7e2056d8ccce8220.jpg,4.7,505,"{'text': 'Đã bán 11k', 'value': 11895}",Durex,Tiki Trading,available,1000,76000,10000,https://tiki.vn/cua-hang/tiki-trading,,,
385582,Bao cao su Durex Fetherlite Hộp 12 Bao,"[{'url': '/lam-dep-suc-khoe/c1520', 'name': 'Làm Đẹp - Sức Khỏe', 'category_id': 1520}, {'url': '/ho-tro-tinh-duc/c8142', 'name': 'Hỗ trợ tình dục', 'category_id': 8142}, {'url': '/bao-cao-su/c1630', 'name': 'Bao cao su', 'category_id': 1630}, {'url': 'https://tiki.vn/bao-cao-su-durex-fetherlite-hop-12-bao-p385582.html', 'name': 'Bao cao su Durex Fetherlite Hộp 12 Bao', 'category_id': 0}]",bao-cao-su-durex-fetherlite-hop-12-bao-p385582,https://salt.tikicdn.com/media/catalog/producttmp/4a/50/f3/2ae1b2555fa307e9c8609ed682a41bbd.jpg,4.7,219,"{'text': 'Đã bán 26k', 'value': 26573}",Durex,Tiki Trading,available,1000,276000,80000,https://tiki.vn/cua-hang/tiki-trading,,,
276540526,Lăn Khử Mùi Trắng Da Enchanteur Charming 65ml 0 1012040,"[{'url': '/lam-dep-suc-khoe/c1520', 'name': 'Làm Đẹp - Sức Khỏe', 'category_id': 1520}, {'url': '/cham-soc-ca-nhan/c1594', 'name': 'Chăm sóc cá nhân', 'category_id': 1594}, {'url': '/lan-xit-khu-mui/c17162', 'name': 'Lăn, xịt khử mùi', 'category_id': 17162}, {'url': '/khu-mui-cho-nu/c68588', 'name': 'Khử mùi cho nữ', 'category_id': 68588}, {'url': 'https://tiki.vn/lan-khu-mui-trang-da-enchanteur-charming-65ml-0-1012040-p276540526.html', 'name': 'Lăn Khử Mùi Trắng Da Enchanteur Charming 65ml 0 1012040', 'category_id': 0}]",lan-khu-mui-trang-da-enchanteur-charming-65ml-0-1012040-p276540526,https://salt.tikicdn.com/ts/product/14/23/c8/13da1752e7058c382c2f8465926c9c84.png,0.0,0,"{'text': 'Đã bán 7k', 'value': 7177}",Enchanteur ,Tiki Trading,available,1000,140000,0,https://tiki.vn/cua-hang/tiki-trading,,,
274884816,Mặt nạ giấy dưỡng da Hàn Quốc innisfree My Real Squeeze Mask 22ml,"[{'url': '/lam-dep-suc-khoe/c1520', 'name': 'Làm Đẹp - Sức Khỏe', 'category_id': 1520}, {'url': '/cham-soc-da-mat/c1582', 'name': 'Chăm sóc da mặt', 'category_id': 1582}, {'url': '/mat-na-cac-loai/c1601', 'name': 'Mặt nạ', 'category_id': 1601}, {'url': '/mat-na-giay/c8208', 'name': 'Mặt nạ giấy', 'category_id': 8208}, {'url': 'https://tiki.vn/mat-na-giay-duong-da-han-quoc-innisfree-my-real-squeeze-mask-22ml-p274884816.html', 'name': 'Mặt nạ giấy dưỡng da Hàn Quốc innisfree My Real Squeeze Mask 22ml', 'category_id': 0}]",mat-na-giay-duong-da-han-quoc-innisfree-my-real-squeeze-mask-22ml-p274884816,https://salt.tikicdn.com/ts/product/1b/40/51/c426f44cb4b197e7d81854d4bb9da7c9.jpg,4.8,6,"{'text': 'Đã bán 722', 'value': 722}",Innisfree,Tiki Trading,available,1000,36000,11000,https://tiki.vn/cua-hang/tiki-trading,,,
273201159,[300 Cái Khẩu Trang KF94] Thùng Khẩu Trang Y Tế Kháng Khuẩn KF94 An Tâm- 4 Lớp,"[{'url': '/lam-dep-suc-khoe/c1520', 'name': 'Làm Đẹp - Sức Khỏe', 'category_id': 1520}, {'url': '/may-massage-thiet-bi-cham-soc-suc-khoe/c2307', 'name': 'Máy Massage & Thiết bị chăm sóc sức khỏe', 'category_id': 2307}, {'url': '/khau-trang-y-te/c8305', 'name': 'Khẩu trang y tế', 'category_id': 8305}, {'url': 'https://tiki.vn/300-cai-khau-trang-kf94-thung-khau-trang-y-te-khang-khuan-kf94-an-tam-4-lop-p273201159.html', 'name': '[300 Cái Khẩu Trang KF94] Thùng Khẩu Trang Y Tế Kháng Khuẩn KF94 An Tâm- 4 Lớp', 'category_id': 0}]",300-cai-khau-trang-kf94-thung-khau-trang-y-te-khang-khuan-kf94-an-tam-4-lop-p273201159,https://salt.tikicdn.com/ts/product/9c/03/99/97ecccd6ebb876f22449a3ef3ee97ec9.jpg,4.8,81,"{'text': 'Đã bán 630', 'value': 630}",An Tâm,TDCare,available,1000,229000,40000,https://tiki.vn/cua-hang/tdcare,,,
260844985,"Kem Làm Mờ Sẹo Thâm, Sẹo Rỗ, Sẹo Lõm Scar Esthetique của Rejuvaskin - thương hiệu hỗ trợ trị sẹo Hoa Kỳ","[{'url': '/lam-dep-suc-khoe/c1520', 'name': 'Làm Đẹp - Sức Khỏe', 'category_id': 1520}, {'url': '/cham-soc-da-mat/c1582', 'name': 'Chăm sóc da mặt', 'category_id': 1582}, {'url': '/san-pham-tri-mun-va-seo/c3426', 'name': 'Sản phẩm trị mụn và sẹo', 'category_id': 3426}, {'url': '/kem-tri-seo/c8306', 'name': 'Kem trị sẹo', 'category_id': 8306}, {'url': 'https://tiki.vn/kem-lam-mo-seo-tham-seo-ro-seo-lom-scar-esthetique-cua-rejuvaskin-thuong-hieu-ho-tro-tri-seo-hoa-ky-p260844985.html', 'name': 'Kem Làm Mờ Sẹo Thâm, Sẹo Rỗ, Sẹo Lõm Scar Esthetique của Rejuvaskin - thương hiệu hỗ trợ trị sẹo Hoa Kỳ', 'category_id': 0}]",kem-lam-mo-seo-tham-seo-ro-seo-lom-scar-esthetique-cua-rejuvaskin-thuong-hieu-ho-tro-tri-seo-hoa-ky-p260844985,https://salt.tikicdn.com/ts/product/cf/90/ce/15a656bd8d526d8bd26b9e846c941436.jpg,4.6,1575,"{'text': 'Đã bán 9k', 'value': 9700}",Rejuvaskin,Tiki Trading,available,1000,650000,94000,https://tiki.vn/cua-hang/tiki-trading,,,
214230523,Collagen Mỹ Youtheory (Collagen Type 1-2-3) 390 Viên - QuaTangMe Extaste,"[{'url': '/lam-dep-suc-khoe/c1520', 'name': 'Làm Đẹp - Sức Khỏe', 'category_id': 1520}, {'url': '/thuc-pham-chuc-nang/c2322', 'name': 'Thực phẩm chức năng', 'category_id': 2322}, {'url': '/thuc-pham-cho-sac-sep/c2826', 'name': 'Thực phẩm chức năng làm đẹp', 'category_id': 2826}, {'url': '/collagen/c56036', 'name': 'Collagen', 'category_id': 56036}, {'url': 'https://tiki.vn/thuc-pham-chuc-nang-vien-uong-bo-sung-collagen-youtheory-collagen-type-1-2-3-390-vien-p214230523.html', 'name': 'Collagen Mỹ Youtheory (Collagen Type 1-2-3) 390 Viên - QuaTangMe Extaste', 'category_id': 0}]",thuc-pham-chuc-nang-vien-uong-bo-sung-collagen-youtheory-collagen-type-1-2-3-390-vien-p214230523,https://salt.tikicdn.com/ts/product/8d/0c/e6/dabff5c4afc5fe21c773af2819e269d7.jpg,4.7,557,"{'text': 'Đã bán 2k', 'value': 2948}",Youtheory,QuaTangMe Extaste,available,1000,699000,0,https://tiki.vn/cua-hang/quatangme,,,
195927144,"[148 Mùi Hương] Tinh Dầu Thơm Phòng Trái Cây Thiên Nhiên - Xông Thơm Phòng, Khử Mùi - Tinh Dầu Đào/ Xoài/ Táo Xanh/ Chuối/ Dưa Hấu/ Dưa Lưới/ Me (20ml)","[{'url': '/lam-dep-suc-khoe/c1520', 'name': 'Làm Đẹp - Sức Khỏe', 'category_id': 1520}, {'url': '/san-pham-thien-nhien-khac/c5873', 'name': 'Sản phẩm thiên nhiên & Khác', 'category_id': 5873}, {'url': '/tinh-dau/c8602', 'name': 'Tinh dầu', 'category_id': 8602}, {'url': 'https://tiki.vn/tinh-dau-thom-phong-trai-cay-thien-nhien-xong-thom-phong-khu-mui-tinh-dau-dao-xoai-tao-xanh-chuoi-dua-hau-dua-luoi-me-20ml-p195927144.html', 'name': '[148 Mùi Hương] Tinh Dầu Thơm Phòng Trái Cây Thiên Nhiên - Xông Thơm Phòng, Khử Mùi - Tinh Dầu Đào/ Xoài/ Táo Xanh/ Chuối/ Dưa Hấu/ Dưa Lưới/ Me (20ml)', 'category_id': 0}]",tinh-dau-thom-phong-trai-cay-thien-nhien-xong-thom-phong-khu-mui-tinh-dau-dao-xoai-tao-xanh-chuoi-dua-hau-dua-luoi-me-20ml-p195927144,https://salt.tikicdn.com/ts/product/0b/95/14/420e1d4a1004d0103f24ed02643f0e09.jpg,5.0,178,"{'text': 'Đã bán 1k', 'value': 1691}",homer,Tinh Dầu PK,available,1000,110000,0,https://tiki.vn/cua-hang/tinh-dau-xit-phong-duoi-muoi-24care,,,
193583705,Sữa tắm dưỡng thể Dove Sakura Blossoms Da mềm mịn hương hoa với hương hoa anh đào & muối hồng 900g,"[{'url': '/lam-dep-suc-khoe/c1520', 'name': 'Làm Đẹp - Sức Khỏe', 'category_id': 1520}, {'url': '/cham-soc-co-the/c1592', 'name': 'Chăm sóc cơ thể', 'category_id': 1592}, {'url': '/tam-va-dung-cu-tam/c8212', 'name': 'Tắm và dụng cụ tắm', 'category_id': 8212}, {'url': '/sua-tam/c1598', 'name': 'Sữa tắm', 'category_id': 1598}, {'url': 'https://tiki.vn/sua-tam-duong-the-dove-sakura-blossoms-da-mem-min-huong-hoa-voi-huong-hoa-anh-dao-muoi-hong-900g-p193583705.html', 'name': 'Sữa tắm dưỡng thể Dove Sakura Blossoms Da mềm mịn hương hoa với hương hoa anh đào & muối hồng 900g', 'category_id': 0}]",sua-tam-duong-the-dove-sakura-blossoms-da-mem-min-huong-hoa-voi-huong-hoa-anh-dao-muoi-hong-900g-p193583705,https://salt.tikicdn.com/ts/product/ae/66/3e/37f1a886e4d963b548345837a076411a.jpg,4.8,69,"{'text': 'Đã bán 556', 'value': 556}",Dove,Tiki Trading,available,1000,247000,39000,https://tiki.vn/cua-hang/tiki-trading,,,
182457734,"Túi chườm nóng lạnh PUHA 350ml, túi chườm sưởi ấm giảm đau bụng kinh họa tiết dễ thương","[{'url': '/lam-dep-suc-khoe/c1520', 'name': 'Làm Đẹp - Sức Khỏe', 'category_id': 1520}, {'url': '/may-massage-thiet-bi-cham-soc-suc-khoe/c2307', 'name': 'Máy Massage & Thiết bị chăm sóc sức khỏe', 'category_id': 2307}, {'url': '/tui-chuom/c11923', 'name': 'Túi chườm', 'category_id': 11923}, {'url': '/chuom-nong/c68192', 'name': 'Chườm nóng', 'category_id': 68192}, {'url': 'https://tiki.vn/tui-chuom-nong-lanh-puha-350ml-tui-chuom-suoi-am-giam-dau-bung-kinh-hoa-tiet-de-thuong-p182457734.html', 'name': 'Túi chườm nóng lạnh PUHA 350ml, túi chườm sưởi ấm giảm đau bụng kinh họa tiết dễ thương', 'category_id': 0}]",tui-chuom-nong-lanh-puha-350ml-tui-chuom-suoi-am-giam-dau-bung-kinh-hoa-tiet-de-thuong-p182457734,https://salt.tikicdn.com/ts/product/82/4f/c0/d24c9ff2a2007fce25280591b77ec760.png,4.8,53,"{'text': 'Đã bán 303', 'value': 303}",PH PUHA,PH PUHA Official,available,1000,105000,0,https://tiki.vn/cua-hang/giay-tap-di-puha,,,
176672113,Kem chấm mụn chuyên sâu Acnes Blemish Clear Cream 10g,"[{'url': '/lam-dep-suc-khoe/c1520', 'name': 'Làm Đẹp - Sức Khỏe', 'category_id': 1520}, {'url': '/cham-soc-da-mat/c1582', 'name': 'Chăm sóc da mặt', 'category_id': 1582}, {'url': '/kem-va-sua-duong-da/c17170', 'name': 'Kem và sữa dưỡng da', 'category_id': 17170}, {'url': '/kem-duong-tri-mun-va-phuc-hoi/c68337', 'name': 'Kem dưỡng trị mụn và phục hồi', 'category_id': 68337}, {'url': 'https://tiki.vn/kem-cham-mun-chuyen-sau-acnes-blemish-clear-cream-10g-p176672113.html', 'name': 'Kem chấm mụn chuyên sâu Acnes Blemish Clear Cream 10g', 'category_id': 0}]",kem-cham-mun-chuyen-sau-acnes-blemish-clear-cream-10g-p176672113,https://salt.tikicdn.com/ts/product/48/bf/92/e96583796e47abddc1d7bb0168d86650.jpg,4.8,79,"{'text': 'Đã bán 1k', 'value': 1387}",Acnes,Tiki Trading,available,1000,57000,9000,https://tiki.vn/cua-hang/tiki-trading,,,
174071718,"Sữa rửa mặt Hada Labo cho da dầu mụn, da nhạy cảm Hada Labo Acne Care Calming Cleanser 80g","[{'url': '/lam-dep-suc-khoe/c1520', 'name': 'Làm Đẹp - Sức Khỏe', 'category_id': 1520}, {'url': '/cham-soc-da-mat/c1582', 'name': 'Chăm sóc da mặt', 'category_id': 1582}, {'url': '/sua-rua-mat/c1583', 'name': 'Sữa rửa mặt', 'category_id': 1583}, {'url': 'https://tiki.vn/sua-rua-mat-hada-labo-cho-da-dau-mun-da-nhay-cam-hada-labo-acne-care-calming-cleanser-80g-p174071718.html', 'name': 'Sữa rửa mặt Hada Labo cho da dầu mụn, da nhạy cảm Hada Labo Acne Care Calming Cleanser 80g', 'category_id': 0}]",sua-rua-mat-hada-labo-cho-da-dau-mun-da-nhay-cam-hada-labo-acne-care-calming-cleanser-80g-p174071718,https://salt.tikicdn.com/ts/product/c9/f7/71/49fbd37729d1726bfd9860fcd2d433d5.jpg,4.7,43,"{'text': 'Đã bán 11k', 'value': 11214}",Hada Labo,Tiki Trading,available,1000,95000,14000,https://tiki.vn/cua-hang/tiki-trading,,,
