title,original_price,discount_price,discount_percent,location,link
Không có tiêu đề,Không có giá gốc,Không có giá khuyến mãi,Không có giảm giá,Không có thông tin,Không có link
điện thoại iphone 5s quốc tế chính hãng bảo hành 6 tháng 1 đổi 1 tại nhà trong 30 ngày full vân tay690.000đMua trước trả sauĐã bán 1854.6/5Hà Nội,Mua trước trả sau,690.000đ,Mua trước trả sau,điện thoại iphone 5s quốc tế chính hãng bảo hành 6 tháng 1 đổi 1 tại nhà trong 30 ngày full vân tay,https://www.sendo.vn/dien-thoai-iphone-5s-quoc-te-chinh-hang-bao-hanh-6-thang-1-doi-1-tai-nha-trong-30-ngay-full-van-tay-68113167.html?source_block_id=feed&source_page_id=search_cate1&source_info=desktop2_60_1740105976724_3515dc3c-c8ae-47ff-97e1-6e7161e9777d_-1_default_0_1_3_-1
điện thoại iphone 5 quốc tế bảo hành 12 tháng 1 đổi 1 tại nhà trong 30 ngày máy đẹp tặng củ sạc dây sạc490.000đMua trước trả sauĐã bán 2054.1/5Hà Nội,Mua trước trả sau,490.000đ,Mua trước trả sau,điện thoại iphone 5 quốc tế bảo hành 12 tháng 1 đổi 1 tại nhà trong 30 ngày máy đẹp tặng củ sạc dây sạc,https://www.sendo.vn/dien-thoai-iphone-5-quoc-te-bao-hanh-12-thang-1-doi-1-tai-nha-trong-30-ngay-may-dep-tang-cu-sac-day-sac-20914685.html?source_block_id=feed&source_page_id=search_cate1&source_info=desktop2_60_1740105976724_3515dc3c-c8ae-47ff-97e1-6e7161e9777d_-1_default_0_2_3_-1
"điện thoại iphone 4,4s quốc tế chính hãng bh 6 tháng 1 đổi 1 tại nhà269.000đ - 530.000đMua trước trả sauĐã bán 3834.2/5Hà Nội",Mua trước trả sau,269.000đ - 530.000đ,Mua trước trả sau,"điện thoại iphone 4,4s quốc tế chính hãng bh 6 tháng 1 đổi 1 tại nhà",https://www.sendo.vn/dien-thoai-iphone-4-4s-quoc-te-chinh-hang-bh-6-thang-1-doi-1-tai-nha-23861376.html?source_block_id=feed&source_page_id=search_cate1&source_info=desktop2_60_1740105976724_3515dc3c-c8ae-47ff-97e1-6e7161e9777d_-1_default_0_3_3_-1
điện thoại iphone 4 quốc tế chính hãng bảo hành 3 tháng 1 đổi 1 tại nhà trong 30 ngày nhỏ gọn nghe gọi tuyệt vời299.000đMua trước trả sauĐã bán 5364.3/5Hà Nội,Mua trước trả sau,299.000đ,Mua trước trả sau,điện thoại iphone 4 quốc tế chính hãng bảo hành 3 tháng 1 đổi 1 tại nhà trong 30 ngày nhỏ gọn nghe gọi tuyệt vời,https://www.sendo.vn/dien-thoai-iphone-4-quoc-te-chinh-hang-bao-hanh-3-thang-1-doi-1-tai-nha-trong-30-ngay-nho-gon-nghe-goi-tuyet-voi-22007186.html?source_block_id=feed&source_page_id=search_cate1&source_info=desktop2_60_1740105976724_3515dc3c-c8ae-47ff-97e1-6e7161e9777d_-1_default_0_4_3_-1
"điện thoại iphone 4,4s quốc tế chính hãng bh 6 tháng 1 đổi 1 tại nhà239.000đ - 530.000đMua trước trả sauĐã bán 1693.9/5Hà Nội",Mua trước trả sau,239.000đ - 530.000đ,Mua trước trả sau,"điện thoại iphone 4,4s quốc tế chính hãng bh 6 tháng 1 đổi 1 tại nhà",https://www.sendo.vn/dien-thoai-iphone-4-4s-quoc-te-chinh-hang-bh-6-thang-1-doi-1-tai-nha-23893045.html?source_block_id=feed&source_page_id=search_cate1&source_info=desktop2_60_1740105976724_3515dc3c-c8ae-47ff-97e1-6e7161e9777d_-1_default_0_5_3_-1
điện thoại iphone 4 quốc tế chính hãng apple bảo hành 6 tháng tặng củ và dây sạc239.000đMua trước trả sauĐã bán 3543.8/5Hà Nội,Mua trước trả sau,239.000đ,Mua trước trả sau,điện thoại iphone 4 quốc tế chính hãng apple bảo hành 6 tháng tặng củ và dây sạc,https://www.sendo.vn/dien-thoai-iphone-4-quoc-te-chinh-hang-apple-bao-hanh-6-thang-tang-cu-va-day-sac-19898531.html?source_block_id=feed&source_page_id=search_cate1&source_info=desktop2_60_1740105976724_3515dc3c-c8ae-47ff-97e1-6e7161e9777d_-1_default_0_6_3_-1
"Điện thoại oppo ram 8-128G máy chinh hãng oppo cấu hình mạnh, chơi game free ship2.500.000đ-51%999.000đ - 1.650.000đMua trước trả sauĐã bán 274.5/5Quảng Ngãi",2.500.000đ,999.000đ - 1.650.000đ,-51%,"Điện thoại oppo ram 8-128G máy chinh hãng oppo cấu hình mạnh, chơi game free ship",https://www.sendo.vn/dien-thoai-oppo-ram-8-128g-may-chinh-hang-oppo-cau-hinh-manh-choi-game-free-ship-24659155.html?source_block_id=feed&source_page_id=search_cate1&source_info=desktop2_60_1740105976724_3515dc3c-c8ae-47ff-97e1-6e7161e9777d_-1_default_0_7_3_-1
Điện thoại samsung chính hãng a101.450.000đ - 1.850.000đMua trước trả sauĐã bán 225/5Quảng Ngãi,Mua trước trả sau,1.450.000đ - 1.850.000đ,Mua trước trả sau,Điện thoại samsung chính hãng a10,https://www.sendo.vn/dien-thoai-samsung-chinh-hang-a10-24663941.html?source_block_id=feed&source_page_id=search_cate1&source_info=desktop2_60_1740105976724_3515dc3c-c8ae-47ff-97e1-6e7161e9777d_-1_default_0_8_3_-1
Điện thoại j730  chính hãng 100%1.950.000đ-44%920.000đ - 1.230.000đMua trước trả sauĐã bán 194.5/5Quảng Ngãi,1.950.000đ,920.000đ - 1.230.000đ,-44%,Điện thoại j730  chính hãng 100%,https://www.sendo.vn/dien-thoai-j730-chinh-hang-100-24665052.html?source_block_id=feed&source_page_id=search_cate1&source_info=desktop2_60_1740105976724_3515dc3c-c8ae-47ff-97e1-6e7161e9777d_-1_default_0_9_3_-1
Điện thoại samsung j7 prime  chính hãng 100%1.250.000đ-10%820.000đ - 1.130.000đMua trước trả sauĐã bán 234.8/5Quảng Ngãi,1.250.000đ,820.000đ - 1.130.000đ,-10%,Điện thoại samsung j7 prime  chính hãng 100%,https://www.sendo.vn/dien-thoai-samsung-j7-prime-chinh-hang-100-28125842.html?source_block_id=feed&source_page_id=search_cate1&source_info=desktop2_60_1740105976724_3515dc3c-c8ae-47ff-97e1-6e7161e9777d_-1_default_0_10_3_-1
Điện thoại oppo A15S chính hãng2.800.000đ-53%950.000đ - 1.950.000đMua trước trả sauĐã bán 135/5Quảng Ngãi,2.800.000đ,950.000đ - 1.950.000đ,-53%,Điện thoại oppo A15S chính hãng,https://www.sendo.vn/dien-thoai-oppo-a15s-chinh-hang-28393332.html?source_block_id=feed&source_page_id=search_cate1&source_info=desktop2_60_1740105976724_3515dc3c-c8ae-47ff-97e1-6e7161e9777d_-1_default_0_11_3_-1
Điện thoại oppo F3 chính hãng 100%1.680.000đ-37%950.000đ - 1.330.000đMua trước trả sauĐã bán 135/5Quảng Ngãi,1.680.000đ,950.000đ - 1.330.000đ,-37%,Điện thoại oppo F3 chính hãng 100%,https://www.sendo.vn/dien-thoai-oppo-f3-chinh-hang-100-29255822.html?source_block_id=feed&source_page_id=search_cate1&source_info=desktop2_60_1740105976724_3515dc3c-c8ae-47ff-97e1-6e7161e9777d_-1_default_0_12_3_-1
Điện thoại samsung j3 pro chính hãng 100%1.400.000đ-19%900.000đ - 1.190.000đMua trước trả sauĐã bán 14Quảng Ngãi,1.400.000đ,900.000đ - 1.190.000đ,-19%,Điện thoại samsung j3 pro chính hãng 100%,https://www.sendo.vn/dien-thoai-samsung-j3-pro-chinh-hang-100-24664652.html?source_block_id=feed&source_page_id=search_cate1&source_info=desktop2_60_1740105976724_3515dc3c-c8ae-47ff-97e1-6e7161e9777d_-1_default_0_13_3_-1
Điện thoại samsung galaxy cấu hình mạnh free ship choi game liên quân2.900.000đ-41%839.000đ - 1.900.000đMua trước trả sauĐã bán 145/5Quảng Ngãi,2.900.000đ,839.000đ - 1.900.000đ,-41%,Điện thoại samsung galaxy cấu hình mạnh free ship choi game liên quân,https://www.sendo.vn/dien-thoai-samsung-galaxy-cau-hinh-manh-free-ship-choi-game-lien-quan-37307205.html?source_block_id=feed&source_page_id=search_cate1&source_info=desktop2_60_1740105976724_3515dc3c-c8ae-47ff-97e1-6e7161e9777d_-1_default_0_14_3_-1
Điện thoại samsung chính hãng j7 prime new990.000đ-9%820.000đ - 930.000đMua trước trả sauĐã bán 445/5Quảng Ngãi,990.000đ,820.000đ - 930.000đ,-9%,Điện thoại samsung chính hãng j7 prime new,https://www.sendo.vn/dien-thoai-samsung-chinh-hang-j7-prime-new-37307223.html?source_block_id=feed&source_page_id=search_cate1&source_info=desktop2_60_1740105976724_3515dc3c-c8ae-47ff-97e1-6e7161e9777d_-1_default_0_15_3_-1
Điện thoại oppo A5S chính hãng 100%1.500.000đ-30%600.000đ - 1.050.000đMua trước trả sauĐã bán 404.5/5Quảng Ngãi,1.500.000đ,600.000đ - 1.050.000đ,-30%,Điện thoại oppo A5S chính hãng 100%,https://www.sendo.vn/dien-thoai-oppo-a5s-chinh-hang-100-28125886.html?source_block_id=feed&source_page_id=search_cate1&source_info=desktop2_60_1740105976724_3515dc3c-c8ae-47ff-97e1-6e7161e9777d_-1_default_0_16_3_-1
Điện thoại oppo a3s chính hãng 100%1.390.000đ-22%980.000đ - 1.180.000đMua trước trả sauĐã bán 275/5Quảng Ngãi,1.390.000đ,980.000đ - 1.180.000đ,-22%,Điện thoại oppo a3s chính hãng 100%,https://www.sendo.vn/dien-thoai-oppo-a3s-chinh-hang-100-24659552.html?source_block_id=feed&source_page_id=search_cate1&source_info=desktop2_60_1740105976724_3515dc3c-c8ae-47ff-97e1-6e7161e9777d_-1_default_0_17_3_-1
Điện thoại oppo a15 chính hãng 100%2.600.000đ-37%990.000đ - 1.950.000đMua trước trả sauĐã bán 10Quảng Ngãi,2.600.000đ,990.000đ - 1.950.000đ,-37%,Điện thoại oppo a15 chính hãng 100%,https://www.sendo.vn/dien-thoai-oppo-a15-chinh-hang-100-28393289.html?source_block_id=feed&source_page_id=search_cate1&source_info=desktop2_60_1740105976724_3515dc3c-c8ae-47ff-97e1-6e7161e9777d_-1_default_0_18_3_-1
"Điện thoại oppo chính hãng f11 cấu hình mạnh ram 8g, bộ nhớ 256, chơi game liên quân, bảo hành 12 tháng2.500.000đ-28%1.450.000đ - 1.850.000đMua trước trả sauĐã bán 204.3/5Quảng Ngãi",2.500.000đ,1.450.000đ - 1.850.000đ,-28%,"Điện thoại oppo chính hãng f11 cấu hình mạnh ram 8g, bộ nhớ 256, chơi game liên quân, bảo hành 12 tháng",https://www.sendo.vn/dien-thoai-oppo-chinh-hang-f11-cau-hinh-manh-ram-8g-bo-nho-256-choi-game-lien-quan-bao-hanh-12-thang-24568555.html?source_block_id=feed&source_page_id=search_cate1&source_info=desktop2_60_1740105976724_3515dc3c-c8ae-47ff-97e1-6e7161e9777d_-1_default_0_19_3_-1
Điện thoại Samsung A03s chính hãng3.300.000đ-45%1.290.000đ - 1.850.000đMua trước trả sauĐã bán 374.7/5Quảng Ngãi,3.300.000đ,1.290.000đ - 1.850.000đ,-45%,Điện thoại Samsung A03s chính hãng,https://www.sendo.vn/dien-thoai-samsung-a03s-chinh-hang-24663581.html?source_block_id=feed&source_page_id=search_cate1&source_info=desktop2_60_1740105976724_3515dc3c-c8ae-47ff-97e1-6e7161e9777d_-1_default_0_20_3_-1
Điện thoại oppo F9 máy chính hãng 100%950.000đ - 1.450.000đMua trước trả sauĐã bán 355/5Quảng Ngãi,Mua trước trả sau,950.000đ - 1.450.000đ,Mua trước trả sau,Điện thoại oppo F9 máy chính hãng 100%,https://www.sendo.vn/dien-thoai-oppo-f9-may-chinh-hang-100-22891893.html?source_block_id=feed&source_page_id=search_cate1&source_info=desktop2_60_1740105976724_3515dc3c-c8ae-47ff-97e1-6e7161e9777d_-1_default_0_21_3_-1
"Điên thoại oppo a3s , cấu hình mạnh, chơi game liên quân học online1.800.000đ-41%959.000đ - 1.070.000đMua trước trả sauĐã bán 555/5Quảng Ngãi",1.800.000đ,959.000đ - 1.070.000đ,-41%,"Điên thoại oppo a3s , cấu hình mạnh, chơi game liên quân học online",https://www.sendo.vn/dien-thoai-oppo-a3s-cau-hinh-manh-choi-game-lien-quan-hoc-online-23000203.html?source_block_id=feed&source_page_id=search_cate1&source_info=desktop2_60_1740105976724_3515dc3c-c8ae-47ff-97e1-6e7161e9777d_-1_default_0_22_3_-1
Điện thoại oppo a37 máy chính hãng 100%750.000đ-10%590.000đ - 690.000đMua trước trả sauĐã bán 474.8/5Quảng Ngãi,750.000đ,590.000đ - 690.000đ,-10%,Điện thoại oppo a37 máy chính hãng 100%,https://www.sendo.vn/dien-thoai-oppo-a37-may-chinh-hang-100-22880662.html?source_block_id=feed&source_page_id=search_cate1&source_info=desktop2_60_1740105976724_3515dc3c-c8ae-47ff-97e1-6e7161e9777d_-1_default_0_23_3_-1
"Điện thoai samsung j7 prime chính hãng,máy 2 sim onlien, cầu hình mạnh chơi game tốt1.290.000đ-32%770.000đ - 999.000đMua trước trả sauĐã bán 844.5/5Quảng Ngãi",1.290.000đ,770.000đ - 999.000đ,-32%,"Điện thoai samsung j7 prime chính hãng,máy 2 sim onlien, cầu hình mạnh chơi game tốt",https://www.sendo.vn/dien-thoai-samsung-j7-prime-chinh-hang-may-2-sim-onlien-cau-hinh-manh-choi-game-tot-22885747.html?source_block_id=feed&source_page_id=search_cate1&source_info=desktop2_60_1740105976724_3515dc3c-c8ae-47ff-97e1-6e7161e9777d_-1_default_0_24_3_-1
Điện thoại samsung a11 chính hãng 100%1.700.000đ-44%850.000đ - 1.450.000đMua trước trả sauĐã bán 205/5Quảng Ngãi,1.700.000đ,850.000đ - 1.450.000đ,-44%,Điện thoại samsung a11 chính hãng 100%,https://www.sendo.vn/dien-thoai-samsung-a11-chinh-hang-100-24070275.html?source_block_id=feed&source_page_id=search_cate1&source_info=desktop2_60_1740105976724_3515dc3c-c8ae-47ff-97e1-6e7161e9777d_-1_default_0_25_3_-1
Điện thoại oppo A57 máy chính hãng như mới 100%890.000đ - 950.000đMua trước trả sauĐã bán 155/5Quảng Ngãi,Mua trước trả sau,890.000đ - 950.000đ,Mua trước trả sau,Điện thoại oppo A57 máy chính hãng như mới 100%,https://www.sendo.vn/dien-thoai-oppo-a57-may-chinh-hang-nhu-moi-100-29255651.html?source_block_id=feed&source_page_id=search_cate1&source_info=desktop2_60_1740105976724_3515dc3c-c8ae-47ff-97e1-6e7161e9777d_-1_default_0_26_3_-1
"Điện thoại oppo choi game liên quân, free ship, cấu hình mạnh chụp hinh đep, oppo a5s chính hãng 100%2.450.000đ-29%1.050.000đ - 1.750.000đMua trước trả sauĐã bán 284.4/5Quảng Ngãi",2.450.000đ,1.050.000đ - 1.750.000đ,-29%,"Điện thoại oppo choi game liên quân, free ship, cấu hình mạnh chụp hinh đep, oppo a5s chính hãng 100%",https://www.sendo.vn/dien-thoai-oppo-choi-game-lien-quan-free-ship-cau-hinh-manh-chup-hinh-dep-oppo-a5s-chinh-hang-100-24568294.html?source_block_id=feed&source_page_id=search_cate1&source_info=desktop2_60_1740105976724_3515dc3c-c8ae-47ff-97e1-6e7161e9777d_-1_default_0_27_3_-1
"Điện thoại Samsung m20 chính hãng samsung, cấu hình mạnh, chơi game liên quân, free ship1.650.000đ-25%1.190.000đ - 1.350.000đMua trước trả sauĐã bán 405/5Quảng Ngãi",1.650.000đ,1.190.000đ - 1.350.000đ,-25%,"Điện thoại Samsung m20 chính hãng samsung, cấu hình mạnh, chơi game liên quân, free ship",https://www.sendo.vn/dien-thoai-samsung-m20-chinh-hang-samsung-cau-hinh-manh-choi-game-lien-quan-free-ship-24562874.html?source_block_id=feed&source_page_id=search_cate1&source_info=desktop2_60_1740105976724_3515dc3c-c8ae-47ff-97e1-6e7161e9777d_-1_default_0_28_3_-1
điên thoại oppo giá rẽ a331.190.000đ-36%639.000đ - 900.000đMua trước trả sauĐã bán 195/5Quảng Ngãi,1.190.000đ,639.000đ - 900.000đ,-36%,điên thoại oppo giá rẽ a33,https://www.sendo.vn/dien-thoai-oppo-gia-re-a33-18929708.html?source_block_id=feed&source_page_id=search_cate1&source_info=desktop2_60_1740105976724_3515dc3c-c8ae-47ff-97e1-6e7161e9777d_-1_default_0_29_3_-1
Điện thoại samsung j2 prime chính hãng 100%799.000đ - 878.000đMua trước trả sauĐã bán 614.2/5Quảng Ngãi,Mua trước trả sau,799.000đ - 878.000đ,Mua trước trả sau,Điện thoại samsung j2 prime chính hãng 100%,https://www.sendo.vn/dien-thoai-samsung-j2-prime-chinh-hang-100-22832487.html?source_block_id=feed&source_page_id=search_cate1&source_info=desktop2_60_1740105976724_3515dc3c-c8ae-47ff-97e1-6e7161e9777d_-1_default_0_30_3_-1
"Điện thoại samsung chính hãng A03S,chơi game liên quân manh,chup hinh đep, free ship điện thoại samsung giá rẽ2.500.000đ-34%850.000đ - 1.750.000đMua trước trả sauĐã bán 764.6/5Quảng Ngãi",2.500.000đ,850.000đ - 1.750.000đ,-34%,"Điện thoại samsung chính hãng A03S,chơi game liên quân manh,chup hinh đep, free ship điện thoại samsung giá rẽ",https://www.sendo.vn/dien-thoai-samsung-chinh-hang-a03s-choi-game-lien-quan-manh-chup-hinh-dep-free-ship-dien-thoai-samsung-gia-re-24586004.html?source_block_id=feed&source_page_id=search_cate1&source_info=desktop2_60_1740105976724_3515dc3c-c8ae-47ff-97e1-6e7161e9777d_-1_default_0_31_3_-1
điện thoại vivo v5 chính hãng cấu hình mạnh siêu game1.500.000đ-17%1.050.000đ - 1.250.000đMua trước trả sauĐã bán 185/5Quảng Ngãi,1.500.000đ,1.050.000đ - 1.250.000đ,-17%,điện thoại vivo v5 chính hãng cấu hình mạnh siêu game,https://www.sendo.vn/dien-thoai-vivo-v5-chinh-hang-cau-hinh-manh-sieu-game-23028989.html?source_block_id=feed&source_page_id=search_cate1&source_info=desktop2_60_1740105976724_3515dc3c-c8ae-47ff-97e1-6e7161e9777d_-1_default_0_32_3_-1
Điện thoại Oppo Reno 4z 5G Ram 12GB/ 256GB5.000.000đ-51%2.490.000đMua trước trả sauĐã bán 175/5Hà Nội,5.000.000đ,2.490.000đ,-51%,Điện thoại Oppo Reno 4z 5G Ram 12GB/ 256GB,https://www.sendo.vn/dien-thoai-oppo-reno-4z-5g-ram-12gb-256gb-34310278.html?source_block_id=feed&source_page_id=search_cate1&source_info=desktop2_60_1740105976724_3515dc3c-c8ae-47ff-97e1-6e7161e9777d_-1_default_0_33_3_-1
"Điện thoại oppo A5s chính hãng 100%, cấu hình mạnh, máy new1.700.000đ-39%950.000đ - 1.050.000đMua trước trả sauĐã bán 764.8/5Quảng Ngãi",1.700.000đ,950.000đ - 1.050.000đ,-39%,"Điện thoại oppo A5s chính hãng 100%, cấu hình mạnh, máy new",https://www.sendo.vn/dien-thoai-oppo-a5s-chinh-hang-100-cau-hinh-manh-may-new-22891396.html?source_block_id=feed&source_page_id=search_cate1&source_info=desktop2_60_1740105976724_3515dc3c-c8ae-47ff-97e1-6e7161e9777d_-1_default_0_34_3_-1
điện thoại samsung a6+ / A6 plus RAM 4GB ROM 32GB - HÀNG CHÍNH HÃNG ĐÃ DÙNG1.200.000đMua trước trả sauĐã bán 145/5Đồng Tháp,Mua trước trả sau,1.200.000đ,Mua trước trả sau,điện thoại samsung a6+ / A6 plus RAM 4GB ROM 32GB - HÀNG CHÍNH HÃNG ĐÃ DÙNG,https://www.sendo.vn/dien-thoai-samsung-a6-a6-plus-ram-4gb-rom-32gb-hang-chinh-hang-da-dung-33638521.html?source_block_id=feed&source_page_id=search_cate1&source_info=desktop2_60_1740105976724_3515dc3c-c8ae-47ff-97e1-6e7161e9777d_-1_default_0_35_3_-1
Điện thoại oppo neo 9 chính hãng650.000đ - 830.000đMua trước trả sauĐã bán 345/5Quảng Ngãi,Mua trước trả sau,650.000đ - 830.000đ,Mua trước trả sau,Điện thoại oppo neo 9 chính hãng,https://www.sendo.vn/dien-thoai-oppo-neo-9-chinh-hang-22880428.html?source_block_id=feed&source_page_id=search_cate1&source_info=desktop2_60_1740105976724_3515dc3c-c8ae-47ff-97e1-6e7161e9777d_-1_default_0_36_3_-1
Đện thoại iphone 6 chính hãng giá rẽ cấu hình mạnh2.100.000đ-44%799.000đ - 1.190.000đMua trước trả sauĐã bán 854.3/5Quảng Ngãi,2.100.000đ,799.000đ - 1.190.000đ,-44%,Đện thoại iphone 6 chính hãng giá rẽ cấu hình mạnh,https://www.sendo.vn/den-thoai-iphone-6-chinh-hang-gia-re-cau-hinh-manh-16823870.html?source_block_id=feed&source_page_id=search_cate1&source_info=desktop2_60_1740105976724_3515dc3c-c8ae-47ff-97e1-6e7161e9777d_-1_default_0_37_3_-1
Điện thoại Oppo F11 Ram 8GB/ 256GB3.200.000đ-47%1.699.000đMua trước trả sauĐã bán 665/5Hà Nội,3.200.000đ,1.699.000đ,-47%,Điện thoại Oppo F11 Ram 8GB/ 256GB,https://www.sendo.vn/dien-thoai-oppo-f11-ram-8gb-256gb-22517476.html?source_block_id=feed&source_page_id=search_cate1&source_info=desktop2_60_1740105976724_3515dc3c-c8ae-47ff-97e1-6e7161e9777d_-1_default_0_38_3_-1
Điện thoại Oppo A73 5G Fullbox 2 sim4.200.000đ-49%2.160.000đMua trước trả sauĐã bán 2614.8/5Hà Nội,4.200.000đ,2.160.000đ,-49%,Điện thoại Oppo A73 5G Fullbox 2 sim,https://www.sendo.vn/dien-thoai-oppo-a73-5g-fullbox-2-sim-10777822.html?source_block_id=feed&source_page_id=search_cate1&source_info=desktop2_60_1740105976724_3515dc3c-c8ae-47ff-97e1-6e7161e9777d_-1_default_0_39_3_-1
Điện thoại Oppo A73 5G Ram 8GB/ 256GB Fullbox 2 sim4.000.000đ-46%2.160.000đMua trước trả sauĐã bán 775/5Hà Nội,4.000.000đ,2.160.000đ,-46%,Điện thoại Oppo A73 5G Ram 8GB/ 256GB Fullbox 2 sim,https://www.sendo.vn/dien-thoai-oppo-a73-5g-ram-8gb-256gb-fullbox-2-sim-19309216.html?source_block_id=feed&source_page_id=search_cate1&source_info=desktop2_60_1740105976724_3515dc3c-c8ae-47ff-97e1-6e7161e9777d_-1_default_0_40_3_-1
Điện thoại Vivo Y19 Ram 8GB / 128GB Fullbox2 Sim3.500.000đ-49%1.799.000đMua trước trả sauĐã bán 1314.9/5Hà Nội,3.500.000đ,1.799.000đ,-49%,Điện thoại Vivo Y19 Ram 8GB / 128GB Fullbox2 Sim,https://www.sendo.vn/dien-thoai-vivo-y19-ram-8gb-128gb-fullbox2-sim-19415376.html?source_block_id=feed&source_page_id=search_cate1&source_info=desktop2_60_1740105976724_3515dc3c-c8ae-47ff-97e1-6e7161e9777d_-1_default_0_41_3_-1
Máy tính bảng samsung tap A7 sài sim như điện thoại1.500.000đ - 2.500.000đMua trước trả sauĐã bán 205/5Quảng Ngãi,Mua trước trả sau,1.500.000đ - 2.500.000đ,Mua trước trả sau,Máy tính bảng samsung tap A7 sài sim như điện thoại,https://www.sendo.vn/may-tinh-bang-samsung-tap-a7-sai-sim-nhu-dien-thoai-36817004.html?source_block_id=feed&source_page_id=search_cate1&source_info=desktop2_60_1740105976724_3515dc3c-c8ae-47ff-97e1-6e7161e9777d_-1_default_0_42_3_-1
"Điện thoại oppo chính hãng, cấu hình mạnh, chơi game livetream2.900.000đ-47%999.000đ - 1.550.000đMua trước trả sauĐã bán 474.3/5Quảng Ngãi",2.900.000đ,999.000đ - 1.550.000đ,-47%,"Điện thoại oppo chính hãng, cấu hình mạnh, chơi game livetream",https://www.sendo.vn/dien-thoai-oppo-chinh-hang-cau-hinh-manh-choi-game-livetream-13338386.html?source_block_id=feed&source_page_id=search_cate1&source_info=desktop2_60_1740105976724_3515dc3c-c8ae-47ff-97e1-6e7161e9777d_-1_default_0_43_3_-1
Điện thoại Oppo Reno 4z 5G Ram 12GB/256GB5.000.001đ-51%2.499.000đMua trước trả sauĐã bán 484.7/5Hà Nội,5.000.001đ,2.499.000đ,-51%,Điện thoại Oppo Reno 4z 5G Ram 12GB/256GB,https://www.sendo.vn/dien-thoai-oppo-reno-4z-5g-ram-12gb256gb-19633915.html?source_block_id=feed&source_page_id=search_cate1&source_info=desktop2_60_1740105976724_3515dc3c-c8ae-47ff-97e1-6e7161e9777d_-1_default_0_44_3_-1
Điện thoại Oppo A73 5G Fullbox 2 sim4.200.000đ-49%2.160.000đMua trước trả sauĐã bán 744.8/5Hà Nội,4.200.000đ,2.160.000đ,-49%,Điện thoại Oppo A73 5G Fullbox 2 sim,https://www.sendo.vn/dien-thoai-oppo-a73-5g-fullbox-2-sim-10777898.html?source_block_id=feed&source_page_id=search_cate1&source_info=desktop2_60_1740105976724_3515dc3c-c8ae-47ff-97e1-6e7161e9777d_-1_default_0_45_3_-1
Điện thoại Vivo Y20S Ram 8GB/ 256GB Fullbox 2 sim4.100.000đ-54%1.890.000đMua trước trả sauĐã bán 644.1/5Hà Nội,4.100.000đ,1.890.000đ,-54%,Điện thoại Vivo Y20S Ram 8GB/ 256GB Fullbox 2 sim,https://www.sendo.vn/dien-thoai-vivo-y20s-ram-8gb-256gb-fullbox-2-sim-10254567.html?source_block_id=feed&source_page_id=search_cate1&source_info=desktop2_60_1740105976724_3515dc3c-c8ae-47ff-97e1-6e7161e9777d_-1_default_0_46_3_-1
Điện thoại oppo A5s chính hãng  100%1.700.000đ-38%999.000đ - 1.550.000đMua trước trả sauĐã bán 65/5Quảng Ngãi,1.700.000đ,999.000đ - 1.550.000đ,-38%,Điện thoại oppo A5s chính hãng  100%,https://www.sendo.vn/dien-thoai-oppo-a5s-chinh-hang-100-31202055.html?source_block_id=feed&source_page_id=search_cate1&source_info=desktop2_60_1740105976724_3515dc3c-c8ae-47ff-97e1-6e7161e9777d_-1_default_0_47_3_-1
Điện thoại Vivo Y19 Ram 8GB/ 128GB mới Fullbox 2 sim3.500.000đ-49%1.790.000đMua trước trả sauĐã bán 434.7/5Hà Nội,3.500.000đ,1.790.000đ,-49%,Điện thoại Vivo Y19 Ram 8GB/ 128GB mới Fullbox 2 sim,https://www.sendo.vn/dien-thoai-vivo-y19-ram-8gb-128gb-moi-fullbox-2-sim-26211223.html?source_block_id=feed&source_page_id=search_cate1&source_info=desktop2_60_1740105976724_3515dc3c-c8ae-47ff-97e1-6e7161e9777d_-1_default_0_48_3_-1
điện thoại chống va đập chống nước Oukitel WP2 RAM 4GB ROM 64GB5.995.000đMua trước trả sauĐã bán 35/5TP.HCM,Mua trước trả sau,5.995.000đ,Mua trước trả sau,điện thoại chống va đập chống nước Oukitel WP2 RAM 4GB ROM 64GB,https://www.sendo.vn/dien-thoai-chong-va-dap-chong-nuoc-oukitel-wp2-ram-4gb-rom-64gb-11826519.html?source_block_id=feed&source_page_id=search_cate1&source_info=desktop2_60_1740105976724_3515dc3c-c8ae-47ff-97e1-6e7161e9777d_-1_default_0_49_3_-1
Điện thoại Doogee S68 Pro điện thoại không thể phá hủy5.690.000đMua trước trả sauĐã bán 1TP.HCM,Mua trước trả sau,5.690.000đ,Mua trước trả sau,Điện thoại Doogee S68 Pro điện thoại không thể phá hủy,https://www.sendo.vn/dien-thoai-doogee-s68-pro-dien-thoai-khong-the-pha-huy-24817546.html?source_block_id=feed&source_page_id=search_cate1&source_info=desktop2_60_1740105976724_3515dc3c-c8ae-47ff-97e1-6e7161e9777d_-1_default_0_50_3_-1
ĐIỆN THOẠI SAMSUNG J5 2016 RAM 2GB ROM 16GB - HÀNG CHÍNH HÃNG THỨC ĐÃ SỬ DỤNG500.000đMua trước trả sauĐã bán 244.4/5Đồng Tháp,Mua trước trả sau,500.000đ,Mua trước trả sau,ĐIỆN THOẠI SAMSUNG J5 2016 RAM 2GB ROM 16GB - HÀNG CHÍNH HÃNG THỨC ĐÃ SỬ DỤNG,https://www.sendo.vn/dien-thoai-samsung-j5-2016-ram-2gb-rom-16gb-hang-chinh-hang-thuc-da-su-dung-27550993.html?source_block_id=feed&source_page_id=search_cate1&source_info=desktop2_60_1740105976724_3515dc3c-c8ae-47ff-97e1-6e7161e9777d_-1_default_0_51_3_-1
Điện thoại Vivo Y19 ram 8GB/128GB pin 5000 mah3.500.000đ-49%1.790.000đMua trước trả sauĐã bán 55/5Hà Nội,3.500.000đ,1.790.000đ,-49%,Điện thoại Vivo Y19 ram 8GB/128GB pin 5000 mah,https://www.sendo.vn/dien-thoai-vivo-y19-ram-8gb128gb-pin-5000-mah-18853914.html?source_block_id=feed&source_page_id=search_cate1&source_info=desktop2_60_1740105976724_3515dc3c-c8ae-47ff-97e1-6e7161e9777d_-1_default_0_52_3_-1
Điện thoại Oppo A31 Ram 8Gb/256Gb mới Fullbox - Bảo hành 12 tháng1.550.000đMua trước trả sauĐã bán 3224.8/5Hà Nội,Mua trước trả sau,1.550.000đ,Mua trước trả sau,Điện thoại Oppo A31 Ram 8Gb/256Gb mới Fullbox - Bảo hành 12 tháng,https://www.sendo.vn/dien-thoai-oppo-a31-ram-8gb256gb-moi-fullbox-bao-hanh-12-thang-12208005.html?source_block_id=feed&source_page_id=search_cate1&source_info=desktop2_60_1740105976724_3515dc3c-c8ae-47ff-97e1-6e7161e9777d_-1_default_0_53_3_-1
TRỢ GIÁ SHIP Điện thoại 1280 Tặng kèm pin255.000đMua trước trả sauĐã bán 203.6/5Hà Nội,Mua trước trả sau,255.000đ,Mua trước trả sau,TRỢ GIÁ SHIP Điện thoại 1280 Tặng kèm pin,https://www.sendo.vn/tro-gia-ship-dien-thoai-1280-tang-kem-pin-9365699.html?source_block_id=feed&source_page_id=search_cate1&source_info=desktop2_60_1740105976724_3515dc3c-c8ae-47ff-97e1-6e7161e9777d_-1_default_0_54_3_-1
ĐIỆN THOẠI REALME C33 RAM 8GB/ 256GB 2 SIM5.100.002đ-52%2.499.000đMua trước trả sauĐã bán 224.8/5Hà Nội,5.100.002đ,2.499.000đ,-52%,ĐIỆN THOẠI REALME C33 RAM 8GB/ 256GB 2 SIM,https://www.sendo.vn/dien-thoai-realme-c33-ram-8gb-256gb-2-sim-22101655.html?source_block_id=feed&source_page_id=search_cate1&source_info=desktop2_60_1740105976724_3515dc3c-c8ae-47ff-97e1-6e7161e9777d_-1_default_0_55_3_-1
IPHONE 6S PLUS  MỚI 99 %1.850.000đMua trước trả sauĐã bán 1044.9/5TP.HCM,Mua trước trả sau,1.850.000đ,Mua trước trả sau,IPHONE 6S PLUS  MỚI 99 %,https://www.sendo.vn/iphone-6s-plus-moi-99-17299769.html?source_block_id=feed&source_page_id=search_cate1&source_info=desktop2_60_1740105976724_3515dc3c-c8ae-47ff-97e1-6e7161e9777d_-1_default_0_56_3_-1
iphone 6s 64gb quốc tế chính hãng1.850.000đMua trước trả sauĐã bán 784.8/5TP.HCM,Mua trước trả sau,1.850.000đ,Mua trước trả sau,iphone 6s 64gb quốc tế chính hãng,https://www.sendo.vn/iphone-6s-64gb-quoc-te-chinh-hang-21644160.html?source_block_id=feed&source_page_id=search_cate1&source_info=desktop2_60_1740105976724_3515dc3c-c8ae-47ff-97e1-6e7161e9777d_-1_default_0_57_3_-1
điện thoại Oppo A73 5G Ram 8GB/ 256GB FullBox4.200.000đ-49%2.160.000đMua trước trả sauĐã bán 735/5Hà Nội,4.200.000đ,2.160.000đ,-49%,điện thoại Oppo A73 5G Ram 8GB/ 256GB FullBox,https://www.sendo.vn/dien-thoai-oppo-a73-5g-ram-8gb-256gb-fullbox-7538222.html?source_block_id=feed&source_page_id=search_cate1&source_info=desktop2_60_1740105976724_3515dc3c-c8ae-47ff-97e1-6e7161e9777d_-1_default_0_58_3_-1
Điện thoại Vivo Y19 ram 8GB/ 128GB 2 Sim Fullbox3.500.001đ-49%1.799.000đMua trước trả sauĐã bán 184.6/5Hà Nội,3.500.001đ,1.799.000đ,-49%,Điện thoại Vivo Y19 ram 8GB/ 128GB 2 Sim Fullbox,https://www.sendo.vn/dien-thoai-vivo-y19-ram-8gb-128gb-2-sim-fullbox-12508734.html?source_block_id=feed&source_page_id=search_cate1&source_info=desktop2_60_1740105976724_3515dc3c-c8ae-47ff-97e1-6e7161e9777d_-1_default_0_59_3_-1
Điện thoại Oppo Reno 4Z 5G Ram 12GB/256GB5.000.000đ-51%2.490.000đMua trước trả sauĐã bán 455/5Hà Nội,5.000.000đ,2.490.000đ,-51%,Điện thoại Oppo Reno 4Z 5G Ram 12GB/256GB,https://www.sendo.vn/dien-thoai-oppo-reno-4z-5g-ram-12gb256gb-5956294.html?source_block_id=feed&source_page_id=search_cate1&source_info=desktop2_60_1740105976724_3515dc3c-c8ae-47ff-97e1-6e7161e9777d_-1_default_0_60_3_-1
