title,price,sold,rating,location,link
Quần Short Trơn unisex - giá sốc + Dập Gân Giữa Ống- chất cotton cao cấp phong cách thể thao mặc thoáng co dãn 4 chiều,Hà Nội,https://www.lazada.vn/products/quan-short-tron-unisex-gia-soc-dap-gan-giua-ong-chat-cotton-cao-cap-phong-cach-the-thao-mac-thoang-co-dan-4-chieu-i2142393427.html,150.000 ₫,58.000 ₫,Không có đánh giá
"Quần Short Lưới Nam Ice Silk Dáng Rộng Nhanh Khô Phong Cách Mỹ Để Chạy Bộ Thể Dục Bóng Rổ Quần Short Thông Thường Thoải Mái, Thoáng Khí Đa Năng",Nước ngoài,https://www.lazada.vn/products/quan-short-luoi-nam-ice-silk-dang-rong-nhanh-kho-phong-cach-my-de-chay-bo-the-duc-bong-ro-quan-short-thong-thuong-thoai-mai-thoang-khi-da-nang-i3008333022.html,120.000 ₫,77.000 ₫,0
Quần Jogger Nam Nữ Trơn big size Basic Thun Poly 2 da co giãn 4 chiều Phong Cách Thể Dục Thể Thao Năng Động Cá Tính,Hồ Chí Minh,https://www.lazada.vn/products/quan-jogger-nam-nu-tron-big-size-basic-thun-poly-2-da-co-gian-4-chieu-phong-cach-the-duc-the-thao-nang-dong-ca-tinh-i1887643293.html,119.000 ₫,79.000 ₫,4.9
Quần dài nam ống xuông thun Poly phong cách thể thao trơn có khóa túi form rộng có big size,Hồ Chí Minh,https://www.lazada.vn/products/quan-dai-nam-ong-xuong-thun-poly-phong-cach-the-thao-tron-co-khoa-tui-form-rong-co-big-size-i2339162214.html,129.000 ₫,79.000 ₫,Không có đánh giá
QUẦN LEGGING NỮ 4 TÚI SIÊU ĐẸP CO GIÃN 4 CHIỀU VẢI COTTON DÀY DẶN,Hà Nội,https://www.lazada.vn/products/quan-legging-nu-4-tui-sieu-dep-co-gian-4-chieu-vai-cotton-day-dan-i1746562901.html,149.000 ₫,77.100 ₫,Không có đánh giá
Quần  dài thể thao nam  -Quần dài nam chất POLY co giãn 4 chiều mềm mịn,Hà Nội,https://www.lazada.vn/products/quan-dai-the-thao-nam-quan-dai-nam-chat-poly-co-gian-4-chieu-mem-min-i2158233265.html,119.000 ₫,79.000 ₫,Không có đánh giá
Quần Thể Thao Jogger Nam Chất Polyeste Cao Cấp,Hà Nội,https://www.lazada.vn/products/quan-the-thao-jogger-nam-chat-polyeste-cao-cap-i798820064.html,199.000 ₫,99.000 ₫,Không có đánh giá
Quần Short Cầu Lông YONEX 6 Màu Lựa Chọn,Bắc Ninh,https://www.lazada.vn/products/quan-short-cau-long-yonex-6-mau-lua-chon-i1166656017.html,150.000 ₫,69.000 ₫,Không có đánh giá
Quần short đũi thể thao nam quần ngố đũi nam,Hà Nội,https://www.lazada.vn/products/quan-short-dui-the-thao-nam-quan-ngo-dui-nam-i774982519.html,115.000 ₫,62.000 ₫,Không có đánh giá
Quần jogger thể thao nam ống xuông có big size đến 90kg,Hồ Chí Minh,https://www.lazada.vn/products/quan-jogger-the-thao-nam-ong-xuong-co-big-size-den-90kg-i1732034337.html,125.000 ₫,75.000 ₫,Không có đánh giá
Quần Short Lụa Băng Màu Trơn Hợp Thời Trang Dành Cho Nam Quần Thể Thao Mùa Hè Dáng Rộng Phong Cách Hồng Kông Quần Năm Phút Đa Năng,Nước ngoài,https://www.lazada.vn/products/quan-short-lua-bang-mau-tron-hop-thoi-trang-danh-cho-nam-quan-the-thao-mua-he-dang-rong-phong-cach-hong-kong-quan-nam-phut-da-nang-i3004196855.html,69.000 ₫,37.100 ₫,0
Quần Legging Nữ Vwaist Nhanh Khô Scrunch Nâng Mông Se Khít Thể Dục Quần Áo Bảo Hộ Lao Động Có Túi Quần Tập Yoga,Nước ngoài,https://www.lazada.vn/products/quan-legging-nu-vwaist-nhanh-kho-scrunch-nang-mong-se-khit-the-duc-quan-ao-bao-ho-lao-dong-co-tui-quan-tap-yoga-i2998469384.html,393.000 ₫,272.700 ₫,0
Quần Dài Nam Bằng Lụa Băng Co Giãn Thường Ngày Mỏng Mùa Hè Quần Dài Thể Thao Cạp Vừa Màu Trơn Quần Dài Thẳng,Hong Kong,https://www.lazada.vn/products/quan-dai-nam-bang-lua-bang-co-gian-thuong-ngay-mong-mua-he-quan-dai-the-thao-cap-vua-mau-tron-quan-dai-thang-i2985509913.html,841.000 ₫,147.000 ₫,Không có đánh giá
Cao Cấp Màu Quần Bà Bầu Dành Cho Phụ Nữ Mang Thai Chuông Hỗ Trợ Quần Skinny Nylon Tất Cả Các Mùa Thoải Mái Phù Hợp Với,Nước ngoài,https://www.lazada.vn/products/cao-cap-mau-quan-ba-bau-danh-cho-phu-nu-mang-thai-chuong-ho-tro-quan-skinny-nylon-tat-ca-cac-mua-thoai-mai-phu-hop-voi-i3005469171.html,209.000 ₫,112.700 ₫,0
Nam Hợp Thời Trang Lưới Chạy Bộ Thể Thao Quần Short Giữa Eo Quần Ống Rộng Phong Cách Mùa Hè Hốc Dáng Rộng Cho Sự Thoải Mái,Nước ngoài,https://www.lazada.vn/products/nam-hop-thoi-trang-luoi-chay-bo-the-thao-quan-short-giua-eo-quan-ong-rong-phong-cach-mua-he-hoc-dang-rong-cho-su-thoai-mai-i2988822426.html,118.000 ₫,72.000 ₫,0
Nam Dáng Rộng Quần Dài Thấm Hút Mồ Hôi Cho Mùa Thu Oversize Đường Phố Hip Hop Thiết Kế Nhạy Cảm Hốc Thời Trang Quần Rộng,Nước ngoài,https://www.lazada.vn/products/nam-dang-rong-quan-dai-tham-hut-mo-hoi-cho-mua-thu-oversize-duong-pho-hip-hop-thiet-ke-nhay-cam-hoc-thoi-trang-quan-rong-i2999374467.html,257.000 ₫,158.400 ₫,0
Vintage JK Sọc Đan Khối Màu Quần Legging Ấm Worsted Sợi Cách Học Tất Bao Thiết Kế Mỹ,Nước ngoài,https://www.lazada.vn/products/vintage-jk-soc-dan-khoi-mau-quan-legging-am-worsted-soi-cach-hoc-tat-bao-thiet-ke-my-i2999405278.html,84.000 ₫,32.000 ₫,0
Quần Dài Ba Điểm Mỏng Nhanh Khô Thường Ngày Cho Nam Mùa Hè Quần Short Chạy Bộ Thể Dục Quần Dài Ba Điểm Bốn Điểm Mặc Ở Nhà Ngủ,Hong Kong,https://www.lazada.vn/products/quan-dai-ba-diem-mong-nhanh-kho-thuong-ngay-cho-nam-mua-he-quan-short-chay-bo-the-duc-quan-dai-ba-diem-bon-diem-mac-o-nha-ngu-i2983291207.html,962.000 ₫,84.000 ₫,Không có đánh giá
Nữ Phong Cách Bóng Rổ Quần Short Nhanh Khô Thể Thao Chạy Bộ Thể Dục Quần Mùa Hè Thường Ngày 2 Bộ Huấn Luyện Ảo Ảnh,Nước ngoài,https://www.lazada.vn/products/nu-phong-cach-bong-ro-quan-short-nhanh-kho-the-thao-chay-bo-the-duc-quan-mua-he-thuong-ngay-2-bo-huan-luyen-ao-anh-i2998620085.html,140.000 ₫,86.400 ₫,0
Quần Short Tập Luyện Thông Thường Khô Nhanh Cho Nam Thiết Kế Bên Trong Thoáng Khí Quần Chạy Bộ Xuyên Biên Giới Phong Cách Âu Mỹ,Nước ngoài,https://www.lazada.vn/products/quan-short-tap-luyen-thong-thuong-kho-nhanh-cho-nam-thiet-ke-ben-trong-thoang-khi-quan-chay-bo-xuyen-bien-gioi-phong-cach-au-my-i3004363606.html,221.000 ₫,170.000 ₫,0
Nam Mùa Hè Thể Thao Eric Emanuel Lưới Thể Dục Bóng Rổ Quần Đi Biển Giữa Eo Dây Rút Tập Gym Dài Thấm Hút Mồ Hôi Cho Nam,Nước ngoài,https://www.lazada.vn/products/nam-mua-he-the-thao-eric-emanuel-luoi-the-duc-bong-ro-quan-di-bien-giua-eo-day-rut-tap-gym-dai-tham-hut-mo-hoi-cho-nam-i3006920530.html,229.000 ₫,122.500 ₫,0
Nam Siêu Mỏng Nhanh Khô Băng Lụa Quần Âu Dáng Rộng Hợp Thời Trang Dài Thấm Hút Mồ Hôi Cho Mắt Cá Chân Quần Dài Đa Năng Cho Mọi Dịp,Nước ngoài,https://www.lazada.vn/products/nam-sieu-mong-nhanh-kho-bang-lua-quan-au-dang-rong-hop-thoi-trang-dai-tham-hut-mo-hoi-cho-mat-ca-chan-quan-dai-da-nang-cho-moi-dip-i3001652480.html,143.000 ₫,77.000 ₫,0
Nữ Cao Cấp Cotton Thể Thao Quần Short Công Sở Dáng Rộng Thường Ngày Plus-Kích Thước Mùa Hè 2024 Hàng Mới Về hình-Mặc Quần Short,Nước ngoài,https://www.lazada.vn/products/nu-cao-cap-cotton-the-thao-quan-short-cong-so-dang-rong-thuong-ngay-plus-kich-thuoc-mua-he-2024-hang-moi-ve-hinh-mac-quan-short-i3005737450.html,197.000 ₫,152.000 ₫,0
"Quần Short Thể Thao Mùa Hè Ice Silk Cỡ Lớn Cho Nam, Quần Dài Ống Đứng Rộng Rãi, Nhanh Khô, Thoải Mái, Thoáng Khí, Quần Dài Thường Ngày",Hong Kong,https://www.lazada.vn/products/quan-short-the-thao-mua-he-ice-silk-co-lon-cho-nam-quan-dai-ong-dung-rong-rai-nhanh-kho-thoai-mai-thoang-khi-quan-dai-thuong-ngay-i2997291563.html,423.000 ₫,74.000 ₫,Không có đánh giá
Quần Dài Thể Thao Nam Bằng Lụa Băng Mùa Thu Đông Ấm Áp Quần Dài Thể Thao Thường Ngày Ống Thẳng Quần Dài Thể Thao Nam,Hong Kong,https://www.lazada.vn/products/quan-dai-the-thao-nam-bang-lua-bang-mua-thu-dong-am-ap-quan-dai-the-thao-thuong-ngay-ong-thang-quan-dai-the-thao-nam-i2991784538.html,949.000 ₫,101.000 ₫,Không có đánh giá
Nam Mùa Hè Sang Trọng Thêu Chữ Thể Thao Quần Âu Nhẹ Mắt Cá Chân Kèm Tủ Quần Áo Đa Năng Mảnh,Nước ngoài,https://www.lazada.vn/products/nam-mua-he-sang-trong-theu-chu-the-thao-quan-au-nhe-mat-ca-chan-kem-tu-quan-ao-da-nang-manh-i3001691124.html,498.000 ₫,383.000 ₫,Không có đánh giá
Nam Plus Kích Thước Nhanh Khô Thoáng Khí Quần Chạy Bộ 3/4 Vừa Vặn Quần Short Tập Thể Dục Mùa Hè Siêu Quần Short,Nước ngoài,https://www.lazada.vn/products/nam-plus-kich-thuoc-nhanh-kho-thoang-khi-quan-chay-bo-34-vua-van-quan-short-tap-the-duc-mua-he-sieu-quan-short-i3000420319.html,80.000 ₫,62.000 ₫,Không có đánh giá
Blacktrunks Nam Nhanh Khô Váy Mùa Hè 2025 Thể Dục Ngoài Trời Chạy Bộ Thoải Mái Cắt Năm Phút Quần Short,Nước ngoài,https://www.lazada.vn/products/blacktrunks-nam-nhanh-kho-vay-mua-he-2025-the-duc-ngoai-troi-chay-bo-thoai-mai-cat-nam-phut-quan-short-i3000456268.html,88.000 ₫,40.800 ₫,0
Quần gió thể thao CARDINA dáng suông có dây rút bo gấu thể thao 5QDT22,Hà Nội,https://www.lazada.vn/products/quan-gio-the-thao-cardina-dang-suong-co-day-rut-bo-gau-the-thao-5qdt22-i3006914729.html,419.000 ₫,295.000 ₫,Không có đánh giá
Quần Legging Liền Mạch Cao Cấp Cho Nữ Thể Dục Chạy Bộ Quần Tập Yoga Có Túi Chiến Lợi Phẩm Nâng Tập Gym Bé Gái Thể Thao Năng Lượng Chiều Dài Đến Mắt Cá Chân,Nước ngoài,https://www.lazada.vn/products/quan-legging-lien-mach-cao-cap-cho-nu-the-duc-chay-bo-quan-tap-yoga-co-tui-chien-loi-pham-nang-tap-gym-be-gai-the-thao-nang-luong-chieu-dai-den-mat-ca-chan-i2997196786.html,371.000 ₫,285.000 ₫,5.0
"ZYT Quần thể thao dáng ôm, lưng cao, quần tập yoga, quần thể thao, quần ống loe ống rộng thanh lịch.",Hồ Chí Minh,https://www.lazada.vn/products/zyt-quan-the-thao-dang-om-lung-cao-quan-tap-yoga-quan-the-thao-quan-ong-loe-ong-rong-thanh-lich-i2639257997.html,349.999 ₫,130.500 ₫,Không có đánh giá
Quần Short Thể Thao Liền Mạch Cao Cấp Cho Nữ Mỏng Thể Dục Đi Xe Đạp Chạy Bộ Quần Short Đi Bộ Đường Dài Polyester,Nước ngoài,https://www.lazada.vn/products/quan-short-the-thao-lien-mach-cao-cap-cho-nu-mong-the-duc-di-xe-dap-chay-bo-quan-short-di-bo-duong-dai-polyester-i2997285521.html,69.000 ₫,37.100 ₫,0
"[MUA 3 GIẢM 10% SALE CUỐI THÁNG] Quần dài thể thao nam GUZADO Quần Thể Thao Vơi Chất Vải Gió Cao Cấp, Ống Suông, Thể Thao Khỏe Khoắn, Cạp Chun, Vận Động Thoải Mái GDC01",Hà Nội,https://www.lazada.vn/products/mua-3-giam-10-sale-cuoi-thang-quan-dai-the-thao-nam-guzado-quan-the-thao-voi-chat-vai-gio-cao-cap-ong-suong-the-thao-khoe-khoan-cap-chun-van-dong-thoai-mai-gdc01-i1665715970.html,390.000 ₫,195.000 ₫,Không có đánh giá
"Quần Đùi Thể Thao Tập Gym Nam KSM Menswear Thiết Kế Xẻ Bầu Phù Hợp Chạy Bộ, Bơi Lội Q210",Hồ Chí Minh,https://www.lazada.vn/products/quan-dui-the-thao-tap-gym-nam-ksm-menswear-thiet-ke-xe-bau-phu-hop-chay-bo-boi-loi-q210-i2088490743.html,160.000 ₫,69.000 ₫,Không có đánh giá
"[MUA 3 GIẢM 10% SALE CUỐI THÁNG] Quần Dài Thể Thao Nam GUZADO, Chất Vải Gió Mềm Mịn, Không Nhăn Nhàu, Cạp Chun Trẻ Trung, Phong Cách GDC01",Hà Nội,https://www.lazada.vn/products/mua-3-giam-10-sale-cuoi-thang-quan-dai-the-thao-nam-guzado-chat-vai-gio-mem-min-khong-nhan-nhau-cap-chun-tre-trung-phong-cach-gdc01-i1665803679.html,390.000 ₫,195.000 ₫,Không có đánh giá
Quần Short Tập Gym- Yoga_ Aerobic  Nữ Cạp Cao,Bình Dương,https://www.lazada.vn/products/quan-short-tap-gym-yoga_-aerobic-nu-cap-cao-i1302724328.html,140.000 ₫,68.000 ₫,Không có đánh giá
Quần chạy bộ Nam 2 lớp Quần short thể thao khô nhanh mùa hè 2024 dành cho nam tập luyện đàn hồi cao thoáng khí Chạy bộ thể dục Quần tập-HXVN4054,China,https://www.lazada.vn/products/quan-chay-bo-nam-2-lop-quan-short-the-thao-kho-nhanh-mua-he-2024-danh-cho-nam-tap-luyen-dan-hoi-cao-thoang-khi-chay-bo-the-duc-quan-tap-hxvn4054-i2660884874.html,120.000 ₫,115.000 ₫,Không có đánh giá
"NEENCA Đi xe quần/Backbag quần short,5D Gel điền người đàn ông đi xe đạp quần short,Đường núi đi xe bán quần legging",Hồ Chí Minh,https://www.lazada.vn/products/neenca-di-xe-quanbackbag-quan-short5d-gel-dien-nguoi-dan-ong-di-xe-dap-quan-shortduong-nui-di-xe-ban-quan-legging-i2715776585.html,390.000 ₫,205.000 ₫,Không có đánh giá
"Quần Dài Thể Thao Nam MENTORIS, Chất Gió Thể Thao Cao Cấp,Ống suông, Khoẻ Khoắn Co Giãn Vận Động Thoải Mái MDC01",Hà Nội,https://www.lazada.vn/products/quan-dai-the-thao-nam-mentoris-chat-gio-the-thao-cao-capong-suong-khoe-khoan-co-gian-van-dong-thoai-mai-mdc01-i1739884581.html,325.000 ₫,245.000 ₫,Không có đánh giá
"Quần Đùi Thể Thao 2 Lớp Tập Gym Nam KSM Store Thiết Kế Xẻ V, Túi Zip Phù Hợp Chạy Bộ, Bơi Lội Q209A",Hồ Chí Minh,https://www.lazada.vn/products/quan-dui-the-thao-2-lop-tap-gym-nam-ksm-store-thiet-ke-xe-v-tui-zip-phu-hop-chay-bo-boi-loi-q209a-i2104398489.html,217.000 ₫,149.000 ₫,Không có đánh giá
"Quần bò mới nhất, mùa thu, mùa đông, eo cao, chân gầy, ống thẳng, quần đùi rộng.",Long An,https://www.lazada.vn/products/quan-bo-moi-nhat-mua-thu-mua-dong-eo-cao-chan-gay-ong-thang-quan-dui-rong-i2523311758.html,159.600 ₫,59.100 ₫,Không có đánh giá
Mùa xuân và mùa hè ánh sáng màu chống nắng quần thư dừa in cho nam giới và phụ nữ giải trí bãi biển muỗi quần,Long An,https://www.lazada.vn/products/mua-xuan-va-mua-he-anh-sang-mau-chong-nang-quan-thu-dua-in-cho-nam-gioi-va-phu-nu-giai-tri-bai-bien-muoi-quan-i2532900972.html,131.100 ₫,28.400 ₫,Không có đánh giá
Nam và nữ xuân hè ánh sáng màu chống nắng quần graffiti đầy màu sắc in quần muỗi bãi biển giản dị cho nam và nữ,Long An,https://www.lazada.vn/products/nam-va-nu-xuan-he-anh-sang-mau-chong-nang-quan-graffiti-day-mau-sac-in-quan-muoi-bai-bien-gian-di-cho-nam-va-nu-i2532968538.html,131.100 ₫,42.000 ₫,Không có đánh giá
"Quần Đùi Nam Có Túi Dáng Basic, Quần Short Nam Da Cá Chất Liệu Cotton Co Giãn Thoáng Mát Thấm Hút Mồ Hôi QĐ03",Hà Nội,https://www.lazada.vn/products/quan-dui-nam-co-tui-dang-basic-quan-short-nam-da-ca-chat-lieu-cotton-co-gian-thoang-mat-tham-hut-mo-hoi-qd03-i2671905639.html,70.000 ₫,49.000 ₫,Không có đánh giá
"Quần dài nữ, ống rộng suông chất nỉ sịn unisex nam nữ đều mặc được, hàng đẹp dày dặn lưng thun ống xuông dài thu đông.",Hà Nội,https://www.lazada.vn/products/quan-dai-nu-ong-rong-suong-chat-ni-sin-unisex-nam-nu-deu-mac-duoc-hang-dep-day-dan-lung-thun-ong-xuong-dai-thu-dong-i2530005077.html,198.000 ₫,99.000 ₫,Không có đánh giá
"Quần thể dục bé trai, gái, đồng phục học sinh",Hồ Chí Minh,https://www.lazada.vn/products/quan-the-duc-be-trai-gai-dong-phuc-hoc-sinh-i2804635542.html,68.000 ₫,63.000 ₫,Không có đánh giá
Quần thể dục thể thao nam nữ 3 sọc thời trang vải Poly co giãn mịn mát rất xịn sò ống xuông có big size,Hồ Chí Minh,https://www.lazada.vn/products/quan-the-duc-the-thao-nam-nu-3-soc-thoi-trang-vai-poly-co-gian-min-mat-rat-xin-so-ong-xuong-co-big-size-i1191540200.html,105.000 ₫,75.000 ₫,Không có đánh giá
"Quần Thể Thao 3 Sọc Nam Nữ, Chất Thun Poly 2 da Không xù lông không nhăn, bigsize",Hồ Chí Minh,https://www.lazada.vn/products/quan-the-thao-3-soc-nam-nu-chat-thun-poly-2-da-khong-xu-long-khong-nhan-bigsize-i1631725898.html,109.000 ₫,79.000 ₫,Không có đánh giá
Quần Thể Thao Nam Mùa Thu Đông Lót Lông Cừu Rộng Rãi Có Dây Rút Quần Dài Thường Ngày Cỡ Lớn Quần Nỉ Thoải Mái,Hong Kong,https://www.lazada.vn/products/quan-the-thao-nam-mua-thu-dong-lot-long-cuu-rong-rai-co-day-rut-quan-dai-thuong-ngay-co-lon-quan-ni-thoai-mai-i2726344041.html,517.000 ₫,94.000 ₫,Không có đánh giá
QUẦN THỂ DỤC THỂ THAO HỌC SINH SINH VIÊN 2 SỌC MÀU XANH ĐEN ( quần thê dục đồng phục học sinh ),Đà Nẵng,https://www.lazada.vn/products/quan-the-duc-the-thao-hoc-sinh-sinh-vien-2-soc-mau-xanh-den-quan-the-duc-dong-phuc-hoc-sinh-i1200278114.html,59.000 ₫,23.750 ₫,4.8
"Quần dài nam thể thao daily pants thương hiệu KEYMAN chất vải gió mè cao cấp co giãn 4 chiều,cạp chun,vận động thoải mái",Hồ Chí Minh,https://www.lazada.vn/products/quan-dai-nam-the-thao-daily-pants-thuong-hieu-keyman-chat-vai-gio-me-cao-cap-co-gian-4-chieucap-chunvan-dong-thoai-mai-i2548688186.html,359.000 ₫,189.000 ₫,Không có đánh giá
Newboler Quần đùi xe đạp đường trường xe đạp leo núi quần đùi đạp xe chống sốc quần đùi đi xe đạp đệm Gel 5D đồ lót nam quần lót xe đạp,Hồ Chí Minh,https://www.lazada.vn/products/newboler-quan-dui-xe-dap-duong-truong-xe-dap-leo-nui-quan-dui-dap-xe-chong-soc-quan-dui-di-xe-dap-dem-gel-5d-do-lot-nam-quan-lot-xe-dap-i2437004723.html,323.000 ₫,134.305 ₫,Không có đánh giá
Quần Legging Thể Dục Nữ Cạp Cao Plus Size Nhanh Khô Co Giãn Dài Thấm Hút Mồ Hôi Cho Tập Yoga Cảm Giác Khỏa Thân Bụng Inching Quần Legging,Nước ngoài,https://www.lazada.vn/products/quan-legging-the-duc-nu-cap-cao-plus-size-nhanh-kho-co-gian-dai-tham-hut-mo-hoi-cho-tap-yoga-cam-giac-khoa-than-bung-inching-quan-legging-i2996685356.html,469.000 ₫,288.800 ₫,0
INBIKE nam đi xe đạp quần sọt BIB màu trơn núi Quần short đi xe đạp cao cấp thoáng khí ngoài trời vớ đạp xe bảo vệ khỏi tia UV,China,https://www.lazada.vn/products/inbike-nam-di-xe-dap-quan-sot-bib-mau-tron-nui-quan-short-di-xe-dap-cao-cap-thoang-khi-ngoai-troi-vo-dap-xe-bao-ve-khoi-tia-uv-i2625925208.html,905.304 ₫,628.508 ₫,Không có đánh giá
Quần dài thể thao nam-Quần dài nam chất POLY co giãn 4 chiều cao cấp,Hà Nội,https://www.lazada.vn/products/quan-dai-the-thao-nam-quan-dai-nam-chat-poly-co-gian-4-chieu-cao-cap-i2312272043.html,119.000 ₫,79.000 ₫,Không có đánh giá
Quần thể dục 3 sọc nam và nữ có túi màu xanh đen dây chun có hình thật size S đến 5XL,Hồ Chí Minh,https://www.lazada.vn/products/quan-the-duc-3-soc-nam-va-nu-co-tui-mau-xanh-den-day-chun-co-hinh-that-size-s-den-5xl-i1766278783.html,950.000 ₫,75.000 ₫,Không có đánh giá
Quần dài thể thao nam phối 1 sọc nhỏ thời trang năng động mùa xuân hè 2023,Hồ Chí Minh,https://www.lazada.vn/products/quan-dai-the-thao-nam-phoi-1-soc-nho-thoi-trang-nang-dong-mua-xuan-he-2023-i2200434216.html,129.000 ₫,79.000 ₫,Không có đánh giá
Quần Giữ Nhiệt Nam Body DH sport quần combat pro cao cấp - DH sport,Hà Nội,https://www.lazada.vn/products/quan-giu-nhiet-nam-body-dh-sport-quan-combat-pro-cao-cap-dh-sport-i2480245427.html,108.000 ₫,64.000 ₫,Không có đánh giá
( GIÁ HỦY DIỆT)  QUẦN THỂ DỤC THỂ THAO HỌC SINH NGƯỜI LỚN MÀU XANH ĐEN 2 SỌC - ĐỒNG PHỤC HỌC SINH MÀU XANH ĐEN,Đà Nẵng,https://www.lazada.vn/products/gia-huy-diet-quan-the-duc-the-thao-hoc-sinh-nguoi-lon-mau-xanh-den-2-soc-dong-phuc-hoc-sinh-mau-xanh-den-i2369054415.html,49.000 ₫,28.120 ₫,4.9
Quần dài thể thao nam chất kaki dày dặn mặc đi làm đi chơi ba màu đen xám than HD76,Hà Nội,https://www.lazada.vn/products/quan-dai-the-thao-nam-chat-kaki-day-dan-mac-di-lam-di-choi-ba-mau-den-xam-than-hd76-i2234354786.html,89.000 ₫,75.000 ₫,Không có đánh giá
AP21 QUẦN THỂ DỤC THỂ THAO 3 SỌC TÚI KHOÁ 2 BÊN SIZE 34-65KG,Đà Nẵng,https://www.lazada.vn/products/ap21-quan-the-duc-the-thao-3-soc-tui-khoa-2-ben-size-34-65kg-i2368999481.html,69.000 ₫,36.000 ₫,4.6
Nam Ice Silk Quần Short Mùa Hè 2023 Dáng Rộng Nhanh Khô Thể Thao Điều Hòa Không Khí Quần Lót Nylon,Nước ngoài,https://www.lazada.vn/products/nam-ice-silk-quan-short-mua-he-2023-dang-rong-nhanh-kho-the-thao-dieu-hoa-khong-khi-quan-lot-nylon-i2901943431.html,84.000 ₫,38.400 ₫,5.0
"Quần viền thể thao  mẫu mới  có dây buộc 2 bên phối viền hót hít , ống rộng dáng suông phong cách thể thao trẻ trυng",Thanh Hóa,https://www.lazada.vn/products/quan-vien-the-thao-mau-moi-co-day-buoc-2-ben-phoi-vien-hot-hit-ong-rong-dang-suong-phong-cach-the-thao-tre-trng-i2891655375.html,106.000 ₫,51.700 ₫,2.0
Nam Plus Kích Thước Dáng Rộng Quần Âu Hợp Thời Trang Thu Đông Lông Cừu Dày Thể Thao Quần Tập Luyện,Nước ngoài,https://www.lazada.vn/products/nam-plus-kich-thuoc-dang-rong-quan-au-hop-thoi-trang-thu-dong-long-cuu-day-the-thao-quan-tap-luyen-i2906483723.html,147.000 ₫,82.500 ₫,Không có đánh giá
KEEP IT  quần chạy bộ nam ，quần short thể thao nam quần ba phần tư ，quần short tập luyện thông thường ，Giả hai mảnh để tránh bị lộ ，men's sports shorts,China,https://www.lazada.vn/products/keep-it-quan-chay-bo-nam-quan-short-the-thao-nam-quan-ba-phan-tu-quan-short-tap-luyen-thong-thuong-gia-hai-manh-de-tranh-bi-lo-mens-sports-shorts-i2661519983.html,99.000 ₫,65.000 ₫,Không có đánh giá
"Quần Giữ Nhiệt Nam ZATA, Quần Legging Nam Quần Dữ Nhiệt Nam Đá Bóng Combat Pro Cao Cấp Zata Vn - QGN",Hà Nội,https://www.lazada.vn/products/quan-giu-nhiet-nam-zata-quan-legging-nam-quan-du-nhiet-nam-da-bong-combat-pro-cao-cap-zata-vn-qgn-i1622862532.html,Không có thông số,69.000 ₫,4.9
"Quần dài thể thao nam thun PoLy 2 da có big size, mịn mát thoải mái vận động chống nóng, thời trang xuân hạ 2023",Hồ Chí Minh,https://www.lazada.vn/products/quan-dai-the-thao-nam-thun-poly-2-da-co-big-size-min-mat-thoai-mai-van-dong-chong-nong-thoi-trang-xuan-ha-2023-i2167160915.html,109.000 ₫,79.000 ₫,Không có đánh giá
MM20- QUẦN THỂ DỤC THỂ THAO HỌC SINH NGƯỜI LỚN MÀU XANH ĐEN 2 SỌC - ĐỒNG PHỤC THỂ DỤC HỌC SINH MÀU XANH ĐEN,Đà Nẵng,https://www.lazada.vn/products/mm20-quan-the-duc-the-thao-hoc-sinh-nguoi-lon-mau-xanh-den-2-soc-dong-phuc-the-duc-hoc-sinh-mau-xanh-den-i2086702846.html,Không có thông số,Không có mô tả,Không có đánh giá
Quần  thể thao nam Quân thể thao 3 sọc nam chất đẹp co giãn 4 chiều hàng VNXK,Hà Nội,https://www.lazada.vn/products/quan-the-thao-nam-quan-the-thao-3-soc-nam-chat-dep-co-gian-4-chieu-hang-vnxk-i847270240.html,Không có thông số,Không có mô tả,Không có đánh giá
Eo Thấp Cotton Thoáng Khí Quần Tập Yoga Nữ Gợi Cảm Phong Cách Pháp Ren Chi Tiết Hàng Mới Về Mùa Hè Tam Giác Quần,Hong Kong,https://www.lazada.vn/products/eo-thap-cotton-thoang-khi-quan-tap-yoga-nu-goi-cam-phong-cach-phap-ren-chi-tiet-hang-moi-ve-mua-he-tam-giac-quan-i2723525929.html,Không có thông số,Không có mô tả,Không có đánh giá
"Quần dài nam thể thao mịn mát thun POLY khóa kéo túi, có big size",Hồ Chí Minh,https://www.lazada.vn/products/quan-dai-nam-the-thao-min-mat-thun-poly-khoa-keo-tui-co-big-size-i2244825901.html,Không có thông số,Không có mô tả,Không có đánh giá
"Quần short, quần đùi nam thể thao TOPMEN chất poly thể thao co giãn có dây rút dáng lửng",Hà Nội,https://www.lazada.vn/products/quan-short-quan-dui-nam-the-thao-topmen-chat-poly-the-thao-co-gian-co-day-rut-dang-lung-i2187159069.html,99.000 ₫,75.000 ₫,Không có đánh giá
"QUẦN ĐÙI THỂ THAO, MẪU LI-NING. CHẤT THUN MÈ. THOÁNG MÁT. SIZE 45 - 100 kg",Nam Định,https://www.lazada.vn/products/quan-dui-the-thao-mau-li-ning-chat-thun-me-thoang-mat-size-45-100-kg-i2654157244.html,99.000 ₫,35.000 ₫,Không có đánh giá
[HCM] COMBO QUẦN JOGGER 3 CÁI 100.000 ( CÓ SIZE ĐẠI ) 100/3 CÁI,Hồ Chí Minh,https://www.lazada.vn/products/hcm-combo-quan-jogger-3-cai-100000-co-size-dai-1003-cai-i1064934416.html,180.000 ₫,120.000 ₫,Không có đánh giá
Nam Ice Silk Quần Mùa Hè Mỏng Thoáng Khí Phong Cách Hàn Quốc Dáng Rộng Chân Thẳng Quần Thể Thao INS Hợp Thời Trang Điều Hòa Không Khí,Nước ngoài,https://www.lazada.vn/products/nam-ice-silk-quan-mua-he-mong-thoang-khi-phong-cach-han-quoc-dang-rong-chan-thang-quan-the-thao-ins-hop-thoi-trang-dieu-hoa-khong-khi-i2865569579.html,84.000 ₫,39.000 ₫,Không có đánh giá
"Quần short Nam Thể Thao , quần short nam viền ,chất liệu vải mền mại ,co giản tốt -therapy6868-",Hồ Chí Minh,https://www.lazada.vn/products/quan-short-nam-the-thao-quan-short-nam-vien-chat-lieu-vai-men-mai-co-gian-tot-therapy6868-i1972464908.html,66.200 ₫,33.100 ₫,Không có đánh giá
QUẦN DÀI ỐNG BO THỂ THAO NỮ QUẦN DÀI THUN NỮ,Hồ Chí Minh,https://www.lazada.vn/products/quan-dai-ong-bo-the-thao-nu-quan-dai-thun-nu-i1298524484.html,65.000 ₫,50.000 ₫,Không có đánh giá
HOÀN TIỀN 15% - QUẦN GIỮ NHIỆT NAM COMBAT PRO QUẦN LEGGING TẬP GYM NAM MÀU ĐEN,Hà Nội,https://www.lazada.vn/products/hoan-tien-15-quan-giu-nhiet-nam-combat-pro-quan-legging-tap-gym-nam-mau-den-i2039148549.html,110.000 ₫,49.000 ₫,Không có đánh giá
[Huieson】 quần lụa Băng Nam độ co giãn cao thường nhật mỏng Nhanh Khô Quần lửng thể thao nam,China,https://www.lazada.vn/products/huieson-quan-lua-bang-nam-do-co-gian-cao-thuong-nhat-mong-nhanh-kho-quan-lung-the-thao-nam-i2584909039.html,128.000 ₫,65.000 ₫,Không có đánh giá
"Quần Giữ Nhiệt Loại Lót Nhung Cao Cấp Pro Combat, Quần Bó Cơ Legging Procombat Đá Bóng Tập Gym Cầu Lông Chạy Bộ",Vĩnh Phúc,https://www.lazada.vn/products/quan-giu-nhiet-loai-lot-nhung-cao-cap-pro-combat-quan-bo-co-legging-procombat-da-bong-tap-gym-cau-long-chay-bo-i2962369336.html,120.000 ₫,89.000 ₫,Không có đánh giá
