productID,productName,productURL,productImage,productRating,productNumRate,productNumSold,productBrand,categoryID,categoryInfo,productOrgPrice,productCrtPrice,sellerID,sellerName,sellerURL,sellerRating,sellerType,sellerLocation,inventoryStatus,inventoryStock,promotion
123705643,Sơn nước Lau Chùi Thoải Mái BEAUTY EZ CLEAN Nội thất trong nhà cao cấp màu xanh ngọc xanh lá đậm nhạt 1 Lít,son-nuoc-lau-chui-thoai-mai-beauty-ez-clean-noi-that-trong-nha-cao-cap-mau-xanh-ngoc-xanh-la-dam-nhat-1-lit-123705643,https://media3.scdn.vn/img4/2025/01_16/M1ZS71dA01vXeuJO1Dwf_simg_b5529c_250x250_maxb.jpg,0,0,0,OEM,1/2/2849/3640/3656,"[{""id"": 2849, ""title"": ""Tân Trang Nhà Cửa"", ""path"": ""tan-trang-nha-cua"", ""url_key"": ""tan-trang-nha-cua""}, {""id"": 3640, ""title"": ""Tân trang nhà cửa khác"", ""path"": ""tan-trang-nha-cua/tan-trang-nha-cua-khac"", ""url_key"": ""tan-trang-nha-cua-khac""}, {""id"": 3656, ""title"": ""Tân trang nhà cửa khác"", ""path"": ""tan-trang-nha-cua/tan-trang-nha-cua-khac/tan-trang-nha-cua-khac-3"", ""url_key"": ""tan-trang-nha-cua-khac-3""}]",124000,124000,820403,SON CHAU,shop/son-chau,4.8,"[""shop_plus""]",Bà Rịa–Vũng Tàu,1,60,0
123688673,Sơn nước Lau Chùi Thoải Mái BEAUTY EZ CLEAN Nội thất trong nhà cao cấp màu Xanh ngọc lá đậm rêu 1 Lít,son-nuoc-lau-chui-thoai-mai-beauty-ez-clean-noi-that-trong-nha-cao-cap-mau-xanh-ngoc-la-dam-reu-1-lit-123688673,https://media3.scdn.vn/img4/2025/01_05/DWMIPYHAIu706UU8ePjF_simg_b5529c_250x250_maxb.jpg,0,0,0,OEM,1/2/2849/3640/3656,"[{""id"": 2849, ""title"": ""Tân Trang Nhà Cửa"", ""path"": ""tan-trang-nha-cua"", ""url_key"": ""tan-trang-nha-cua""}, {""id"": 3640, ""title"": ""Tân trang nhà cửa khác"", ""path"": ""tan-trang-nha-cua/tan-trang-nha-cua-khac"", ""url_key"": ""tan-trang-nha-cua-khac""}, {""id"": 3656, ""title"": ""Tân trang nhà cửa khác"", ""path"": ""tan-trang-nha-cua/tan-trang-nha-cua-khac/tan-trang-nha-cua-khac-3"", ""url_key"": ""tan-trang-nha-cua-khac-3""}]",124000,124000,820403,SON CHAU,shop/son-chau,4.8,"[""shop_plus""]",Bà Rịa–Vũng Tàu,1,59,0
123705079,Sơn nước Lau Chùi Thoải Mái BEAUTY EZ CLEAN Nội thất trong nhà cao cấp màu kem gạch cam đất 1 Lít,son-nuoc-lau-chui-thoai-mai-beauty-ez-clean-noi-that-trong-nha-cao-cap-mau-kem-gach-cam-dat-1-lit-123705079,https://media3.scdn.vn/img4/2025/01_16/N15miRmnwhLFpyJVfzru_simg_b5529c_250x250_maxb.jpg,0,0,0,OEM,1/2/2849/3640/3656,"[{""id"": 2849, ""title"": ""Tân Trang Nhà Cửa"", ""path"": ""tan-trang-nha-cua"", ""url_key"": ""tan-trang-nha-cua""}, {""id"": 3640, ""title"": ""Tân trang nhà cửa khác"", ""path"": ""tan-trang-nha-cua/tan-trang-nha-cua-khac"", ""url_key"": ""tan-trang-nha-cua-khac""}, {""id"": 3656, ""title"": ""Tân trang nhà cửa khác"", ""path"": ""tan-trang-nha-cua/tan-trang-nha-cua-khac/tan-trang-nha-cua-khac-3"", ""url_key"": ""tan-trang-nha-cua-khac-3""}]",124000,124000,820403,SON CHAU,shop/son-chau,4.8,"[""shop_plus""]",Bà Rịa–Vũng Tàu,1,60,0
123704856,Sơn nước BEAUTY Nội thất Trong nhà màu kem gạch cam đất 1 Lít của URAI PAINTS,son-nuoc-beauty-noi-that-trong-nha-mau-kem-gach-cam-dat-1-lit-cua-urai-paints-123704856,https://media3.scdn.vn/img4/2025/01_15/NqffsZM5euWyKona4Mwx_simg_b5529c_250x250_maxb.jpg,0,0,0,OEM,1/2/2849/3640/3656,"[{""id"": 2849, ""title"": ""Tân Trang Nhà Cửa"", ""path"": ""tan-trang-nha-cua"", ""url_key"": ""tan-trang-nha-cua""}, {""id"": 3640, ""title"": ""Tân trang nhà cửa khác"", ""path"": ""tan-trang-nha-cua/tan-trang-nha-cua-khac"", ""url_key"": ""tan-trang-nha-cua-khac""}, {""id"": 3656, ""title"": ""Tân trang nhà cửa khác"", ""path"": ""tan-trang-nha-cua/tan-trang-nha-cua-khac/tan-trang-nha-cua-khac-3"", ""url_key"": ""tan-trang-nha-cua-khac-3""}]",109000,109000,820403,SON CHAU,shop/son-chau,4.8,"[""shop_plus""]",Bà Rịa–Vũng Tàu,1,666,0
117836700,"Bộ Đính Đá Full Nội Thất Xe Mitsubishi Xpander chất liệu đá cao cấp Swarovski sang trọng, thời thượng",bo-dinh-da-full-noi-that-xe-mitsubishi-xpander-chat-lieu-da-cao-cap-swarovski-sang-trong-thoi-thuong-117836700,https://media3.scdn.vn/img4/2024/07_23/hyNdBxCTpmj1VjP2wc3x_simg_b5529c_250x250_maxb.jpg,0,0,0,OEM,1/2/2150/2157/2172,"[{""id"": 2150, ""title"": ""Ô tô - Xe máy"", ""path"": ""o-to-xe-may"", ""url_key"": ""o-to-xe-may""}, {""id"": 2157, ""title"": ""Phụ kiện bên trong ô tô"", ""path"": ""o-to-xe-may/phu-kien-ben-trong-o-to"", ""url_key"": ""phu-kien-ben-trong-o-to""}, {""id"": 2172, ""title"": ""Phụ kiện bên trong ô tô khác"", ""path"": ""o-to-xe-may/phu-kien-ben-trong-o-to/phu-kien-ben-trong-o-to-khac"", ""url_key"": ""phu-kien-ben-trong-o-to-khac""}]",920600,850000,988439,Sale Online Upto 50,shop/sale-online-upto-50,2.8,"[""shop_plus""]",Lâm Đồng,1,200,11
117622078,"Gấu cài cửa gió xe ô tô trang trí nội thất xe- tặng kèm viên sáp thơm khử mùi xe, trang trí xế yêu lung linh",gau-cai-cua-gio-xe-o-to-trang-tri-noi-that-xe-tang-kem-vien-sap-thom-khu-mui-xe-trang-tri-xe-yeu-lung-linh-117622078,https://media3.scdn.vn/img4/2024/07_23/CPpt7nqGdveIiMWFGljc_simg_b5529c_250x250_maxb.jpg,0,0,0,OEM,1/2/2150/2157/2170,"[{""id"": 2150, ""title"": ""Ô tô - Xe máy"", ""path"": ""o-to-xe-may"", ""url_key"": ""o-to-xe-may""}, {""id"": 2157, ""title"": ""Phụ kiện bên trong ô tô"", ""path"": ""o-to-xe-may/phu-kien-ben-trong-o-to"", ""url_key"": ""phu-kien-ben-trong-o-to""}, {""id"": 2170, ""title"": ""Máy lọc không khí ô tô"", ""path"": ""o-to-xe-may/phu-kien-ben-trong-o-to/may-loc-khong-khi-o-to"", ""url_key"": ""may-loc-khong-khi-o-to""}]",541800,541800,988127,Saleshop88,shop/sale-shop-88,3.7,"[""shop_plus""]",Lâm Đồng,1,899991,0
117738917,"Lọ Dưỡng Bóng Nội Thất Xe WAX CARE - Tăng Độ Bền, Kéo Dài Tuổi Thọ Cho Ghế Da Oto",lo-duong-bong-noi-that-xe-wax-care-tang-do-ben-keo-dai-tuoi-tho-cho-ghe-da-oto-117738917,https://media3.scdn.vn/img4/2024/07_23/manvm26cq0U0KjCBQpK7_simg_b5529c_250x250_maxb.jpg,0,0,0,OEM,1/2/2150/3431/3510,"[{""id"": 2150, ""title"": ""Ô tô - Xe máy"", ""path"": ""o-to-xe-may"", ""url_key"": ""o-to-xe-may""}, {""id"": 3431, ""title"": ""Chăm sóc và bảo dưỡng ô tô, xe máy"", ""path"": ""o-to-xe-may/cham-soc-va-bao-duong-o-to-xe-may"", ""url_key"": ""cham-soc-va-bao-duong-o-to-xe-may""}, {""id"": 3510, ""title"": ""Chăm sóc và bảo dưỡng ô tô, xe máy khác"", ""path"": ""o-to-xe-may/cham-soc-va-bao-duong-o-to-xe-may/cham-soc-va-bao-duong-o-to-xe-may-khac"", ""url_key"": ""cham-soc-va-bao-duong-o-to-xe-may-khac""}]",526500,515000,988194,Mua Hàng Ưu Đãi,shop/mua-hang-uu-dai,1,"[""shop_plus""]",Lâm Đồng,1,99,3
117838292,"Túi Gel Vệ Sinh nội thất xe hơi, Bàn Phím,gel Lau Bụi Xe Ô Tô Tái Sử Dụng nhiều lần chuẩn hàng Supper Clean",tui-gel-ve-sinh-noi-that-xe-hoi-ban-phim-gel-lau-bui-xe-o-to-tai-su-dung-nhieu-lan-chuan-hang-supper-clean-117838292,https://media3.scdn.vn/img4/2024/07_23/sM8sIWgGFWj30UL60aaK_simg_b5529c_250x250_maxb.jpg,0,0,0,OEM,1/2/2150/3431/3510,"[{""id"": 2150, ""title"": ""Ô tô - Xe máy"", ""path"": ""o-to-xe-may"", ""url_key"": ""o-to-xe-may""}, {""id"": 3431, ""title"": ""Chăm sóc và bảo dưỡng ô tô, xe máy"", ""path"": ""o-to-xe-may/cham-soc-va-bao-duong-o-to-xe-may"", ""url_key"": ""cham-soc-va-bao-duong-o-to-xe-may""}, {""id"": 3510, ""title"": ""Chăm sóc và bảo dưỡng ô tô, xe máy khác"", ""path"": ""o-to-xe-may/cham-soc-va-bao-duong-o-to-xe-may/cham-soc-va-bao-duong-o-to-xe-may-khac"", ""url_key"": ""cham-soc-va-bao-duong-o-to-xe-may-khac""}]",479400,475000,988439,Sale Online Upto 50,shop/sale-online-upto-50,2.8,"[""shop_plus""]",Lâm Đồng,1,974,2
123691503,Sơn nước BEAUTY Nội thất Trong nhà màu Xanh lá nhạt đậm xanh rêu 1 Lít của URAI PAINTS,son-nuoc-beauty-noi-that-trong-nha-mau-xanh-la-nhat-dam-xanh-reu-1-lit-cua-urai-paints-123691503,https://media3.scdn.vn/img4/2025/01_09/CdlZtRt6Qehr3bUhKQqq_simg_b5529c_250x250_maxb.jpg,0,0,0,OEM,1/2/2849/3640/3656,"[{""id"": 2849, ""title"": ""Tân Trang Nhà Cửa"", ""path"": ""tan-trang-nha-cua"", ""url_key"": ""tan-trang-nha-cua""}, {""id"": 3640, ""title"": ""Tân trang nhà cửa khác"", ""path"": ""tan-trang-nha-cua/tan-trang-nha-cua-khac"", ""url_key"": ""tan-trang-nha-cua-khac""}, {""id"": 3656, ""title"": ""Tân trang nhà cửa khác"", ""path"": ""tan-trang-nha-cua/tan-trang-nha-cua-khac/tan-trang-nha-cua-khac-3"", ""url_key"": ""tan-trang-nha-cua-khac-3""}]",109000,109000,820403,SON CHAU,shop/son-chau,4.8,"[""shop_plus""]",Bà Rịa–Vũng Tàu,1,666,0
123704730,Sơn nước BEAUTY Nội thất Trong nhà màu hồng phấn nhạt đậm tím 1 Lít của URAI PAINTS,son-nuoc-beauty-noi-that-trong-nha-mau-hong-phan-nhat-dam-tim-1-lit-cua-urai-paints-123704730,https://media3.scdn.vn/img4/2025/01_15/opnr0r4ZZ7Rpj3pWCfuU_simg_b5529c_250x250_maxb.jpg,0,0,0,OEM,1/2/2849/3640/3656,"[{""id"": 2849, ""title"": ""Tân Trang Nhà Cửa"", ""path"": ""tan-trang-nha-cua"", ""url_key"": ""tan-trang-nha-cua""}, {""id"": 3640, ""title"": ""Tân trang nhà cửa khác"", ""path"": ""tan-trang-nha-cua/tan-trang-nha-cua-khac"", ""url_key"": ""tan-trang-nha-cua-khac""}, {""id"": 3656, ""title"": ""Tân trang nhà cửa khác"", ""path"": ""tan-trang-nha-cua/tan-trang-nha-cua-khac/tan-trang-nha-cua-khac-3"", ""url_key"": ""tan-trang-nha-cua-khac-3""}]",109000,109000,820403,SON CHAU,shop/son-chau,4.8,"[""shop_plus""]",Bà Rịa–Vũng Tàu,1,666,0
122794217,Sơn nước BEAUTY Nội thất Trong nhà màu Xám nhạt đậm đen xám lông chuột 1 Lít của URAI PAINTS,son-nuoc-beauty-noi-that-trong-nha-mau-xam-nhat-dam-den-xam-long-chuot-1-lit-cua-urai-paints-122794217,https://media3.scdn.vn/img4/2024/12_28/aCU1rvXzqgUjyxtHJ4V8_simg_b5529c_250x250_maxb.jpg,0,0,0,OEM,1/2/2849/3640/3656,"[{""id"": 2849, ""title"": ""Tân Trang Nhà Cửa"", ""path"": ""tan-trang-nha-cua"", ""url_key"": ""tan-trang-nha-cua""}, {""id"": 3640, ""title"": ""Tân trang nhà cửa khác"", ""path"": ""tan-trang-nha-cua/tan-trang-nha-cua-khac"", ""url_key"": ""tan-trang-nha-cua-khac""}, {""id"": 3656, ""title"": ""Tân trang nhà cửa khác"", ""path"": ""tan-trang-nha-cua/tan-trang-nha-cua-khac/tan-trang-nha-cua-khac-3"", ""url_key"": ""tan-trang-nha-cua-khac-3""}]",109000,109000,820403,SON CHAU,shop/son-chau,4.8,"[""shop_plus""]",Bà Rịa–Vũng Tàu,1,666,0
117739130,Khánh treo gương xe ô tô thiên nga đuôi đá pha lê cao cấp trang trí nội thất xế yêu,khanh-treo-guong-xe-o-to-thien-nga-duoi-da-pha-le-cao-cap-trang-tri-noi-that-xe-yeu-117739130,https://media3.scdn.vn/img4/2024/07_23/IMGb2pl3d6IsaeJF94Z4_simg_b5529c_250x250_maxb.jpg,0,0,0,OEM,1/2/2150/2157/2172,"[{""id"": 2150, ""title"": ""Ô tô - Xe máy"", ""path"": ""o-to-xe-may"", ""url_key"": ""o-to-xe-may""}, {""id"": 2157, ""title"": ""Phụ kiện bên trong ô tô"", ""path"": ""o-to-xe-may/phu-kien-ben-trong-o-to"", ""url_key"": ""phu-kien-ben-trong-o-to""}, {""id"": 2172, ""title"": ""Phụ kiện bên trong ô tô khác"", ""path"": ""o-to-xe-may/phu-kien-ben-trong-o-to/phu-kien-ben-trong-o-to-khac"", ""url_key"": ""phu-kien-ben-trong-o-to-khac""}]",671200,638000,988194,Mua Hàng Ưu Đãi,shop/mua-hang-uu-dai,1,"[""shop_plus""]",Lâm Đồng,1,199,6
123705673,Sơn nước Lau Chùi Thoải Mái BEAUTY EZ CLEAN Nội thất trong nhà cao cấp màu kem nâu gạch đất socola  1 Lít,son-nuoc-lau-chui-thoai-mai-beauty-ez-clean-noi-that-trong-nha-cao-cap-mau-kem-nau-gach-dat-socola-1-lit-123705673,https://media3.scdn.vn/img4/2025/01_16/BNyrA5nz3vubFVBzF8Ra_simg_b5529c_250x250_maxb.jpg,0,0,0,OEM,1/2/2849/3640/3656,"[{""id"": 2849, ""title"": ""Tân Trang Nhà Cửa"", ""path"": ""tan-trang-nha-cua"", ""url_key"": ""tan-trang-nha-cua""}, {""id"": 3640, ""title"": ""Tân trang nhà cửa khác"", ""path"": ""tan-trang-nha-cua/tan-trang-nha-cua-khac"", ""url_key"": ""tan-trang-nha-cua-khac""}, {""id"": 3656, ""title"": ""Tân trang nhà cửa khác"", ""path"": ""tan-trang-nha-cua/tan-trang-nha-cua-khac/tan-trang-nha-cua-khac-3"", ""url_key"": ""tan-trang-nha-cua-khac-3""}]",124000,124000,820403,SON CHAU,shop/son-chau,4.8,"[""shop_plus""]",Bà Rịa–Vũng Tàu,1,60,0
121225033,"Sơn nước Lau Chùi Thoải Mái BEAUTY EZ CLEAN Nội thất trong nhà cao cấp màukem nhạt , xanh lá green, lá mạ 1 Lít",son-nuoc-lau-chui-thoai-mai-beauty-ez-clean-noi-that-trong-nha-cao-cap-maukem-nhat-xanh-la-green-la-ma-1-lit-121225033,https://media3.scdn.vn/img4/2024/12_21/At46UuZIyVOUri7EgrEL_simg_b5529c_250x250_maxb.jpg,0,0,0,OEM,1/2/2849/3640/3656,"[{""id"": 2849, ""title"": ""Tân Trang Nhà Cửa"", ""path"": ""tan-trang-nha-cua"", ""url_key"": ""tan-trang-nha-cua""}, {""id"": 3640, ""title"": ""Tân trang nhà cửa khác"", ""path"": ""tan-trang-nha-cua/tan-trang-nha-cua-khac"", ""url_key"": ""tan-trang-nha-cua-khac""}, {""id"": 3656, ""title"": ""Tân trang nhà cửa khác"", ""path"": ""tan-trang-nha-cua/tan-trang-nha-cua-khac/tan-trang-nha-cua-khac-3"", ""url_key"": ""tan-trang-nha-cua-khac-3""}]",123000,123000,820403,SON CHAU,shop/son-chau,4.8,"[""shop_plus""]",Bà Rịa–Vũng Tàu,1,60,0
122812260,Sơn nước Lau Chùi Thoải Mái BEAUTY EZ CLEAN Nội thất trong nhà cao cấp màu Xám nhạt đậm đen xám lông chuột 1 Lít,son-nuoc-lau-chui-thoai-mai-beauty-ez-clean-noi-that-trong-nha-cao-cap-mau-xam-nhat-dam-den-xam-long-chuot-1-lit-122812260,https://media3.scdn.vn/img4/2024/12_28/iOCbQnoHISWwqg4aQeVZ_simg_b5529c_250x250_maxb.jpg,0,0,0,OEM,1/2/2849/3640/3656,"[{""id"": 2849, ""title"": ""Tân Trang Nhà Cửa"", ""path"": ""tan-trang-nha-cua"", ""url_key"": ""tan-trang-nha-cua""}, {""id"": 3640, ""title"": ""Tân trang nhà cửa khác"", ""path"": ""tan-trang-nha-cua/tan-trang-nha-cua-khac"", ""url_key"": ""tan-trang-nha-cua-khac""}, {""id"": 3656, ""title"": ""Tân trang nhà cửa khác"", ""path"": ""tan-trang-nha-cua/tan-trang-nha-cua-khac/tan-trang-nha-cua-khac-3"", ""url_key"": ""tan-trang-nha-cua-khac-3""}]",124000,124000,820403,SON CHAU,shop/son-chau,4.8,"[""shop_plus""]",Bà Rịa–Vũng Tàu,1,60,0
116313905,Bộ dụng cụ mút lau đánh bóng và làm sạch cho nội thất ngoại thất sơn xe có tay cầm,bo-dung-cu-mut-lau-danh-bong-va-lam-sach-cho-noi-that-ngoai-that-son-xe-co-tay-cam-116313905,https://media3.scdn.vn/img4/2024/01_18/FqdGb1UpoTQYFoChN8QZ_simg_b5529c_250x250_maxb.jpg,0,0,0,OEM,1/2/1019/1074/3669,"[{""id"": 1019, ""title"": ""Nhà Cửa"", ""path"": ""do-dung-trong-nha"", ""url_key"": ""do-dung-trong-nha""}, {""id"": 1074, ""title"": ""Vệ sinh, chăm sóc nhà cửa"", ""path"": ""do-dung-trong-nha/ve-sinh-cham-soc-nha-cua"", ""url_key"": ""ve-sinh-cham-soc-nha-cua""}, {""id"": 3669, ""title"": ""Dụng cụ vệ sinh nhà cửa khác"", ""path"": ""do-dung-trong-nha/ve-sinh-cham-soc-nha-cua/ve-sinh-cham-soc-nha-cua-khac"", ""url_key"": ""ve-sinh-cham-soc-nha-cua-khac""}]",730000,53000,270509,phukienlegiasi1,shop/phukienlegiasi1,4.7,"[""shop_plus""]",TP Hồ Chí Minh,1,11,94
117836276,Chai dưỡng bóng nội thất xe ô tô WAXONE hàng Thái Lan  cao cấp 450ml- Lọ dưỡng bóng xe hơi,chai-duong-bong-noi-that-xe-o-to-waxone-hang-thai-lan-cao-cap-450ml-lo-duong-bong-xe-hoi-117836276,https://media3.scdn.vn/img4/2024/07_23/XqOIOLLlVG33YaquR9Nt_simg_b5529c_250x250_maxb.jpg,0,0,0,OEM,1/2/2150/3431/3510,"[{""id"": 2150, ""title"": ""Ô tô - Xe máy"", ""path"": ""o-to-xe-may"", ""url_key"": ""o-to-xe-may""}, {""id"": 3431, ""title"": ""Chăm sóc và bảo dưỡng ô tô, xe máy"", ""path"": ""o-to-xe-may/cham-soc-va-bao-duong-o-to-xe-may"", ""url_key"": ""cham-soc-va-bao-duong-o-to-xe-may""}, {""id"": 3510, ""title"": ""Chăm sóc và bảo dưỡng ô tô, xe máy khác"", ""path"": ""o-to-xe-may/cham-soc-va-bao-duong-o-to-xe-may/cham-soc-va-bao-duong-o-to-xe-may-khac"", ""url_key"": ""cham-soc-va-bao-duong-o-to-xe-may-khac""}]",538200,525000,988439,Sale Online Upto 50,shop/sale-online-upto-50,2.8,"[""shop_plus""]",Lâm Đồng,1,87,3
117740790,Đôi tình nhân trang trí nội thất xe ô tô- điểm nhấn cho xế yêu,doi-tinh-nhan-trang-tri-noi-that-xe-o-to-diem-nhan-cho-xe-yeu-117740790,https://media3.scdn.vn/img4/2024/07_23/dcL56pZOJsnsPja7aH8f_simg_b5529c_250x250_maxb.jpg,0,0,0,OEM,1/2/2150/2157/2172,"[{""id"": 2150, ""title"": ""Ô tô - Xe máy"", ""path"": ""o-to-xe-may"", ""url_key"": ""o-to-xe-may""}, {""id"": 2157, ""title"": ""Phụ kiện bên trong ô tô"", ""path"": ""o-to-xe-may/phu-kien-ben-trong-o-to"", ""url_key"": ""phu-kien-ben-trong-o-to""}, {""id"": 2172, ""title"": ""Phụ kiện bên trong ô tô khác"", ""path"": ""o-to-xe-may/phu-kien-ben-trong-o-to/phu-kien-ben-trong-o-to-khac"", ""url_key"": ""phu-kien-ben-trong-o-to-khac""}]",485300,474000,988194,Mua Hàng Ưu Đãi,shop/mua-hang-uu-dai,1,"[""shop_plus""]",Lâm Đồng,1,1500,3
117870421,"Gối Bơm Hơi Tam Giác/Hình Trụ/Hình Bán Nguyệt, 1 Chiếc Tặng Kèm Bơm Tay, Gối Hỗ Trợ Vị Trí Cứng, Đệm Nêm, Đa Chức Năng, Giữ Gối Cho Cặp Đôi, Đồ Nội Thất, Nêm Êm Bền Dày Không Thủng Van Kép Kín",goi-bom-hoi-tam-giachinh-truhinh-ban-nguyet-1-chiec-tang-kem-bom-tay-goi-ho-tro-vi-tri-cung-dem-nem-da-chuc-nang-giu-goi-cho-cap-doi-do-noi-that-nem-em-ben-day-khong-thung-van-kep-kin-117870421,https://media3.scdn.vn/img4/2024/09_01/0ozSjL50HPG8y3moRCWa_simg_b5529c_250x250_maxb.jpg,0,0,0,OEM,1/2/1019/1059/1060,"[{""id"": 1019, ""title"": ""Nhà Cửa"", ""path"": ""do-dung-trong-nha"", ""url_key"": ""do-dung-trong-nha""}, {""id"": 1059, ""title"": ""Đồ dùng phòng ngủ"", ""path"": ""do-dung-trong-nha/do-dung-phong-ngu"", ""url_key"": ""do-dung-phong-ngu""}, {""id"": 1060, ""title"": ""Gối các loại"", ""path"": ""do-dung-trong-nha/do-dung-phong-ngu/goi"", ""url_key"": ""goi""}]",145000,145000,984431,Haketo Mall,shop/haketo-mall,4.7,"[""shop_plus""]",TP Hồ Chí Minh,1,19996,0
106829861,"Led dây dán 5050 RGB không phủ keo SILICON, keo dán 2 mặt tiện dụng dùng trang nội thất thiết kế thi công",led-day-dan-5050-rgb-khong-phu-keo-silicon-keo-dan-2-mat-tien-dung-dung-trang-noi-that-thiet-ke-thi-cong-106829861,https://media3.scdn.vn/img4/2022/11_09/qnnvOHJ4QnPR4QcGidS4_simg_b5529c_250x250_maxb.jpg,4,16,26,OEM,1/2/2849/3343/3350,"[{""id"": 2849, ""title"": ""Tân Trang Nhà Cửa"", ""path"": ""tan-trang-nha-cua"", ""url_key"": ""tan-trang-nha-cua""}, {""id"": 3343, ""title"": ""Các loại đèn"", ""path"": ""tan-trang-nha-cua/cac-loai-den"", ""url_key"": ""cac-loai-den""}, {""id"": 3350, ""title"": ""Đèn LED dây"", ""path"": ""tan-trang-nha-cua/cac-loai-den/den-led-day"", ""url_key"": ""den-led-day""}]",101000,101000,533782,Vua Gia Si,shop/vua-gia-si-,4.7,"[""shop_plus""]",TP Hồ Chí Minh,1,139,0
109396551,Sơn nước màu tím đậm lavender khoai môn Violet Nội thất trong nhà cao cấp Lau Chùi Thoải Mái BEAUTY EZ CLEAN 1 lít,son-nuoc-mau-tim-dam-lavender-khoai-mon-violet-noi-that-trong-nha-cao-cap-lau-chui-thoai-mai-beauty-ez-clean-1-lit-109396551,https://media3.scdn.vn/img4/2022/12_27/cM1CspEDI0CR1Wa5b0Ug_simg_b5529c_250x250_maxb.jpg,0,0,0,OEM,1/2/2849/3107/3259,"[{""id"": 2849, ""title"": ""Tân Trang Nhà Cửa"", ""path"": ""tan-trang-nha-cua"", ""url_key"": ""tan-trang-nha-cua""}, {""id"": 3107, ""title"": ""Dụng cụ xây dựng cho gia đình"", ""path"": ""tan-trang-nha-cua/dung-cu-xay-dung-cho-gia-dinh"", ""url_key"": ""dung-cu-xay-dung-cho-gia-dinh""}, {""id"": 3259, ""title"": ""Dụng cụ xây dựng khác"", ""path"": ""tan-trang-nha-cua/dung-cu-xay-dung-cho-gia-dinh/dung-cu-xay-dung-khac"", ""url_key"": ""dung-cu-xay-dung-khac""}]",164000,164000,669469,Sơn Nước Sơn Tinh,shop/son-nuoc-son-tinh,4.8,"[""shop_plus""]",Bà Rịa–Vũng Tàu,1,19,0
117749840,Phong thủy ứng dụng trong xây dựng nhà ở - nội thất - khách sạn - nhà hàng mới 80% ố gấp trang 2008 HCM2207 Trúc Quyên TÂM LINH - TÔN GIÁO - THIỀN,phong-thuy-ung-dung-trong-xay-dung-nha-o-noi-that-khach-san-nha-hang-moi-80-o-gap-trang-2008-hcm2207-truc-quyen-tam-linh-ton-giao-thien-117749840,https://media3.scdn.vn/img4/2024/08_19/wv0VOwJle7CnPs6gptxA_simg_b5529c_250x250_maxb.jpg,0,0,0,NXB Trẻ,1/2/2259/2267/2323,"[{""id"": 2259, ""title"": ""Sách & Văn phòng phẩm"", ""path"": ""sach-van-phong-pham"", ""url_key"": ""sach-van-phong-pham""}, {""id"": 2267, ""title"": ""Sách cũ"", ""path"": ""sach-van-phong-pham/sach-cu"", ""url_key"": ""sach-cu""}, {""id"": 2323, ""title"": ""Sách Văn học - Tiểu thuyết cũ"", ""path"": ""sach-van-phong-pham/sach-cu/sach-van-hoc-tieu-thuyet-cu"", ""url_key"": ""sach-van-hoc-tieu-thuyet-cu""}]",45000,38500,970525,Tiệm Sách Blog Mèo,shop/tiem-sach-blog-meo,4.9,"[""shop_mall""]",TP Hồ Chí Minh,1,1,15
116232534,Tạp chí Kiến Trúc và Đời Sống số 210 (Tháng 12-2023) _ Đồ nội thất _ Long lanh khi ở cửa hàng,tap-chi-kien-truc-va-doi-song-so-210-thang-12-2023-do-noi-that-long-lanh-khi-o-cua-hang-116232534,https://media3.scdn.vn/img4/2023/12_10/ZlqfWWmH6TBbkbm56yfV_simg_b5529c_250x250_maxb.jpg,0,0,0,Kiến Trúc & Đời Sống,1/2/2259/2263/2294,"[{""id"": 2259, ""title"": ""Sách & Văn phòng phẩm"", ""path"": ""sach-van-phong-pham"", ""url_key"": ""sach-van-phong-pham""}, {""id"": 2263, ""title"": ""Sách chuyên ngành"", ""path"": ""sach-van-phong-pham/sach-chuyen-nganh"", ""url_key"": ""sach-chuyen-nganh""}, {""id"": 2294, ""title"": ""Kiến trúc"", ""path"": ""sach-van-phong-pham/sach-chuyen-nganh/kien-truc"", ""url_key"": ""kien-truc""}]",35800,35800,860075,Kiến Trúc và Đời Sống,shop/kien-truc-va-doi-song,4.5,"[""shop_mall""]",TP Hồ Chí Minh,1,100,0
114008602,Hộp mô hình lắp ghép DIY nội thất ngôi nhà búp bê kute room màu hồng 323,hop-mo-hinh-lap-ghep-diy-noi-that-ngoi-nha-bup-be-kute-room-mau-hong-323-114008602,https://media3.scdn.vn/img4/2023/04_25/nBE2H20JyeOjkeuiElHV_simg_b5529c_250x250_maxb.jpg,0,0,0,OEM,1/2/1458/1478/1479,"[{""id"": 1458, ""title"": ""Đồ chơi"", ""path"": ""do-choi"", ""url_key"": ""do-choi""}, {""id"": 1478, ""title"": ""Búp bê, thú bông"", ""path"": ""do-choi/bup-be-thu-bong"", ""url_key"": ""bup-be-thu-bong""}, {""id"": 1479, ""title"": ""Búp bê & phụ kiện búp bê"", ""path"": ""do-choi/bup-be-thu-bong/bup-be"", ""url_key"": ""bup-be""}]",400000,400000,352163,Shop đồ chơi trẻ em KIM LONG,shop/shopdochoitreemkimlong,4.6,[],TP Hồ Chí Minh,1,10,0
113011796,Tủ kệ tivi trang trí phong cách hiện đại TKTV309 - Nội thất lắp ráp Viendong adv,tu-ke-tivi-trang-tri-phong-cach-hien-dai-tktv309-noi-that-lap-rap-viendong-adv-113011796,https://media3.scdn.vn/img4/2023/04_05/4tcuFetTF2vqebxeVcpA_simg_b5529c_250x250_maxb.jpg,0,0,0,OEM,1/2/2849/3640/3656,"[{""id"": 2849, ""title"": ""Tân Trang Nhà Cửa"", ""path"": ""tan-trang-nha-cua"", ""url_key"": ""tan-trang-nha-cua""}, {""id"": 3640, ""title"": ""Tân trang nhà cửa khác"", ""path"": ""tan-trang-nha-cua/tan-trang-nha-cua-khac"", ""url_key"": ""tan-trang-nha-cua-khac""}, {""id"": 3656, ""title"": ""Tân trang nhà cửa khác"", ""path"": ""tan-trang-nha-cua/tan-trang-nha-cua-khac/tan-trang-nha-cua-khac-3"", ""url_key"": ""tan-trang-nha-cua-khac-3""}]",13845000,10296000,720942,Đèn 3D độc lạ,shop/den-3d-doc-la,4.4,[],TP Hồ Chí Minh,1,300,26
119269615,"Chổi mềm làm sạch khe máy điều hòa xe hơi, vệ sinh nội thất ô tô, bàn phím máy tính - D&A shop",choi-mem-lam-sach-khe-may-dieu-hoa-xe-hoi-ve-sinh-noi-that-o-to-ban-phim-may-tinh-d-a-shop-119269615,https://media3.scdn.vn/img4/2024/07_23/61nn5dYVJuXYcBWfm2rd_simg_b5529c_250x250_maxb.jpg,0,0,0,OEM,1/2/2150/3431/3510,"[{""id"": 2150, ""title"": ""Ô tô - Xe máy"", ""path"": ""o-to-xe-may"", ""url_key"": ""o-to-xe-may""}, {""id"": 3431, ""title"": ""Chăm sóc và bảo dưỡng ô tô, xe máy"", ""path"": ""o-to-xe-may/cham-soc-va-bao-duong-o-to-xe-may"", ""url_key"": ""cham-soc-va-bao-duong-o-to-xe-may""}, {""id"": 3510, ""title"": ""Chăm sóc và bảo dưỡng ô tô, xe máy khác"", ""path"": ""o-to-xe-may/cham-soc-va-bao-duong-o-to-xe-may/cham-soc-va-bao-duong-o-to-xe-may-khac"", ""url_key"": ""cham-soc-va-bao-duong-o-to-xe-may-khac""}]",374000,371000,989014,Hàng Tốt Online,shop/hang-tot-online,5,"[""shop_plus""]",Lâm Đồng,1,355,2
121455757,"[5SAO] [FREESHIP] HỘP SÁP LAU TÚI XÁCH, GIÀY DÉP, BÀN GHẾ, ĐỒ NỘI THẤT, VẬT DỤNG ĐA NĂNG [HCM]",5sao-freeship-hop-sap-lau-tui-xach-giay-dep-ban-ghe-do-noi-that-vat-dung-da-nang-hcm-121455757,https://media3.scdn.vn/img4/2024/11_22/A3T7O2tE9tdk8nGWRUaC_simg_b5529c_250x250_maxb.jpg,0,0,0,OEM,1/2/1019/1074/4272,"[{""id"": 1019, ""title"": ""Nhà Cửa"", ""path"": ""do-dung-trong-nha"", ""url_key"": ""do-dung-trong-nha""}, {""id"": 1074, ""title"": ""Vệ sinh, chăm sóc nhà cửa"", ""path"": ""do-dung-trong-nha/ve-sinh-cham-soc-nha-cua"", ""url_key"": ""ve-sinh-cham-soc-nha-cua""}, {""id"": 4272, ""title"": ""Cây lau kính"", ""path"": ""do-dung-trong-nha/ve-sinh-cham-soc-nha-cua/cay-lau-kinh"", ""url_key"": ""cay-lau-kinh""}]",27900,27900,989237,Dollarshop,shop/dollarshop,4.2,"[""shop_plus""]",TP Hồ Chí Minh,1,50,0
116412682,Đèn Hắt Tường Decor DT-XT-A03 - Kiểu Dáng Hiện Đại - Dài 80cm - Ánh Sáng Vàng - Trang Trí Nội Thất - Bảo Hành 1 Năm,den-hat-tuong-decor-dt-xt-a03-kieu-dang-hien-dai-dai-80cm-anh-sang-vang-trang-tri-noi-that-bao-hanh-1-nam-116412682,https://media3.scdn.vn/img4/2024/03_12/XXnQajIgbhkKiyhiFO9j_simg_b5529c_250x250_maxb.jpg,0,0,0,OEM,1/2/2849/3343/3385,"[{""id"": 2849, ""title"": ""Tân Trang Nhà Cửa"", ""path"": ""tan-trang-nha-cua"", ""url_key"": ""tan-trang-nha-cua""}, {""id"": 3343, ""title"": ""Các loại đèn"", ""path"": ""tan-trang-nha-cua/cac-loai-den"", ""url_key"": ""cac-loai-den""}, {""id"": 3385, ""title"": ""Đèn loại khác"", ""path"": ""tan-trang-nha-cua/cac-loai-den/den-loai-khac"", ""url_key"": ""den-loai-khac""}]",389000,299000,248390,Siêu Thị Điện Máy HD,shop/sieu-thi-dien-may-hd,4.8,"[""shop_plus""]",Hải Dương,1,20,24
123688677,Sơn nước màu Xanh ngọc lá đậm rêu Nội thất Trong nhà BEAUTY của URAI PAINTS 1 lít,son-nuoc-mau-xanh-ngoc-la-dam-reu-noi-that-trong-nha-beauty-cua-urai-paints-1-lit-123688677,https://media3.scdn.vn/img4/2025/01_05/hL95AoTYZK1erhlXAe2x_simg_b5529c_250x250_maxb.jpg,0,0,0,OEM,1/2/2849/3640/3656,"[{""id"": 2849, ""title"": ""Tân Trang Nhà Cửa"", ""path"": ""tan-trang-nha-cua"", ""url_key"": ""tan-trang-nha-cua""}, {""id"": 3640, ""title"": ""Tân trang nhà cửa khác"", ""path"": ""tan-trang-nha-cua/tan-trang-nha-cua-khac"", ""url_key"": ""tan-trang-nha-cua-khac""}, {""id"": 3656, ""title"": ""Tân trang nhà cửa khác"", ""path"": ""tan-trang-nha-cua/tan-trang-nha-cua-khac/tan-trang-nha-cua-khac-3"", ""url_key"": ""tan-trang-nha-cua-khac-3""}]",110000,110000,669469,Sơn Nước Sơn Tinh,shop/son-nuoc-son-tinh,4.8,"[""shop_plus""]",Bà Rịa–Vũng Tàu,1,666,0
116412650,Đèn Hắt Tường Decor DT-XT-A03 - Kiểu Dáng Hiện Đại - Dài 60cm - Ánh Sáng Vàng - Trang Trí Nội Thất - Bảo Hành 1 Năm,den-hat-tuong-decor-dt-xt-a03-kieu-dang-hien-dai-dai-60cm-anh-sang-vang-trang-tri-noi-that-bao-hanh-1-nam-116412650,https://media3.scdn.vn/img4/2024/03_12/geZH4eavUFO2Ne9jtCaF_simg_b5529c_250x250_maxb.jpg,0,0,0,OEM,1/2/2849/3343/3385,"[{""id"": 2849, ""title"": ""Tân Trang Nhà Cửa"", ""path"": ""tan-trang-nha-cua"", ""url_key"": ""tan-trang-nha-cua""}, {""id"": 3343, ""title"": ""Các loại đèn"", ""path"": ""tan-trang-nha-cua/cac-loai-den"", ""url_key"": ""cac-loai-den""}, {""id"": 3385, ""title"": ""Đèn loại khác"", ""path"": ""tan-trang-nha-cua/cac-loai-den/den-loai-khac"", ""url_key"": ""den-loai-khac""}]",319000,249000,248390,Siêu Thị Điện Máy HD,shop/sieu-thi-dien-may-hd,4.8,"[""shop_plus""]",Hải Dương,1,61,22
121453909,"[FREESHIP] DỤNG CỤ NÂNG ĐỒ, DI CHUYỂN NỘI THẤT TOOLLAND QT-108 (5185, LM, 100-QT108)",freeship-dung-cu-nang-do-di-chuyen-noi-that-toolland-qt-108-5185-lm-100-qt108-121453909,https://media3.scdn.vn/img4/2024/11_22/N2lB98SvUeOb5meOB9Rq_simg_b5529c_250x250_maxb.jpg,0,0,0,OEM,1/2/2849/3055/3057,"[{""id"": 2849, ""title"": ""Tân Trang Nhà Cửa"", ""path"": ""tan-trang-nha-cua"", ""url_key"": ""tan-trang-nha-cua""}, {""id"": 3055, ""title"": ""Dụng cụ cầm tay"", ""path"": ""tan-trang-nha-cua/dung-cu-cam-tay"", ""url_key"": ""dung-cu-cam-tay""}, {""id"": 3057, ""title"": ""Bộ dụng cụ đa năng"", ""path"": ""tan-trang-nha-cua/dung-cu-cam-tay/bo-dung-cu-da-nang"", ""url_key"": ""bo-dung-cu-da-nang""}]",109900,109900,987360,Siêu Thị Mini Hoàng Phát,shop/sieu-thi-mini-hoang-phat,4.6,"[""shop_plus""]",TP Hồ Chí Minh,1,25,0
117633662,Khánh treo gương xe ô tô thiên nga đuôi đá pha lê cao cấp trang trí nội thất xế yêu,khanh-treo-guong-xe-o-to-thien-nga-duoi-da-pha-le-cao-cap-trang-tri-noi-that-xe-yeu-117633662,https://media3.scdn.vn/img4/2024/07_23/IMGb2pl3d6IsaeJF94Z4_simg_b5529c_250x250_maxb.jpg,0,0,0,OEM,1/2/2150/2157/2172,"[{""id"": 2150, ""title"": ""Ô tô - Xe máy"", ""path"": ""o-to-xe-may"", ""url_key"": ""o-to-xe-may""}, {""id"": 2157, ""title"": ""Phụ kiện bên trong ô tô"", ""path"": ""o-to-xe-may/phu-kien-ben-trong-o-to"", ""url_key"": ""phu-kien-ben-trong-o-to""}, {""id"": 2172, ""title"": ""Phụ kiện bên trong ô tô khác"", ""path"": ""o-to-xe-may/phu-kien-ben-trong-o-to/phu-kien-ben-trong-o-to-khac"", ""url_key"": ""phu-kien-ben-trong-o-to-khac""}]",671200,638000,988232,Siêu Thị Dã Ngoại Du Lịch,shop/sieu-thi-da-ngoai-du-lich,3,"[""shop_plus""]",Lâm Đồng,1,199,6
117054839,"Gói 100 chốt nở nhựa, ốc vít, kẹp nhựa nội thất ô tô",goi-100-chot-no-nhua-oc-vit-kep-nhua-noi-that-o-to-117054839,https://media3.scdn.vn/img4/2024/06_20/Hxi7F1Eoa9CPdJ5ueOdW_simg_b5529c_250x250_maxb.jpg,0,0,2,OEM,1/2/2150/2157/2172,"[{""id"": 2150, ""title"": ""Ô tô - Xe máy"", ""path"": ""o-to-xe-may"", ""url_key"": ""o-to-xe-may""}, {""id"": 2157, ""title"": ""Phụ kiện bên trong ô tô"", ""path"": ""o-to-xe-may/phu-kien-ben-trong-o-to"", ""url_key"": ""phu-kien-ben-trong-o-to""}, {""id"": 2172, ""title"": ""Phụ kiện bên trong ô tô khác"", ""path"": ""o-to-xe-may/phu-kien-ben-trong-o-to/phu-kien-ben-trong-o-to-khac"", ""url_key"": ""phu-kien-ben-trong-o-to-khac""}]",15000,15000,784476,Hạnh Quỳnh Shop,shop/hanh-quynh-shop,4.6,"[""shop_plus""]",Hà Nội,1,997,0
123705691,Sơn nước BEAUTY Nội thất Trong nhà màu xanh lá nhạt đậm xanh ngọc 1 Lít của URAI PAINTS,son-nuoc-beauty-noi-that-trong-nha-mau-xanh-la-nhat-dam-xanh-ngoc-1-lit-cua-urai-paints-123705691,https://media3.scdn.vn/img4/2025/01_16/n3XLw9U51UtS4EBGgnqL_simg_b5529c_250x250_maxb.jpg,0,0,0,OEM,1/2/2849/3640/3656,"[{""id"": 2849, ""title"": ""Tân Trang Nhà Cửa"", ""path"": ""tan-trang-nha-cua"", ""url_key"": ""tan-trang-nha-cua""}, {""id"": 3640, ""title"": ""Tân trang nhà cửa khác"", ""path"": ""tan-trang-nha-cua/tan-trang-nha-cua-khac"", ""url_key"": ""tan-trang-nha-cua-khac""}, {""id"": 3656, ""title"": ""Tân trang nhà cửa khác"", ""path"": ""tan-trang-nha-cua/tan-trang-nha-cua-khac/tan-trang-nha-cua-khac-3"", ""url_key"": ""tan-trang-nha-cua-khac-3""}]",109000,109000,820403,SON CHAU,shop/son-chau,4.8,"[""shop_plus""]",Bà Rịa–Vũng Tàu,1,666,0
119205522,1kg vít tự khai thác vít bake dài 10 cm vít nội thất lớn đầu tròn phẳng thân 6li [ 80 con ],1kg-vit-tu-khai-thac-vit-bake-dai-10-cm-vit-noi-that-lon-dau-tron-phang-than-6li-80-con-119205522,https://media3.scdn.vn/img4/2024/11_21/2gBTfrCTfBF13RmF9Kyz_simg_b5529c_250x250_maxb.jpg,0,0,0,OEM,1/2/2849/2853/6582,"[{""id"": 2849, ""title"": ""Tân Trang Nhà Cửa"", ""path"": ""tan-trang-nha-cua"", ""url_key"": ""tan-trang-nha-cua""}, {""id"": 2853, ""title"": ""Đồ kim khí"", ""path"": ""tan-trang-nha-cua/do-kim-khi"", ""url_key"": ""do-kim-khi""}, {""id"": 6582, ""title"": ""Ghim, đinh bấm gỗ"", ""path"": ""tan-trang-nha-cua/do-kim-khi/ghim-dinh-bam-go"", ""url_key"": ""ghim-dinh-bam-go""}]",50000,50000,916089,Điện Nước Bảo Ngọc,shop/dien-nuoc-bao-ngoc,4.7,"[""shop_plus""]",Bình Thuận,1,5000,0
117710176,Chai dưỡng bóng nội thất xe ô tô WAXONE hàng Thái Lan  cao cấp 450ml- Lọ dưỡng bóng xe hơi,chai-duong-bong-noi-that-xe-o-to-waxone-hang-thai-lan-cao-cap-450ml-lo-duong-bong-xe-hoi-117710176,https://media3.scdn.vn/img4/2024/07_23/XqOIOLLlVG33YaquR9Nt_simg_b5529c_250x250_maxb.jpg,0,0,0,OEM,1/2/2150/3431/3510,"[{""id"": 2150, ""title"": ""Ô tô - Xe máy"", ""path"": ""o-to-xe-may"", ""url_key"": ""o-to-xe-may""}, {""id"": 3431, ""title"": ""Chăm sóc và bảo dưỡng ô tô, xe máy"", ""path"": ""o-to-xe-may/cham-soc-va-bao-duong-o-to-xe-may"", ""url_key"": ""cham-soc-va-bao-duong-o-to-xe-may""}, {""id"": 3510, ""title"": ""Chăm sóc và bảo dưỡng ô tô, xe máy khác"", ""path"": ""o-to-xe-may/cham-soc-va-bao-duong-o-to-xe-may/cham-soc-va-bao-duong-o-to-xe-may-khac"", ""url_key"": ""cham-soc-va-bao-duong-o-to-xe-may-khac""}]",538200,525000,988234,SaleShop Mua,shop/saleshop-mua,0,"[""shop_plus""]",Lâm Đồng,1,87,3
117633783,"Bộ Đính Đá Full Nội Thất Xe Mitsubishi Xpander chất liệu đá cao cấp Swarovski sang trọng, thời thượng",bo-dinh-da-full-noi-that-xe-mitsubishi-xpander-chat-lieu-da-cao-cap-swarovski-sang-trong-thoi-thuong-117633783,https://media3.scdn.vn/img4/2024/07_23/hyNdBxCTpmj1VjP2wc3x_simg_b5529c_250x250_maxb.jpg,0,0,0,OEM,1/2/2150/2157/2172,"[{""id"": 2150, ""title"": ""Ô tô - Xe máy"", ""path"": ""o-to-xe-may"", ""url_key"": ""o-to-xe-may""}, {""id"": 2157, ""title"": ""Phụ kiện bên trong ô tô"", ""path"": ""o-to-xe-may/phu-kien-ben-trong-o-to"", ""url_key"": ""phu-kien-ben-trong-o-to""}, {""id"": 2172, ""title"": ""Phụ kiện bên trong ô tô khác"", ""path"": ""o-to-xe-may/phu-kien-ben-trong-o-to/phu-kien-ben-trong-o-to-khac"", ""url_key"": ""phu-kien-ben-trong-o-to-khac""}]",920600,850000,988232,Siêu Thị Dã Ngoại Du Lịch,shop/sieu-thi-da-ngoai-du-lich,3,"[""shop_plus""]",Lâm Đồng,1,200,11
119269642,"Túi Gel Vệ Sinh nội thất xe hơi, Bàn Phím,gel Lau Bụi Xe Ô Tô Tái Sử Dụng nhiều lần chuẩn hàng Supper Clean",tui-gel-ve-sinh-noi-that-xe-hoi-ban-phim-gel-lau-bui-xe-o-to-tai-su-dung-nhieu-lan-chuan-hang-supper-clean-119269642,https://media3.scdn.vn/img4/2024/07_23/sM8sIWgGFWj30UL60aaK_simg_b5529c_250x250_maxb.jpg,0,0,0,OEM,1/2/2150/3431/3510,"[{""id"": 2150, ""title"": ""Ô tô - Xe máy"", ""path"": ""o-to-xe-may"", ""url_key"": ""o-to-xe-may""}, {""id"": 3431, ""title"": ""Chăm sóc và bảo dưỡng ô tô, xe máy"", ""path"": ""o-to-xe-may/cham-soc-va-bao-duong-o-to-xe-may"", ""url_key"": ""cham-soc-va-bao-duong-o-to-xe-may""}, {""id"": 3510, ""title"": ""Chăm sóc và bảo dưỡng ô tô, xe máy khác"", ""path"": ""o-to-xe-may/cham-soc-va-bao-duong-o-to-xe-may/cham-soc-va-bao-duong-o-to-xe-may-khac"", ""url_key"": ""cham-soc-va-bao-duong-o-to-xe-may-khac""}]",479400,475000,989014,Hàng Tốt Online,shop/hang-tot-online,5,"[""shop_plus""]",Lâm Đồng,1,974,2
117616882,"[FREESHIP] BÁNH XE CÓ KHÓA, XOAY (40mm, 50mm) DÙNG CHO LOA KÉO, XE ĐẨY, ĐỒ NỘI THẤT",freeship-banh-xe-co-khoa-xoay-40mm-50mm-dung-cho-loa-keo-xe-day-do-noi-that-117616882,https://media3.scdn.vn/img4/2024/08_06/8lNTxIvpOqhpdCyEzMBJ_simg_b5529c_250x250_maxb.jpg,0,0,0,OEM,1/2/2150/3449/3513,"[{""id"": 2150, ""title"": ""Ô tô - Xe máy"", ""path"": ""o-to-xe-may"", ""url_key"": ""o-to-xe-may""}, {""id"": 3449, ""title"": ""Bánh xe, lốp xe máy"", ""path"": ""o-to-xe-may/banh-xe-lop-xe-may"", ""url_key"": ""banh-xe-lop-xe-may""}, {""id"": 3513, ""title"": ""Bánh xe, lốp  xe máy khác"", ""path"": ""o-to-xe-may/banh-xe-lop-xe-may/banh-xe-lop-xe-may-khac"", ""url_key"": ""banh-xe-lop-xe-may-khac""}]",31900,31900,987360,Siêu Thị Mini Hoàng Phát,shop/sieu-thi-mini-hoang-phat,4.6,"[""shop_plus""]",TP Hồ Chí Minh,1,75,0
117623391,Chai dưỡng bóng nội thất xe ô tô WAXONE hàng Thái Lan  cao cấp 450ml- Lọ dưỡng bóng xe hơi,chai-duong-bong-noi-that-xe-o-to-waxone-hang-thai-lan-cao-cap-450ml-lo-duong-bong-xe-hoi-117623391,https://media3.scdn.vn/img4/2024/07_23/XqOIOLLlVG33YaquR9Nt_simg_b5529c_250x250_maxb.jpg,0,0,0,OEM,1/2/2150/3431/3510,"[{""id"": 2150, ""title"": ""Ô tô - Xe máy"", ""path"": ""o-to-xe-may"", ""url_key"": ""o-to-xe-may""}, {""id"": 3431, ""title"": ""Chăm sóc và bảo dưỡng ô tô, xe máy"", ""path"": ""o-to-xe-may/cham-soc-va-bao-duong-o-to-xe-may"", ""url_key"": ""cham-soc-va-bao-duong-o-to-xe-may""}, {""id"": 3510, ""title"": ""Chăm sóc và bảo dưỡng ô tô, xe máy khác"", ""path"": ""o-to-xe-may/cham-soc-va-bao-duong-o-to-xe-may/cham-soc-va-bao-duong-o-to-xe-may-khac"", ""url_key"": ""cham-soc-va-bao-duong-o-to-xe-may-khac""}]",538200,538200,988127,Saleshop88,shop/sale-shop-88,3.7,"[""shop_plus""]",Lâm Đồng,1,99999,0
117712043,"Chổi mềm làm sạch khe máy điều hòa xe hơi, vệ sinh nội thất ô tô, bàn phím máy tính - D&A shop",choi-mem-lam-sach-khe-may-dieu-hoa-xe-hoi-ve-sinh-noi-that-o-to-ban-phim-may-tinh-d-a-shop-117712043,https://media3.scdn.vn/img4/2024/07_23/61nn5dYVJuXYcBWfm2rd_simg_b5529c_250x250_maxb.jpg,0,0,0,OEM,1/2/2150/3431/3510,"[{""id"": 2150, ""title"": ""Ô tô - Xe máy"", ""path"": ""o-to-xe-may"", ""url_key"": ""o-to-xe-may""}, {""id"": 3431, ""title"": ""Chăm sóc và bảo dưỡng ô tô, xe máy"", ""path"": ""o-to-xe-may/cham-soc-va-bao-duong-o-to-xe-may"", ""url_key"": ""cham-soc-va-bao-duong-o-to-xe-may""}, {""id"": 3510, ""title"": ""Chăm sóc và bảo dưỡng ô tô, xe máy khác"", ""path"": ""o-to-xe-may/cham-soc-va-bao-duong-o-to-xe-may/cham-soc-va-bao-duong-o-to-xe-may-khac"", ""url_key"": ""cham-soc-va-bao-duong-o-to-xe-may-khac""}]",374000,371000,988234,SaleShop Mua,shop/saleshop-mua,0,"[""shop_plus""]",Lâm Đồng,1,355,2
120809202,Đèn Tường Decor DT-B09 - Kiểu Dáng Hiện Đại - Dài 55-85-105cm - Ánh Sáng Vàng - Trang Trí Nội Thất - Bảo Hành 1 Năm,den-tuong-decor-dt-b09-kieu-dang-hien-dai-dai-55-85-105cm-anh-sang-vang-trang-tri-noi-that-bao-hanh-1-nam-120809202,https://media3.scdn.vn/img4/2024/12_14/OVar6nu1OIDiVfCd5Ajv_simg_b5529c_250x250_maxb.jpg,0,0,0,OEM,1/2/2849/3343/3385,"[{""id"": 2849, ""title"": ""Tân Trang Nhà Cửa"", ""path"": ""tan-trang-nha-cua"", ""url_key"": ""tan-trang-nha-cua""}, {""id"": 3343, ""title"": ""Các loại đèn"", ""path"": ""tan-trang-nha-cua/cac-loai-den"", ""url_key"": ""cac-loai-den""}, {""id"": 3385, ""title"": ""Đèn loại khác"", ""path"": ""tan-trang-nha-cua/cac-loai-den/den-loai-khac"", ""url_key"": ""den-loai-khac""}]",599000,329000,248390,Siêu Thị Điện Máy HD,shop/sieu-thi-dien-may-hd,4.8,"[""shop_plus""]",Hải Dương,1,86,47
116520378,"[Date Mới]' Nước rửa nội thất xe Sonax, 500ml - MM",date-moi-nuoc-rua-noi-that-xe-sonax-500ml-mm-116520378,https://media3.scdn.vn/img4/2024/04_06/gRVetWxCzx0no3tS82nG_simg_b5529c_250x250_maxb.jpg,0,0,0,OEM,1/2/2150/3431/3441,"[{""id"": 2150, ""title"": ""Ô tô - Xe máy"", ""path"": ""o-to-xe-may"", ""url_key"": ""o-to-xe-may""}, {""id"": 3431, ""title"": ""Chăm sóc và bảo dưỡng ô tô, xe máy"", ""path"": ""o-to-xe-may/cham-soc-va-bao-duong-o-to-xe-may"", ""url_key"": ""cham-soc-va-bao-duong-o-to-xe-may""}, {""id"": 3441, ""title"": ""Vòi xịt, nước rửa xe"", ""path"": ""o-to-xe-may/cham-soc-va-bao-duong-o-to-xe-may/voi-xit-nuoc-rua-xe"", ""url_key"": ""voi-xit-nuoc-rua-xe""}]",285000,285000,967123,thegioidinhduonghcm,shop/the-gioi-dinh-duong-hcm,5,"[""shop_plus""]",TP Hồ Chí Minh,1,1000,0
117699304,Màng Bọc Nilon Che Bụi Đa Năng Bảo Vệ Nội Thất Che Sơn Bọc Hàng Siêu Tiện Dụng - Kích Thước 1 1 20m,mang-boc-nilon-che-bui-da-nang-bao-ve-noi-that-che-son-boc-hang-sieu-tien-dung-kich-thuoc-1-1-20m-117699304,https://media3.scdn.vn/img4/2023/03_22/nf2NUHTgKA8GagC0KXOm_simg_b5529c_250x250_maxb.jpg,0,0,0,OEM,1/2/1019/1074/4275,"[{""id"": 1019, ""title"": ""Nhà Cửa"", ""path"": ""do-dung-trong-nha"", ""url_key"": ""do-dung-trong-nha""}, {""id"": 1074, ""title"": ""Vệ sinh, chăm sóc nhà cửa"", ""path"": ""do-dung-trong-nha/ve-sinh-cham-soc-nha-cua"", ""url_key"": ""ve-sinh-cham-soc-nha-cua""}, {""id"": 4275, ""title"": ""Túi đựng rác"", ""path"": ""do-dung-trong-nha/ve-sinh-cham-soc-nha-cua/tui-dung-rac"", ""url_key"": ""tui-dung-rac""}]",179999,179999,988148,Gia dụng Thanh Hằng,shop/gia-dung-thanh-hang,4.8,"[""shop_plus""]",TP Hồ Chí Minh,1,989,0
117710273,"Lọ Dưỡng Bóng Nội Thất Xe WAX CARE - Tăng Độ Bền, Kéo Dài Tuổi Thọ Cho Ghế Da Oto",lo-duong-bong-noi-that-xe-wax-care-tang-do-ben-keo-dai-tuoi-tho-cho-ghe-da-oto-117710273,https://media3.scdn.vn/img4/2024/07_23/manvm26cq0U0KjCBQpK7_simg_b5529c_250x250_maxb.jpg,0,0,0,OEM,1/2/2150/3431/3510,"[{""id"": 2150, ""title"": ""Ô tô - Xe máy"", ""path"": ""o-to-xe-may"", ""url_key"": ""o-to-xe-may""}, {""id"": 3431, ""title"": ""Chăm sóc và bảo dưỡng ô tô, xe máy"", ""path"": ""o-to-xe-may/cham-soc-va-bao-duong-o-to-xe-may"", ""url_key"": ""cham-soc-va-bao-duong-o-to-xe-may""}, {""id"": 3510, ""title"": ""Chăm sóc và bảo dưỡng ô tô, xe máy khác"", ""path"": ""o-to-xe-may/cham-soc-va-bao-duong-o-to-xe-may/cham-soc-va-bao-duong-o-to-xe-may-khac"", ""url_key"": ""cham-soc-va-bao-duong-o-to-xe-may-khac""}]",526500,515000,988234,SaleShop Mua,shop/saleshop-mua,0,"[""shop_plus""]",Lâm Đồng,1,99,3
117200746,"Bộ Đính Đá Full Nội Thất Xe Mitsubishi Xpander chất liệu đá cao cấp Swarovski sang trọng, thời thượng",bo-dinh-da-full-noi-that-xe-mitsubishi-xpander-chat-lieu-da-cao-cap-swarovski-sang-trong-thoi-thuong-117200746,https://media3.scdn.vn/img4/2024/07_23/s1rK7iXxfQGbeB7DwpD3_simg_b5529c_250x250_maxb.jpg,0,0,0,OEM,1/2/2150/2157/2172,"[{""id"": 2150, ""title"": ""Ô tô - Xe máy"", ""path"": ""o-to-xe-may"", ""url_key"": ""o-to-xe-may""}, {""id"": 2157, ""title"": ""Phụ kiện bên trong ô tô"", ""path"": ""o-to-xe-may/phu-kien-ben-trong-o-to"", ""url_key"": ""phu-kien-ben-trong-o-to""}, {""id"": 2172, ""title"": ""Phụ kiện bên trong ô tô khác"", ""path"": ""o-to-xe-may/phu-kien-ben-trong-o-to/phu-kien-ben-trong-o-to-khac"", ""url_key"": ""phu-kien-ben-trong-o-to-khac""}]",920600,920600,984943,world shopping VN,shop/world-shopping-vn,5,"[""shop_plus""]",Lâm Đồng,1,199998,0
117619332,"Túi Gel Vệ Sinh nội thất xe hơi, Bàn Phím,gel Lau Bụi Xe Ô Tô Tái Sử Dụng nhiều lần chuẩn hàng Supper Clean",tui-gel-ve-sinh-noi-that-xe-hoi-ban-phim-gel-lau-bui-xe-o-to-tai-su-dung-nhieu-lan-chuan-hang-supper-clean-117619332,https://media3.scdn.vn/img4/2024/07_23/sM8sIWgGFWj30UL60aaK_simg_b5529c_250x250_maxb.jpg,0,0,0,OEM,1/2/2150/3431/3510,"[{""id"": 2150, ""title"": ""Ô tô - Xe máy"", ""path"": ""o-to-xe-may"", ""url_key"": ""o-to-xe-may""}, {""id"": 3431, ""title"": ""Chăm sóc và bảo dưỡng ô tô, xe máy"", ""path"": ""o-to-xe-may/cham-soc-va-bao-duong-o-to-xe-may"", ""url_key"": ""cham-soc-va-bao-duong-o-to-xe-may""}, {""id"": 3510, ""title"": ""Chăm sóc và bảo dưỡng ô tô, xe máy khác"", ""path"": ""o-to-xe-may/cham-soc-va-bao-duong-o-to-xe-may/cham-soc-va-bao-duong-o-to-xe-may-khac"", ""url_key"": ""cham-soc-va-bao-duong-o-to-xe-may-khac""}]",472400,472400,988127,Saleshop88,shop/sale-shop-88,3.7,"[""shop_plus""]",Lâm Đồng,1,299997,0
116416780,Cuôn 5m Chỉ viền trang trí nội thất ô tô,cuon-5m-chi-vien-trang-tri-noi-that-o-to-116416780,https://media3.scdn.vn/img4/2024/03_14/SNGwRDbpEu63iA8XGsAv_simg_b5529c_250x250_maxb.jpg,0,0,0,OEM,1/2/2150/2157/2172,"[{""id"": 2150, ""title"": ""Ô tô - Xe máy"", ""path"": ""o-to-xe-may"", ""url_key"": ""o-to-xe-may""}, {""id"": 2157, ""title"": ""Phụ kiện bên trong ô tô"", ""path"": ""o-to-xe-may/phu-kien-ben-trong-o-to"", ""url_key"": ""phu-kien-ben-trong-o-to""}, {""id"": 2172, ""title"": ""Phụ kiện bên trong ô tô khác"", ""path"": ""o-to-xe-may/phu-kien-ben-trong-o-to/phu-kien-ben-trong-o-to-khac"", ""url_key"": ""phu-kien-ben-trong-o-to-khac""}]",50000,50000,891357,TriCuongAuto,shop/Tri-Cuong-Auto,3.9,"[""shop_plus""]",Nam Định,1,175,0
121456610,"[5SAO] [FREESHIP] HỘP KHĂN GIẤY LAU GIÀY, DÉP, TÚI XÁCH - VỆ SINH BẾP - NỘI THẤT - TẨY TRANG ĐA NĂNG [HCM]",5sao-freeship-hop-khan-giay-lau-giay-dep-tui-xach-ve-sinh-bep-noi-that-tay-trang-da-nang-hcm-121456610,https://media3.scdn.vn/img4/2024/06_14/zWFBsPq3SrrYVsDDl2i9_simg_b5529c_250x250_maxb.jpg,0,0,0,OEM,1/2/1686/1691/1721,"[{""id"": 1686, ""title"": ""Giày Dép"", ""path"": ""giay-dep"", ""url_key"": ""giay-dep""}, {""id"": 1691, ""title"": ""Phụ kiện giày dép"", ""path"": ""giay-dep/phu-kien-giay-dep"", ""url_key"": ""phu-kien-giay-dep""}, {""id"": 1721, ""title"": ""Phụ kiện giày dép khác"", ""path"": ""giay-dep/phu-kien-giay-dep/phu-kien-giay-dep-khac"", ""url_key"": ""phu-kien-giay-dep-khac""}]",27900,27900,989237,Dollarshop,shop/dollarshop,4.2,"[""shop_plus""]",TP Hồ Chí Minh,1,100,0
123699477,Sơn nước màu kem nhạt đậm vàng cam Nội thất Trong nhà BEAUTY của URAI PAINTS 1 lít,son-nuoc-mau-kem-nhat-dam-vang-cam-noi-that-trong-nha-beauty-cua-urai-paints-1-lit-123699477,https://media3.scdn.vn/img4/2025/01_15/i0CgLE8SL123I7gANpws_simg_b5529c_250x250_maxb.jpg,0,0,0,OEM,1/2/2849/3640/3656,"[{""id"": 2849, ""title"": ""Tân Trang Nhà Cửa"", ""path"": ""tan-trang-nha-cua"", ""url_key"": ""tan-trang-nha-cua""}, {""id"": 3640, ""title"": ""Tân trang nhà cửa khác"", ""path"": ""tan-trang-nha-cua/tan-trang-nha-cua-khac"", ""url_key"": ""tan-trang-nha-cua-khac""}, {""id"": 3656, ""title"": ""Tân trang nhà cửa khác"", ""path"": ""tan-trang-nha-cua/tan-trang-nha-cua-khac/tan-trang-nha-cua-khac-3"", ""url_key"": ""tan-trang-nha-cua-khac-3""}]",110000,110000,669469,Sơn Nước Sơn Tinh,shop/son-nuoc-son-tinh,4.8,"[""shop_plus""]",Bà Rịa–Vũng Tàu,1,664,0
117771089,"Xịt khử mùi cafe hàn quốc AIR Freshener cho Xe hơi, nội thất nhà cửa - Bình xịt thơm nước hoa cao cấp chai 300ml",xi-t-khu-mu-i-cafe-ha-n-quo-c-air-freshener-cho-xe-hoi-noi-that-nha-cua-binh-xit-thom-nuoc-hoa-cao-cap-chai-300ml-117771089,https://media3.scdn.vn/img4/2024/09_02/l89FilBFP6AvBT7nuOye_simg_b5529c_250x250_maxb.jpg,0,0,0,OEM,1/2/2150/2157/2171,"[{""id"": 2150, ""title"": ""Ô tô - Xe máy"", ""path"": ""o-to-xe-may"", ""url_key"": ""o-to-xe-may""}, {""id"": 2157, ""title"": ""Phụ kiện bên trong ô tô"", ""path"": ""o-to-xe-may/phu-kien-ben-trong-o-to"", ""url_key"": ""phu-kien-ben-trong-o-to""}, {""id"": 2171, ""title"": ""Khử mùi, xịt thơm xe"", ""path"": ""o-to-xe-may/phu-kien-ben-trong-o-to/khu-mui-xit-thom-xe"", ""url_key"": ""khu-mui-xit-thom-xe""}]",72500,72500,869626,GiaDungSauSy,shop/giadungsausy,4.5,"[""shop_plus""]",Nam Định,1,100,0
118948085,Đèn Tường Decor DT-B04 - Kiểu Dáng Hiện Đại - Dài 60-80-100-120cm - Ánh Sáng Vàng - Trang Trí Nội Thất - Bảo Hành 1 Năm,den-tuong-decor-dt-b04-kieu-dang-hien-dai-dai-60-80-100-120cm-anh-sang-vang-trang-tri-noi-that-bao-hanh-1-nam-118948085,https://media3.scdn.vn/img4/2024/11_06/Qd4eit1aqBUkJeUYblke_simg_b5529c_250x250_maxb.jpg,0,0,0,OEM,1/2/2849/3343/3385,"[{""id"": 2849, ""title"": ""Tân Trang Nhà Cửa"", ""path"": ""tan-trang-nha-cua"", ""url_key"": ""tan-trang-nha-cua""}, {""id"": 3343, ""title"": ""Các loại đèn"", ""path"": ""tan-trang-nha-cua/cac-loai-den"", ""url_key"": ""cac-loai-den""}, {""id"": 3385, ""title"": ""Đèn loại khác"", ""path"": ""tan-trang-nha-cua/cac-loai-den/den-loai-khac"", ""url_key"": ""den-loai-khac""}]",539000,329000,248390,Siêu Thị Điện Máy HD,shop/sieu-thi-dien-may-hd,4.8,"[""shop_plus""]",Hải Dương,1,44,39
116332900,Hộp Sáp Ong BeeWax Giúp Đánh Bóng Nội Thất Gỗ,hop-sap-ong-beewax-giup-danh-bong-noi-that-go-116332900,https://media3.scdn.vn/img4/2024/01_24/GmgxDmOPuZWHnN5VQFT6_simg_b5529c_250x250_maxb.jpg,0,0,0,OEM,1/2/1019/1074/3669,"[{""id"": 1019, ""title"": ""Nhà Cửa"", ""path"": ""do-dung-trong-nha"", ""url_key"": ""do-dung-trong-nha""}, {""id"": 1074, ""title"": ""Vệ sinh, chăm sóc nhà cửa"", ""path"": ""do-dung-trong-nha/ve-sinh-cham-soc-nha-cua"", ""url_key"": ""ve-sinh-cham-soc-nha-cua""}, {""id"": 3669, ""title"": ""Dụng cụ vệ sinh nhà cửa khác"", ""path"": ""do-dung-trong-nha/ve-sinh-cham-soc-nha-cua/ve-sinh-cham-soc-nha-cua-khac"", ""url_key"": ""ve-sinh-cham-soc-nha-cua-khac""}]",39000,29000,664111,Giá Sỉ Biên Hòa,shop/gia-si-bien-hoa,4.7,"[""shop_plus""]",Đồng Nai,1,1050,26
116263933,"10m Dây Bóng Đèn Bi Đục Nhiều Màu 80  Bóng Trang Trí Nội Thất Chớp Nháy Đa Màu Sắc, Dây Có Đầu Nối",10m-day-bong-den-bi-duc-nhieu-mau-80-bong-trang-tri-noi-that-chop-nhay-da-mau-sac-day-co-dau-noi-116263933,https://media3.scdn.vn/img4/2023/11_07/G2vXr3wRsUf6y9Yu0sqO_simg_b5529c_250x250_maxb.jpg,0,0,0,OEM,1/2/1019/3638/3655,"[{""id"": 1019, ""title"": ""Nhà Cửa"", ""path"": ""do-dung-trong-nha"", ""url_key"": ""do-dung-trong-nha""}, {""id"": 3638, ""title"": ""Đồ dùng trong nhà khác"", ""path"": ""do-dung-trong-nha/do-dung-trong-nha-khac"", ""url_key"": ""do-dung-trong-nha-khac""}, {""id"": 3655, ""title"": ""Đồ dùng trong nhà khác"", ""path"": ""do-dung-trong-nha/do-dung-trong-nha-khac/do-dung-trong-nha-khac-3"", ""url_key"": ""do-dung-trong-nha-khac-3""}]",80000,80000,979697,Selina Home,shop/selina-home,4.5,"[""shop_plus""]",TP Hồ Chí Minh,1,100,0
117713579,Đôi tình nhân trang trí nội thất xe ô tô- điểm nhấn cho xế yêu,doi-tinh-nhan-trang-tri-noi-that-xe-o-to-diem-nhan-cho-xe-yeu-117713579,https://media3.scdn.vn/img4/2024/07_23/dcL56pZOJsnsPja7aH8f_simg_b5529c_250x250_maxb.jpg,0,0,0,OEM,1/2/2150/2157/2172,"[{""id"": 2150, ""title"": ""Ô tô - Xe máy"", ""path"": ""o-to-xe-may"", ""url_key"": ""o-to-xe-may""}, {""id"": 2157, ""title"": ""Phụ kiện bên trong ô tô"", ""path"": ""o-to-xe-may/phu-kien-ben-trong-o-to"", ""url_key"": ""phu-kien-ben-trong-o-to""}, {""id"": 2172, ""title"": ""Phụ kiện bên trong ô tô khác"", ""path"": ""o-to-xe-may/phu-kien-ben-trong-o-to/phu-kien-ben-trong-o-to-khac"", ""url_key"": ""phu-kien-ben-trong-o-to-khac""}]",485300,474000,988234,SaleShop Mua,shop/saleshop-mua,0,"[""shop_plus""]",Lâm Đồng,1,1500,3
117044436,"Giá Kệ Lò Vi Sóng Nhà Bếp Hình Chữ U Đa Năng, Giúp Sắp Xếp Đồ Nhà Bếp Thuận Tiện Gọn Gàng, Trang Trí Nội Thất",gia-ke-lo-vi-song-nha-bep-hinh-chu-u-da-nang-giup-sap-xep-do-nha-bep-thuan-tien-gon-gang-trang-tri-noi-that-117044436,https://media3.scdn.vn/img4/2024/06_18/56fh8u2ZyroyJ7y70fMG_simg_b5529c_250x250_maxb.jpg,0,0,0,OEM,1/2/1019/1020/1519,"[{""id"": 1019, ""title"": ""Nhà Cửa"", ""path"": ""do-dung-trong-nha"", ""url_key"": ""do-dung-trong-nha""}, {""id"": 1020, ""title"": ""Đồ dùng nhà bếp"", ""path"": ""do-dung-trong-nha/do-dung-nau-bep"", ""url_key"": ""do-dung-nau-bep""}, {""id"": 1519, ""title"": ""Giá, kệ để gọn đồ"", ""path"": ""do-dung-trong-nha/do-dung-nau-bep/gia-ke-de-gon-do"", ""url_key"": ""gia-ke-de-gon-do""}]",320000,197010,802981,Đồ Gia Dụng Bảo An,shop/do-gia-dung-bao-an,4.4,"[""shop_plus""]",Hà Nội,1,79979,39
116412709,Đèn Hắt Tường Decor DT-XT-A03 - Kiểu Dáng Hiện Đại - Dài 100cm - Ánh Sáng Vàng - Trang Trí Nội Thất - Bảo Hành 1 Năm,den-hat-tuong-decor-dt-xt-a03-kieu-dang-hien-dai-dai-100cm-anh-sang-vang-trang-tri-noi-that-bao-hanh-1-nam-116412709,https://media3.scdn.vn/img4/2024/03_12/upjZ9QtS8DyHg5nA2Ylm_simg_b5529c_250x250_maxb.jpg,0,0,0,OEM,1/2/2849/3343/3385,"[{""id"": 2849, ""title"": ""Tân Trang Nhà Cửa"", ""path"": ""tan-trang-nha-cua"", ""url_key"": ""tan-trang-nha-cua""}, {""id"": 3343, ""title"": ""Các loại đèn"", ""path"": ""tan-trang-nha-cua/cac-loai-den"", ""url_key"": ""cac-loai-den""}, {""id"": 3385, ""title"": ""Đèn loại khác"", ""path"": ""tan-trang-nha-cua/cac-loai-den/den-loai-khac"", ""url_key"": ""den-loai-khac""}]",499000,369000,248390,Siêu Thị Điện Máy HD,shop/sieu-thi-dien-may-hd,4.8,"[""shop_plus""]",Hải Dương,1,68,28
116170546,"Bình xịt dưỡng bóng da, nhựa đen, nhựa màu nội thất ô tô toyo 500ml",binh-xit-duong-bong-da-nhua-den-nhua-mau-noi-that-o-to-toyo-500ml-116170546,https://media3.scdn.vn/img4/2023/11_15/cgMmhER2jEEECiaB33s8_simg_b5529c_250x250_maxb.png,5,1,1,OEM,1/2/2150/3431/3510,"[{""id"": 2150, ""title"": ""Ô tô - Xe máy"", ""path"": ""o-to-xe-may"", ""url_key"": ""o-to-xe-may""}, {""id"": 3431, ""title"": ""Chăm sóc và bảo dưỡng ô tô, xe máy"", ""path"": ""o-to-xe-may/cham-soc-va-bao-duong-o-to-xe-may"", ""url_key"": ""cham-soc-va-bao-duong-o-to-xe-may""}, {""id"": 3510, ""title"": ""Chăm sóc và bảo dưỡng ô tô, xe máy khác"", ""path"": ""o-to-xe-may/cham-soc-va-bao-duong-o-to-xe-may/cham-soc-va-bao-duong-o-to-xe-may-khac"", ""url_key"": ""cham-soc-va-bao-duong-o-to-xe-may-khac""}]",160000,79000,550395,Minh Chung Auto,shop/minh-chung-auto,4.8,"[""shop_plus""]",Hà Nội,1,99,51
117202464,Đôi tình nhân trang trí nội thất xe ô tô- điểm nhấn cho xế yêu,doi-tinh-nhan-trang-tri-noi-that-xe-o-to-diem-nhan-cho-xe-yeu-117202464,https://media3.scdn.vn/img4/2024/07_23/Jm4UBELUZSVMflxpFwQg_simg_b5529c_250x250_maxb.jpg,0,0,0,OEM,1/2/2150/2157/2172,"[{""id"": 2150, ""title"": ""Ô tô - Xe máy"", ""path"": ""o-to-xe-may"", ""url_key"": ""o-to-xe-may""}, {""id"": 2157, ""title"": ""Phụ kiện bên trong ô tô"", ""path"": ""o-to-xe-may/phu-kien-ben-trong-o-to"", ""url_key"": ""phu-kien-ben-trong-o-to""}, {""id"": 2172, ""title"": ""Phụ kiện bên trong ô tô khác"", ""path"": ""o-to-xe-may/phu-kien-ben-trong-o-to/phu-kien-ben-trong-o-to-khac"", ""url_key"": ""phu-kien-ben-trong-o-to-khac""}]",485300,245600,984943,world shopping VN,shop/world-shopping-vn,5,"[""shop_plus""]",Lâm Đồng,1,799992,50
117709445,"Bạt phủ che nắng chống nóng kính lái ô tô, xe hơi loại tốt, cách nhiệt chống tia UV bảo vệ nội thất xe - D&A Shop",bat-phu-che-nang-chong-nong-kinh-lai-o-to-xe-hoi-loai-tot-cach-nhiet-chong-tia-uv-bao-ve-noi-that-xe-d-a-shop-117709445,https://media3.scdn.vn/img4/2024/07_23/gIquFrPEkx6CFuCfpH4r_simg_b5529c_250x250_maxb.jpg,0,0,0,OEM,1/2/2150/2173/2174,"[{""id"": 2150, ""title"": ""Ô tô - Xe máy"", ""path"": ""o-to-xe-may"", ""url_key"": ""o-to-xe-may""}, {""id"": 2173, ""title"": ""Phụ kiện bên ngoài ô tô, phụ tùng"", ""path"": ""o-to-xe-may/phu-kien-ben-ngoai-o-to-phu-tung"", ""url_key"": ""phu-kien-ben-ngoai-o-to-phu-tung""}, {""id"": 2174, ""title"": ""Bạt phủ ô tô"", ""path"": ""o-to-xe-may/phu-kien-ben-ngoai-o-to-phu-tung/bat-phu-o-to"", ""url_key"": ""bat-phu-o-to""}]",559000,559000,988234,SaleShop Mua,shop/saleshop-mua,0,"[""shop_plus""]",Lâm Đồng,1,19,0
111279464,"Bàn phím máy tính có dây Newmen E007 ( KB705)– Business Office E007, Đen-Multimedia, Hàng chính hãng",ban-phim-may-tinh-co-day-newmen-e007-kb705-business-office-e007-den-multimedia-hang-chinh-hang-111279464,https://media3.scdn.vn/img4/2023/02_24/kt4fd8p9Liwcr3fhJAfK_simg_b5529c_250x250_maxb.jpg,0,0,0,OEM,1/2/2901/3270/3273,"[{""id"": 2901, ""title"": ""Laptop, Máy tính & Thiết bị văn phòng"", ""path"": ""may-tinh"", ""url_key"": ""may-tinh""}, {""id"": 3270, ""title"": ""Chuột, bàn phím"", ""path"": ""may-tinh/chuot-ban-phim"", ""url_key"": ""chuot-ban-phim""}, {""id"": 3273, ""title"": ""Bàn phím chơi game"", ""path"": ""may-tinh/chuot-ban-phim/ban-phim-game-thu"", ""url_key"": ""ban-phim-game-thu""}]",168000,168000,967033,Viễn thông Kim Ánh,shop/vien-thong-kim-anh,5,"[""shop_plus""]",Bến Tre,1,999,0
111428295,"Bàn phím máy tính có dây NEWMEN E340+ (Game, Coder, Banker, Home ), Hàng chính hãng",ban-phim-may-tinh-co-day-newmen-e340-game-coder-banker-home-hang-chinh-hang-111428295,https://media3.scdn.vn/img4/2023/03_03/uSHg3LXH3YxhpCyMUbW6_simg_b5529c_250x250_maxb.jpg,0,0,1,OEM,1/2/2901/3270/3273,"[{""id"": 2901, ""title"": ""Laptop, Máy tính & Thiết bị văn phòng"", ""path"": ""may-tinh"", ""url_key"": ""may-tinh""}, {""id"": 3270, ""title"": ""Chuột, bàn phím"", ""path"": ""may-tinh/chuot-ban-phim"", ""url_key"": ""chuot-ban-phim""}, {""id"": 3273, ""title"": ""Bàn phím chơi game"", ""path"": ""may-tinh/chuot-ban-phim/ban-phim-game-thu"", ""url_key"": ""ban-phim-game-thu""}]",196000,196000,878064,CỬA HÀNG TB VIỄN THÔNG GIÁ SỈ,shop/cua-hang-tb-vien-thong-gia-si,4.6,"[""shop_plus""]",Bến Tre,1,998,0
86945743,Bàn Phím Keyboard R8-1812 Mini USB,ban-phim-keyboard-r8-1812-mini-usb-86945743,https://media3.scdn.vn/img4/2022/05_09/MJo7VAgjgMbnvx95WFuw_simg_b5529c_250x250_maxb.jpg,5,3,1,OEM,1/2/2901/3270/3271,"[{""id"": 2901, ""title"": ""Laptop, Máy tính & Thiết bị văn phòng"", ""path"": ""may-tinh"", ""url_key"": ""may-tinh""}, {""id"": 3270, ""title"": ""Chuột, bàn phím"", ""path"": ""may-tinh/chuot-ban-phim"", ""url_key"": ""chuot-ban-phim""}, {""id"": 3271, ""title"": ""Bàn phím có dây"", ""path"": ""may-tinh/chuot-ban-phim/ban-phim-co-day"", ""url_key"": ""ban-phim-co-day""}]",136000,136000,289839,VI TÍNH QUỐC DUY,shop/vi-tinh-quoc-duy,4.7,[],TP Hồ Chí Minh,1,9,0
111428294,"Bàn phím máy tính có dây NEWMEN E340+ (Game, Coder, Banker, Home ), Hàng chính hãng",ban-phim-may-tinh-co-day-newmen-e340-game-coder-banker-home-hang-chinh-hang-111428294,https://media3.scdn.vn/img4/2023/03_03/1Lr9P7tbmPgzQtvdlyce_simg_b5529c_250x250_maxb.jpg,0,0,0,OEM,1/2/2901/3270/3273,"[{""id"": 2901, ""title"": ""Laptop, Máy tính & Thiết bị văn phòng"", ""path"": ""may-tinh"", ""url_key"": ""may-tinh""}, {""id"": 3270, ""title"": ""Chuột, bàn phím"", ""path"": ""may-tinh/chuot-ban-phim"", ""url_key"": ""chuot-ban-phim""}, {""id"": 3273, ""title"": ""Bàn phím chơi game"", ""path"": ""may-tinh/chuot-ban-phim/ban-phim-game-thu"", ""url_key"": ""ban-phim-game-thu""}]",199000,199000,967033,Viễn thông Kim Ánh,shop/vien-thong-kim-anh,5,"[""shop_plus""]",Bến Tre,1,999,0
111279465,"Bàn phím máy tính có dây Newmen E007 ( KB705)– Business Office E007, Đen-Multimedia, Hàng chính hãng",ban-phim-may-tinh-co-day-newmen-e007-kb705-business-office-e007-den-multimedia-hang-chinh-hang-111279465,https://media3.scdn.vn/img4/2023/02_24/QeoDIXulY28u5Rx5Ycgt_simg_b5529c_250x250_maxb.jpg,0,0,1,OEM,1/2/2901/3270/3273,"[{""id"": 2901, ""title"": ""Laptop, Máy tính & Thiết bị văn phòng"", ""path"": ""may-tinh"", ""url_key"": ""may-tinh""}, {""id"": 3270, ""title"": ""Chuột, bàn phím"", ""path"": ""may-tinh/chuot-ban-phim"", ""url_key"": ""chuot-ban-phim""}, {""id"": 3273, ""title"": ""Bàn phím chơi game"", ""path"": ""may-tinh/chuot-ban-phim/ban-phim-game-thu"", ""url_key"": ""ban-phim-game-thu""}]",170000,170000,878064,CỬA HÀNG TB VIỄN THÔNG GIÁ SỈ,shop/cua-hang-tb-vien-thong-gia-si,4.6,"[""shop_plus""]",Bến Tre,1,997,0
115695563,Bàn phím không dây Logitech Pebble Keys 2 K380S - Bảo hành 12 tháng chính hãng,ban-phim-khong-day-logitech-pebble-keys-2-k380s-bao-hanh-12-thang-chinh-hang-115695563,https://media3.scdn.vn/img4/2023/09_14/hRCdU2ZaH2DntH1B0ZbF_simg_b5529c_250x250_maxb.jpg,0,0,5,Logitech,1/2/2901/3270/3272,"[{""id"": 2901, ""title"": ""Laptop, Máy tính & Thiết bị văn phòng"", ""path"": ""may-tinh"", ""url_key"": ""may-tinh""}, {""id"": 3270, ""title"": ""Chuột, bàn phím"", ""path"": ""may-tinh/chuot-ban-phim"", ""url_key"": ""chuot-ban-phim""}, {""id"": 3272, ""title"": ""Bàn phím không dây"", ""path"": ""may-tinh/chuot-ban-phim/ban-phim-khong-day"", ""url_key"": ""ban-phim-khong-day""}]",790000,790000,971629,GiaPhuc Digital,shop/giaphuc-digital,4.9,"[""shop_mall""]",TP Hồ Chí Minh,1,13,0
114989188,"Bàn phím Bluetooth, K380 MULTI-DEVICE BLUETOOTH KEYBOARD, bảo hành 6 tháng",ban-phim-bluetooth-k380-multi-device-bluetooth-keyboard-bao-hanh-6-thang-114989188,https://media3.scdn.vn/img4/2023/07_26/kkEysUTaqvhPb7sfPjgV_simg_b5529c_250x250_maxb.png,0,0,0,OEM,1/2/2901/3270/3272,"[{""id"": 2901, ""title"": ""Laptop, Máy tính & Thiết bị văn phòng"", ""path"": ""may-tinh"", ""url_key"": ""may-tinh""}, {""id"": 3270, ""title"": ""Chuột, bàn phím"", ""path"": ""may-tinh/chuot-ban-phim"", ""url_key"": ""chuot-ban-phim""}, {""id"": 3272, ""title"": ""Bàn phím không dây"", ""path"": ""may-tinh/chuot-ban-phim/ban-phim-khong-day"", ""url_key"": ""ban-phim-khong-day""}]",549000,549000,375607,H Shop 02,shop/h-shop-02,4.8,[],TP Hồ Chí Minh,1,40,0
116256126,"Bàn phím không dây công thái học Logitech Wave Keys - Kết nối Bluetooth, Gác tay, Windows, MacOs",ban-phim-khong-day-cong-thai-hoc-logitech-wave-keys-ket-noi-bluetooth-gac-tay-windows-macos-116256126,https://media3.scdn.vn/img4/2023/12_23/sBtih9kaqzRt68kK76tK_simg_b5529c_250x250_maxb.jpg,0,0,0,Logitech,1/2/2901/3270/3272,"[{""id"": 2901, ""title"": ""Laptop, Máy tính & Thiết bị văn phòng"", ""path"": ""may-tinh"", ""url_key"": ""may-tinh""}, {""id"": 3270, ""title"": ""Chuột, bàn phím"", ""path"": ""may-tinh/chuot-ban-phim"", ""url_key"": ""chuot-ban-phim""}, {""id"": 3272, ""title"": ""Bàn phím không dây"", ""path"": ""may-tinh/chuot-ban-phim/ban-phim-khong-day"", ""url_key"": ""ban-phim-khong-day""}]",1549000,1349000,971629,GiaPhuc Digital,shop/giaphuc-digital,4.9,"[""shop_mall""]",TP Hồ Chí Minh,1,10,19
115720621,"Combo chuột và bàn phím không dây Logi MK825 Performance, hành zin chính hãng bảo hành 6 tháng",combo-chuot-va-ban-phim-khong-day-logi-mk825-performance-hanh-zin-chinh-hang-bao-hanh-6-thang-115720621,https://media3.scdn.vn/img4/2023/09_16/JLG1RwTSXuCE5nvL05d8_simg_b5529c_250x250_maxb.jpg,0,0,0,OEM,1/2/2901/3270/3272,"[{""id"": 2901, ""title"": ""Laptop, Máy tính & Thiết bị văn phòng"", ""path"": ""may-tinh"", ""url_key"": ""may-tinh""}, {""id"": 3270, ""title"": ""Chuột, bàn phím"", ""path"": ""may-tinh/chuot-ban-phim"", ""url_key"": ""chuot-ban-phim""}, {""id"": 3272, ""title"": ""Bàn phím không dây"", ""path"": ""may-tinh/chuot-ban-phim/ban-phim-khong-day"", ""url_key"": ""ban-phim-khong-day""}]",899000,899000,375607,H Shop 02,shop/h-shop-02,4.8,[],TP Hồ Chí Minh,1,2,0
115697070,Bàn phím máy tính bảng Logi - Bluetooth Tablet (Combo bàn phím và chân đế),ban-phim-may-tinh-bang-logi-bluetooth-tablet-combo-ban-phim-va-chan-de-115697070,https://media3.scdn.vn/img4/2023/09_15/mmmG20DtkSLOaMGGmsU9_simg_b5529c_250x250_maxb.jpg,0,0,0,OEM,1/2/2901/3270/3272,"[{""id"": 2901, ""title"": ""Laptop, Máy tính & Thiết bị văn phòng"", ""path"": ""may-tinh"", ""url_key"": ""may-tinh""}, {""id"": 3270, ""title"": ""Chuột, bàn phím"", ""path"": ""may-tinh/chuot-ban-phim"", ""url_key"": ""chuot-ban-phim""}, {""id"": 3272, ""title"": ""Bàn phím không dây"", ""path"": ""may-tinh/chuot-ban-phim/ban-phim-khong-day"", ""url_key"": ""ban-phim-khong-day""}]",579000,579000,375607,H Shop 02,shop/h-shop-02,4.8,[],TP Hồ Chí Minh,1,33,0
109654575,Bao da kèm bàn phím Logitech Combo Touch cho iPad Pro 12.9inch 2021,bao-da-kem-ban-phim-logitech-combo-touch-cho-ipad-pro-129inch-2021-109654575,https://media3.scdn.vn/img4/2023/01_01/y7WDTvYI0ucbv2MJ84ei_simg_b5529c_250x250_maxb.jpg,0,0,0,Logitech,1/2/528/529/3768,"[{""id"": 528, ""title"": ""Phụ kiện công nghệ"", ""path"": ""phu-kien-cong-nghe"", ""url_key"": ""phu-kien-cong-nghe""}, {""id"": 529, ""title"": ""Phụ kiện điện thoại, máy tính bảng"", ""path"": ""phu-kien-cong-nghe/phu-kien-dien-thoai-may-tinh-bang"", ""url_key"": ""phu-kien-dien-thoai-may-tinh-bang""}, {""id"": 3768, ""title"": ""Bao da bàn phím cho máy tính bảng"", ""path"": ""phu-kien-cong-nghe/phu-kien-dien-thoai-may-tinh-bang/bao-da-ban-phim-cho-may-tinh-bang"", ""url_key"": ""bao-da-ban-phim-cho-may-tinh-bang""}]",5990000,5990000,971629,GiaPhuc Digital,shop/giaphuc-digital,4.9,"[""shop_mall""]",TP Hồ Chí Minh,1,8,0
107584185,Bàn phím không dây Logitech K270,ban-phim-khong-day-logitech-k270-107584185,https://media3.scdn.vn/img4/2022/11_23/tdndanwvz0P1NRTDpLVI_simg_b5529c_250x250_maxb.jpg,0,0,0,Logitech,1/2/2901/3270/3272,"[{""id"": 2901, ""title"": ""Laptop, Máy tính & Thiết bị văn phòng"", ""path"": ""may-tinh"", ""url_key"": ""may-tinh""}, {""id"": 3270, ""title"": ""Chuột, bàn phím"", ""path"": ""may-tinh/chuot-ban-phim"", ""url_key"": ""chuot-ban-phim""}, {""id"": 3272, ""title"": ""Bàn phím không dây"", ""path"": ""may-tinh/chuot-ban-phim/ban-phim-khong-day"", ""url_key"": ""ban-phim-khong-day""}]",385000,385000,971629,GiaPhuc Digital,shop/giaphuc-digital,4.9,"[""shop_mall""]",TP Hồ Chí Minh,1,9,0
111994016,"BÀN PHÍM DÙNG CHO DELL LATITUDE E5550, DELL PRECISION 3520,7520,7720",ban-phim-dung-cho-dell-latitude-e5550-dell-precision-3520-7520-7720-111994016,https://media3.scdn.vn/img4/2023/03_19/6kjRRkfWCssedCoO00O2_simg_b5529c_250x250_maxb.png,0,0,0,OEM,1/2/2901/3270/3271,"[{""id"": 2901, ""title"": ""Laptop, Máy tính & Thiết bị văn phòng"", ""path"": ""may-tinh"", ""url_key"": ""may-tinh""}, {""id"": 3270, ""title"": ""Chuột, bàn phím"", ""path"": ""may-tinh/chuot-ban-phim"", ""url_key"": ""chuot-ban-phim""}, {""id"": 3271, ""title"": ""Bàn phím có dây"", ""path"": ""may-tinh/chuot-ban-phim/ban-phim-co-day"", ""url_key"": ""ban-phim-co-day""}]",360570,360570,289839,VI TÍNH QUỐC DUY,shop/vi-tinh-quoc-duy,4.7,[],TP Hồ Chí Minh,1,100,0
111329777,"BÀN PHÍM LAPTOP DÙNG CHO LAPTOP HP PROBOOK 450 G3,455 G3,470 G3 (CÓ KHUNG)",ban-phim-laptop-dung-cho-laptop-hp-probook-450-g3-455-g3-470-g3-co-khung-111329777,https://media3.scdn.vn/img4/2023/02_26/UxrPnWSVEGCgiGa3Qdb5_simg_b5529c_250x250_maxb.png,0,0,0,OEM,1/2/2901/3270/3271,"[{""id"": 2901, ""title"": ""Laptop, Máy tính & Thiết bị văn phòng"", ""path"": ""may-tinh"", ""url_key"": ""may-tinh""}, {""id"": 3270, ""title"": ""Chuột, bàn phím"", ""path"": ""may-tinh/chuot-ban-phim"", ""url_key"": ""chuot-ban-phim""}, {""id"": 3271, ""title"": ""Bàn phím có dây"", ""path"": ""may-tinh/chuot-ban-phim/ban-phim-co-day"", ""url_key"": ""ban-phim-co-day""}]",164830,164830,289839,VI TÍNH QUỐC DUY,shop/vi-tinh-quoc-duy,4.7,[],TP Hồ Chí Minh,1,99,0
111277877,"BÀN PHÍM LAPTOP DÙNG CHO LAPTOP ACER ASPIRE E5-573,E5-575,E5-722,F5-571 (MÀU ĐEN) BAMBA",ban-phim-laptop-dung-cho-laptop-acer-aspire-e5-573-e5-575-e5-722-f5-571-mau-den-bamba-111277877,https://media3.scdn.vn/img4/2023/02_24/IbJxkjbe1aDAF89K13Oe_simg_b5529c_250x250_maxb.png,0,0,0,OEM,1/2/2901/3270/3271,"[{""id"": 2901, ""title"": ""Laptop, Máy tính & Thiết bị văn phòng"", ""path"": ""may-tinh"", ""url_key"": ""may-tinh""}, {""id"": 3270, ""title"": ""Chuột, bàn phím"", ""path"": ""may-tinh/chuot-ban-phim"", ""url_key"": ""chuot-ban-phim""}, {""id"": 3271, ""title"": ""Bàn phím có dây"", ""path"": ""may-tinh/chuot-ban-phim/ban-phim-co-day"", ""url_key"": ""ban-phim-co-day""}]",121560,121560,289839,VI TÍNH QUỐC DUY,shop/vi-tinh-quoc-duy,4.7,[],TP Hồ Chí Minh,1,100,0
111873637,BÀN PHÍM DÙNG CHO LAPTOP HP SPECTRE 13T-3000 (MÀU BẠC) CÓ ĐÈN,ban-phim-dung-cho-laptop-hp-spectre-13t-3000-mau-bac-co-den-111873637,https://media3.scdn.vn/img4/2023/03_16/5p2bahrmvNdIfoNNeV7s_simg_b5529c_250x250_maxb.png,0,0,0,OEM,1/2/2901/3270/3271,"[{""id"": 2901, ""title"": ""Laptop, Máy tính & Thiết bị văn phòng"", ""path"": ""may-tinh"", ""url_key"": ""may-tinh""}, {""id"": 3270, ""title"": ""Chuột, bàn phím"", ""path"": ""may-tinh/chuot-ban-phim"", ""url_key"": ""chuot-ban-phim""}, {""id"": 3271, ""title"": ""Bàn phím có dây"", ""path"": ""may-tinh/chuot-ban-phim/ban-phim-co-day"", ""url_key"": ""ban-phim-co-day""}]",661390,661390,289839,VI TÍNH QUỐC DUY,shop/vi-tinh-quoc-duy,4.7,[],TP Hồ Chí Minh,1,50,0
110959690,Combo Bàn phím Chuột Không Dây Bosston WS500 (trắng),combo-ban-phim-chuot-khong-day-bosston-ws500-trang-110959690,https://media3.scdn.vn/img4/2023/02_16/EfTeRhlXIa3zfk1ruZ4n_simg_b5529c_250x250_maxb.png,0,0,0,OEM,1/2/2901/3270/3272,"[{""id"": 2901, ""title"": ""Laptop, Máy tính & Thiết bị văn phòng"", ""path"": ""may-tinh"", ""url_key"": ""may-tinh""}, {""id"": 3270, ""title"": ""Chuột, bàn phím"", ""path"": ""may-tinh/chuot-ban-phim"", ""url_key"": ""chuot-ban-phim""}, {""id"": 3272, ""title"": ""Bàn phím không dây"", ""path"": ""may-tinh/chuot-ban-phim/ban-phim-khong-day"", ""url_key"": ""ban-phim-khong-day""}]",294000,294000,289839,VI TÍNH QUỐC DUY,shop/vi-tinh-quoc-duy,4.7,[],TP Hồ Chí Minh,1,1,0
110719757,"Bàn phím Laptop Dell Latitude E5550, Dell Precision 3520, 7520, 7720. Bảo hành 12 tháng.",ban-phim-laptop-dell-latitude-e5550-dell-precision-3520-7520-7720-bao-hanh-12-thang-110719757,https://media3.scdn.vn/img4/2023/02_04/oDrrNmgW0r5atpu4S7Fh_simg_b5529c_250x250_maxb.png,0,0,0,OEM,1/2/2901/3270/3271,"[{""id"": 2901, ""title"": ""Laptop, Máy tính & Thiết bị văn phòng"", ""path"": ""may-tinh"", ""url_key"": ""may-tinh""}, {""id"": 3270, ""title"": ""Chuột, bàn phím"", ""path"": ""may-tinh/chuot-ban-phim"", ""url_key"": ""chuot-ban-phim""}, {""id"": 3271, ""title"": ""Bàn phím có dây"", ""path"": ""may-tinh/chuot-ban-phim/ban-phim-co-day"", ""url_key"": ""ban-phim-co-day""}]",360570,360570,289839,VI TÍNH QUỐC DUY,shop/vi-tinh-quoc-duy,4.7,[],TP Hồ Chí Minh,1,100,0
108861431,"Bàn phím Keyboard ALTEC LANSING 8614GR (Phím cơ, Red Switch, 19 chế độ LED)",ban-phim-keyboard-altec-lansing-8614gr-phim-co-red-switch-19-che-do-led-108861431,https://media3.scdn.vn/img4/2022/12_17/WrkpLQPB0CazFGFscfok_simg_b5529c_250x250_maxb.jpg,0,0,1,OEM,1/2/2901/3270/3271,"[{""id"": 2901, ""title"": ""Laptop, Máy tính & Thiết bị văn phòng"", ""path"": ""may-tinh"", ""url_key"": ""may-tinh""}, {""id"": 3270, ""title"": ""Chuột, bàn phím"", ""path"": ""may-tinh/chuot-ban-phim"", ""url_key"": ""chuot-ban-phim""}, {""id"": 3271, ""title"": ""Bàn phím có dây"", ""path"": ""may-tinh/chuot-ban-phim/ban-phim-co-day"", ""url_key"": ""ban-phim-co-day""}]",837000,837000,289839,VI TÍNH QUỐC DUY,shop/vi-tinh-quoc-duy,4.7,[],TP Hồ Chí Minh,1,50,0
95688057,"BÀN PHÍM Keyboard VSP VM03 Black USB Chính hãng (Phím cơ, Blue switch, 21 chế độ LED)",ban-phim-keyboard-vsp-vm03-black-usb-chinh-hang-phim-co-blue-switch-21-che-do-led-95688057,https://media3.scdn.vn/img4/2022/07_08/G61i9kBrbiRAGiaA1grC_simg_b5529c_250x250_maxb.png,0,0,0,OEM,1/2/2901/3270/3273,"[{""id"": 2901, ""title"": ""Laptop, Máy tính & Thiết bị văn phòng"", ""path"": ""may-tinh"", ""url_key"": ""may-tinh""}, {""id"": 3270, ""title"": ""Chuột, bàn phím"", ""path"": ""may-tinh/chuot-ban-phim"", ""url_key"": ""chuot-ban-phim""}, {""id"": 3273, ""title"": ""Bàn phím chơi game"", ""path"": ""may-tinh/chuot-ban-phim/ban-phim-game-thu"", ""url_key"": ""ban-phim-game-thu""}]",661390,661390,289839,VI TÍNH QUỐC DUY,shop/vi-tinh-quoc-duy,4.7,[],TP Hồ Chí Minh,1,10,0
108783276,"Bàn phím Keyboard DAREU LK185 USB Chính hãng (Phím mỏng chuyên văn phòng, 1.8m)",ban-phim-keyboard-dareu-lk185-usb-chinh-hang-phim-mong-chuyen-van-phong-18m-108783276,https://media3.scdn.vn/img4/2022/12_16/a59B46JcMJ5fWxpivvRh_simg_b5529c_250x250_maxb.png,0,0,0,OEM,1/2/2901/3270/3271,"[{""id"": 2901, ""title"": ""Laptop, Máy tính & Thiết bị văn phòng"", ""path"": ""may-tinh"", ""url_key"": ""may-tinh""}, {""id"": 3270, ""title"": ""Chuột, bàn phím"", ""path"": ""may-tinh/chuot-ban-phim"", ""url_key"": ""chuot-ban-phim""}, {""id"": 3271, ""title"": ""Bàn phím có dây"", ""path"": ""may-tinh/chuot-ban-phim/ban-phim-co-day"", ""url_key"": ""ban-phim-co-day""}]",178220,178220,289839,VI TÍNH QUỐC DUY,shop/vi-tinh-quoc-duy,4.7,[],TP Hồ Chí Minh,1,50,0
108782682,Bàn phím Keyboard RAPOO NK2500 USB Chính hãng,ban-phim-keyboard-rapoo-nk2500-usb-chinh-hang-108782682,https://media3.scdn.vn/img4/2022/12_16/e8ez0STUeBTKtx9dPLR5_simg_b5529c_250x250_maxb.png,0,0,0,OEM,1/2/2901/3270/3271,"[{""id"": 2901, ""title"": ""Laptop, Máy tính & Thiết bị văn phòng"", ""path"": ""may-tinh"", ""url_key"": ""may-tinh""}, {""id"": 3270, ""title"": ""Chuột, bàn phím"", ""path"": ""may-tinh/chuot-ban-phim"", ""url_key"": ""chuot-ban-phim""}, {""id"": 3271, ""title"": ""Bàn phím có dây"", ""path"": ""may-tinh/chuot-ban-phim/ban-phim-co-day"", ""url_key"": ""ban-phim-co-day""}]",185000,185000,289839,VI TÍNH QUỐC DUY,shop/vi-tinh-quoc-duy,4.7,[],TP Hồ Chí Minh,1,50,0
106831623,"Bàn phím màn hình, tấm dán JACK A4",ban-phim-man-hinh-tam-dan-jack-a4-106831623,https://media3.scdn.vn/img4/2022/11_09/NbcRyzQycJIhwHMWzaF3_simg_b5529c_250x250_maxb.png,0,0,0,OEM,1/2/1108/4000/4006,"[{""id"": 1108, ""title"": ""Đồ điện gia dụng"", ""path"": ""do-dien-gia-dung"", ""url_key"": ""do-dien-gia-dung""}, {""id"": 4000, ""title"": ""Thiết bị chăm sóc quần áo"", ""path"": ""do-dien-gia-dung/thiet-bi-cham-soc-quan-ao"", ""url_key"": ""thiet-bi-cham-soc-quan-ao""}, {""id"": 4006, ""title"": ""Phụ kiện máy may, thêu, vắt sổ"", ""path"": ""do-dien-gia-dung/thiet-bi-cham-soc-quan-ao/phu-kien-may-may-theu-vat-so"", ""url_key"": ""phu-kien-may-may-theu-vat-so""}]",100000,100000,881333,Thietbimaybinhminh,shop/thietbimaybinhminh,4.8,[],Hà Nội,1,38,0
106500916,Bàn phím (tấm dán màn hình) máy may loại dài 1 bộ gồm 2 tấm dán dùng cho máy may công nghiệp 1 kim,ban-phim-tam-dan-man-hinh-may-may-loai-dai-1-bo-gom-2-tam-dan-dung-cho-may-may-cong-nghiep-1-kim-106500916,https://media3.scdn.vn/img4/2022/11_04/FYuxkOEjcqSxAcuIJD01_simg_b5529c_250x250_maxb.jpg,0,0,0,OEM,1/2/1108/4000/4006,"[{""id"": 1108, ""title"": ""Đồ điện gia dụng"", ""path"": ""do-dien-gia-dung"", ""url_key"": ""do-dien-gia-dung""}, {""id"": 4000, ""title"": ""Thiết bị chăm sóc quần áo"", ""path"": ""do-dien-gia-dung/thiet-bi-cham-soc-quan-ao"", ""url_key"": ""thiet-bi-cham-soc-quan-ao""}, {""id"": 4006, ""title"": ""Phụ kiện máy may, thêu, vắt sổ"", ""path"": ""do-dien-gia-dung/thiet-bi-cham-soc-quan-ao/phu-kien-may-may-theu-vat-so"", ""url_key"": ""phu-kien-may-may-theu-vat-so""}]",150000,150000,881333,Thietbimaybinhminh,shop/thietbimaybinhminh,4.8,[],Hà Nội,1,94,0
86992177,"Bàn phím Keyboard JEDEL KL-95 Chính hãng (Phím cơ, Blue Switch, 10 chế độ Led)",ban-phim-keyboard-jedel-kl-95-chinh-hang-phim-co-blue-switch-10-che-do-led-86992177,https://media3.scdn.vn/img4/2022/05_09/7FZ972OY2uyNZ5zbnluT_simg_b5529c_250x250_maxb.jpg,0,0,0,OEM,1/2/2901/3270/3271,"[{""id"": 2901, ""title"": ""Laptop, Máy tính & Thiết bị văn phòng"", ""path"": ""may-tinh"", ""url_key"": ""may-tinh""}, {""id"": 3270, ""title"": ""Chuột, bàn phím"", ""path"": ""may-tinh/chuot-ban-phim"", ""url_key"": ""chuot-ban-phim""}, {""id"": 3271, ""title"": ""Bàn phím có dây"", ""path"": ""may-tinh/chuot-ban-phim/ban-phim-co-day"", ""url_key"": ""ban-phim-co-day""}]",525000,525000,289839,VI TÍNH QUỐC DUY,shop/vi-tinh-quoc-duy,4.7,[],TP Hồ Chí Minh,1,10,0
114325229,bàn phím Dell Alienware AW410K (70273596) RGB Mechanical Gaming Keyboard US English,ban-phim-dell-alienware-aw410k-70273596-rgb-mechanical-gaming-keyboard-us-english-114325229,https://media3.scdn.vn/img4/2023/06_10/sQ3fc4cpVeVk7qActQIY_simg_b5529c_250x250_maxb.jpg,0,0,0,Dell,1/2/2901/3270/3273,"[{""id"": 2901, ""title"": ""Laptop, Máy tính & Thiết bị văn phòng"", ""path"": ""may-tinh"", ""url_key"": ""may-tinh""}, {""id"": 3270, ""title"": ""Chuột, bàn phím"", ""path"": ""may-tinh/chuot-ban-phim"", ""url_key"": ""chuot-ban-phim""}, {""id"": 3273, ""title"": ""Bàn phím chơi game"", ""path"": ""may-tinh/chuot-ban-phim/ban-phim-game-thu"", ""url_key"": ""ban-phim-game-thu""}]",2500000,2500000,534883,EAZ Shop,shop/eaz-shop,4.9,"[""shop_mall""]",TP Hồ Chí Minh,1,2,0
110719765,"BÀN PHÍM LAPTOP HP PROBOOK 450 G3, 455 G3, 470 G3 (CÓ KHUNG). BẢO HÀNH 12 THÁNG",ban-phim-laptop-hp-probook-450-g3-455-g3-470-g3-co-khung-bao-hanh-12-thang-110719765,https://media3.scdn.vn/img4/2023/02_04/Uj8fFfKSybTPzjoP9dTm_simg_b5529c_250x250_maxb.jpg,0,0,0,OEM,1/2/2901/3270/3271,"[{""id"": 2901, ""title"": ""Laptop, Máy tính & Thiết bị văn phòng"", ""path"": ""may-tinh"", ""url_key"": ""may-tinh""}, {""id"": 3270, ""title"": ""Chuột, bàn phím"", ""path"": ""may-tinh/chuot-ban-phim"", ""url_key"": ""chuot-ban-phim""}, {""id"": 3271, ""title"": ""Bàn phím có dây"", ""path"": ""may-tinh/chuot-ban-phim/ban-phim-co-day"", ""url_key"": ""ban-phim-co-day""}]",164830,164830,289839,VI TÍNH QUỐC DUY,shop/vi-tinh-quoc-duy,4.7,[],TP Hồ Chí Minh,1,49,0
115828865,Bàn phím máy tính bảng Logi Slim Combo - dùng cho Ipad Pro 12.9inch 1st and 2nd,ban-phim-may-tinh-bang-logi-slim-combo-dung-cho-ipad-pro-129inch-1st-and-2nd-115828865,https://media3.scdn.vn/img4/2023/09_20/6KeFDc3mJcH9QHyj4Mb2_simg_b5529c_250x250_maxb.jpg,0,0,0,OEM,1/2/528/529/3768,"[{""id"": 528, ""title"": ""Phụ kiện công nghệ"", ""path"": ""phu-kien-cong-nghe"", ""url_key"": ""phu-kien-cong-nghe""}, {""id"": 529, ""title"": ""Phụ kiện điện thoại, máy tính bảng"", ""path"": ""phu-kien-cong-nghe/phu-kien-dien-thoai-may-tinh-bang"", ""url_key"": ""phu-kien-dien-thoai-may-tinh-bang""}, {""id"": 3768, ""title"": ""Bao da bàn phím cho máy tính bảng"", ""path"": ""phu-kien-cong-nghe/phu-kien-dien-thoai-may-tinh-bang/bao-da-ban-phim-cho-may-tinh-bang"", ""url_key"": ""bao-da-ban-phim-cho-may-tinh-bang""}]",879000,879000,375607,H Shop 02,shop/h-shop-02,4.8,[],TP Hồ Chí Minh,1,1,0
111873434,"BÀN PHÍM DÙNG CHO LAPTOP DELL 3521,5521,5537,3540,3537",ban-phim-dung-cho-laptop-dell-3521-5521-5537-3540-3537-111873434,https://media3.scdn.vn/img4/2023/03_16/KHFJA9Vy8dgvRFA03J7z_simg_b5529c_250x250_maxb.png,0,0,0,OEM,1/2/2901/3270/3271,"[{""id"": 2901, ""title"": ""Laptop, Máy tính & Thiết bị văn phòng"", ""path"": ""may-tinh"", ""url_key"": ""may-tinh""}, {""id"": 3270, ""title"": ""Chuột, bàn phím"", ""path"": ""may-tinh/chuot-ban-phim"", ""url_key"": ""chuot-ban-phim""}, {""id"": 3271, ""title"": ""Bàn phím có dây"", ""path"": ""may-tinh/chuot-ban-phim/ban-phim-co-day"", ""url_key"": ""ban-phim-co-day""}]",165860,165860,289839,VI TÍNH QUỐC DUY,shop/vi-tinh-quoc-duy,4.7,[],TP Hồ Chí Minh,1,50,0
108861389,"Bàn phím Keyboard T-WOLF T17 Black Chính hãng (Phím cơ, 104 key, Blue Switch, 12 chế độ LED)",ban-phim-keyboard-t-wolf-t17-black-chinh-hang-phim-co-104-key-blue-switch-12-che-do-led-108861389,https://media3.scdn.vn/img4/2022/12_17/pYClm4FzFfcSwMGGFr8h_simg_b5529c_250x250_maxb.png,0,0,0,OEM,1/2/2901/3270/3271,"[{""id"": 2901, ""title"": ""Laptop, Máy tính & Thiết bị văn phòng"", ""path"": ""may-tinh"", ""url_key"": ""may-tinh""}, {""id"": 3270, ""title"": ""Chuột, bàn phím"", ""path"": ""may-tinh/chuot-ban-phim"", ""url_key"": ""chuot-ban-phim""}, {""id"": 3271, ""title"": ""Bàn phím có dây"", ""path"": ""may-tinh/chuot-ban-phim/ban-phim-co-day"", ""url_key"": ""ban-phim-co-day""}]",563000,563000,289839,VI TÍNH QUỐC DUY,shop/vi-tinh-quoc-duy,4.7,[],TP Hồ Chí Minh,1,50,0
108783355,Bàn phím Keyboard DELL KB216 USB Chính hãng (Chuyên văn phòng),ban-phim-keyboard-dell-kb216-usb-chinh-hang-chuyen-van-phong-108783355,https://media3.scdn.vn/img4/2022/12_16/oGyVkdTplo4YutVT2QiT_simg_b5529c_250x250_maxb.png,0,0,0,OEM,1/2/2901/3270/3271,"[{""id"": 2901, ""title"": ""Laptop, Máy tính & Thiết bị văn phòng"", ""path"": ""may-tinh"", ""url_key"": ""may-tinh""}, {""id"": 3270, ""title"": ""Chuột, bàn phím"", ""path"": ""may-tinh/chuot-ban-phim"", ""url_key"": ""chuot-ban-phim""}, {""id"": 3271, ""title"": ""Bàn phím có dây"", ""path"": ""may-tinh/chuot-ban-phim/ban-phim-co-day"", ""url_key"": ""ban-phim-co-day""}]",228000,228000,289839,VI TÍNH QUỐC DUY,shop/vi-tinh-quoc-duy,4.7,[],TP Hồ Chí Minh,1,50,0
108730562,Combo Bàn Phím và Chuột không dây Logitech MK220,combo-ban-phim-va-chuot-khong-day-logitech-mk220-108730562,https://media3.scdn.vn/img4/2022/12_15/vAaj3fp6rtE3hG71fTdW_simg_b5529c_250x250_maxb.jpg,0,0,0,Logitech,1/2/2901/3270/3272,"[{""id"": 2901, ""title"": ""Laptop, Máy tính & Thiết bị văn phòng"", ""path"": ""may-tinh"", ""url_key"": ""may-tinh""}, {""id"": 3270, ""title"": ""Chuột, bàn phím"", ""path"": ""may-tinh/chuot-ban-phim"", ""url_key"": ""chuot-ban-phim""}, {""id"": 3272, ""title"": ""Bàn phím không dây"", ""path"": ""may-tinh/chuot-ban-phim/ban-phim-khong-day"", ""url_key"": ""ban-phim-khong-day""}]",415000,415000,971629,GiaPhuc Digital,shop/giaphuc-digital,4.9,"[""shop_mall""]",TP Hồ Chí Minh,1,10,0
107812183,Bàn phím cơ Logitech G713 RGB TKL,ban-phim-co-logitech-g713-rgb-tkl-107812183,https://media3.scdn.vn/img4/2022/11_30/J54HGi7OToDVjgg93AWj_simg_b5529c_250x250_maxb.jpg,0,0,0,Logitech,1/2/2901/3270/3273,"[{""id"": 2901, ""title"": ""Laptop, Máy tính & Thiết bị văn phòng"", ""path"": ""may-tinh"", ""url_key"": ""may-tinh""}, {""id"": 3270, ""title"": ""Chuột, bàn phím"", ""path"": ""may-tinh/chuot-ban-phim"", ""url_key"": ""chuot-ban-phim""}, {""id"": 3273, ""title"": ""Bàn phím chơi game"", ""path"": ""may-tinh/chuot-ban-phim/ban-phim-game-thu"", ""url_key"": ""ban-phim-game-thu""}]",4099000,4099000,971629,GiaPhuc Digital,shop/giaphuc-digital,4.9,"[""shop_mall""]",TP Hồ Chí Minh,1,6,0
107674884,Bàn Phím Không Dây Logitech SIGNATURE K650,ban-phim-khong-day-logitech-signature-k650-107674884,https://media3.scdn.vn/img4/2022/11_26/BACpXqUhBdrWEbLsjiRL_simg_b5529c_250x250_maxb.jpg,0,0,0,Logitech,1/2/2901/3270/3272,"[{""id"": 2901, ""title"": ""Laptop, Máy tính & Thiết bị văn phòng"", ""path"": ""may-tinh"", ""url_key"": ""may-tinh""}, {""id"": 3270, ""title"": ""Chuột, bàn phím"", ""path"": ""may-tinh/chuot-ban-phim"", ""url_key"": ""chuot-ban-phim""}, {""id"": 3272, ""title"": ""Bàn phím không dây"", ""path"": ""may-tinh/chuot-ban-phim/ban-phim-khong-day"", ""url_key"": ""ban-phim-khong-day""}]",1089000,1089000,971629,GiaPhuc Digital,shop/giaphuc-digital,4.9,"[""shop_mall""]",TP Hồ Chí Minh,1,4,0
107674752,Bàn phím tích hợp chuột cảm ứng Logitech Wireless Touch Keyboard K400 plus,ban-phim-tich-hop-chuot-cam-ung-logitech-wireless-touch-keyboard-k400-plus-107674752,https://media3.scdn.vn/img4/2022/11_26/PIxePaYhKRMokg9kFrQF_simg_b5529c_250x250_maxb.jpg,0,0,0,Logitech,1/2/2901/3270/3272,"[{""id"": 2901, ""title"": ""Laptop, Máy tính & Thiết bị văn phòng"", ""path"": ""may-tinh"", ""url_key"": ""may-tinh""}, {""id"": 3270, ""title"": ""Chuột, bàn phím"", ""path"": ""may-tinh/chuot-ban-phim"", ""url_key"": ""chuot-ban-phim""}, {""id"": 3272, ""title"": ""Bàn phím không dây"", ""path"": ""may-tinh/chuot-ban-phim/ban-phim-khong-day"", ""url_key"": ""ban-phim-khong-day""}]",690000,690000,971629,GiaPhuc Digital,shop/giaphuc-digital,4.9,"[""shop_mall""]",TP Hồ Chí Minh,1,8,0
107613067,Bàn phím cơ Gaming Logitech G512 Lightsync RGB,ban-phim-co-gaming-logitech-g512-lightsync-rgb-107613067,https://media3.scdn.vn/img4/2022/11_24/YQ84QkR6CgIE99oweFjl_simg_b5529c_250x250_maxb.jpg,0,0,0,Logitech,1/2/2901/3270/3273,"[{""id"": 2901, ""title"": ""Laptop, Máy tính & Thiết bị văn phòng"", ""path"": ""may-tinh"", ""url_key"": ""may-tinh""}, {""id"": 3270, ""title"": ""Chuột, bàn phím"", ""path"": ""may-tinh/chuot-ban-phim"", ""url_key"": ""chuot-ban-phim""}, {""id"": 3273, ""title"": ""Bàn phím chơi game"", ""path"": ""may-tinh/chuot-ban-phim/ban-phim-game-thu"", ""url_key"": ""ban-phim-game-thu""}]",2090000,2090000,971629,GiaPhuc Digital,shop/giaphuc-digital,4.9,"[""shop_mall""]",TP Hồ Chí Minh,1,14,0
111993910,"BÀN PHÍM BAMBA DÙNG CHO DELL INSPIRON 3541 ,3542, 3558,5545 5547,5542,5558,5559 TỐT",ban-phim-bamba-dung-cho-dell-inspiron-3541-3542-3558-5545-5547-5542-5558-5559-tot-111993910,https://media3.scdn.vn/img4/2023/03_19/T4kAFeirS4hLHEgdCkAc_simg_b5529c_250x250_maxb.png,0,0,0,OEM,1/2/2901/3270/3271,"[{""id"": 2901, ""title"": ""Laptop, Máy tính & Thiết bị văn phòng"", ""path"": ""may-tinh"", ""url_key"": ""may-tinh""}, {""id"": 3270, ""title"": ""Chuột, bàn phím"", ""path"": ""may-tinh/chuot-ban-phim"", ""url_key"": ""chuot-ban-phim""}, {""id"": 3271, ""title"": ""Bàn phím có dây"", ""path"": ""may-tinh/chuot-ban-phim/ban-phim-co-day"", ""url_key"": ""ban-phim-co-day""}]",141140,141140,289839,VI TÍNH QUỐC DUY,shop/vi-tinh-quoc-duy,4.7,[],TP Hồ Chí Minh,1,100,0
111874005,BÀN PHÍM LAPTOP DELL VOSTRO 15 - 3549,ban-phim-laptop-dell-vostro-15-3549-111874005,https://media3.scdn.vn/img4/2023/03_16/Ry0V88fFOcSi4HRr8gI1_simg_b5529c_250x250_maxb.jpg,0,0,0,OEM,1/2/2901/3270/3271,"[{""id"": 2901, ""title"": ""Laptop, Máy tính & Thiết bị văn phòng"", ""path"": ""may-tinh"", ""url_key"": ""may-tinh""}, {""id"": 3270, ""title"": ""Chuột, bàn phím"", ""path"": ""may-tinh/chuot-ban-phim"", ""url_key"": ""chuot-ban-phim""}, {""id"": 3271, ""title"": ""Bàn phím có dây"", ""path"": ""may-tinh/chuot-ban-phim/ban-phim-co-day"", ""url_key"": ""ban-phim-co-day""}]",159680,159680,289839,VI TÍNH QUỐC DUY,shop/vi-tinh-quoc-duy,4.7,[],TP Hồ Chí Minh,1,99,0
94474694,Bàn Phím Wireless Mini Cầm Tay Kiêm Chuột Cảm Ứng UKB 500 có led,ban-phim-wireless-mini-cam-tay-kiem-chuot-cam-ung-ukb-500-co-led-94474694,https://media3.scdn.vn/img4/2022/06_10/wRQgnlaFhy0rDHkL36DR_simg_b5529c_250x250_maxb.png,0,0,0,OEM,1/2/2901/3270/3272,"[{""id"": 2901, ""title"": ""Laptop, Máy tính & Thiết bị văn phòng"", ""path"": ""may-tinh"", ""url_key"": ""may-tinh""}, {""id"": 3270, ""title"": ""Chuột, bàn phím"", ""path"": ""may-tinh/chuot-ban-phim"", ""url_key"": ""chuot-ban-phim""}, {""id"": 3272, ""title"": ""Bàn phím không dây"", ""path"": ""may-tinh/chuot-ban-phim/ban-phim-khong-day"", ""url_key"": ""ban-phim-khong-day""}]",107000,107000,289839,VI TÍNH QUỐC DUY,shop/vi-tinh-quoc-duy,4.7,[],TP Hồ Chí Minh,1,10,0
86992254,"Bàn phím Keyboard RAINBOW-GEAR V8 (Phím cơ, Blue Switch, 10 chế độ LED)",ban-phim-keyboard-rainbow-gear-v8-phim-co-blue-switch-10-che-do-led-86992254,https://media3.scdn.vn/img4/2022/05_09/JBYde9MBXFLv4Jr4HbvH_simg_b5529c_250x250_maxb.jpg,0,0,0,OEM,1/2/2901/3270/3271,"[{""id"": 2901, ""title"": ""Laptop, Máy tính & Thiết bị văn phòng"", ""path"": ""may-tinh"", ""url_key"": ""may-tinh""}, {""id"": 3270, ""title"": ""Chuột, bàn phím"", ""path"": ""may-tinh/chuot-ban-phim"", ""url_key"": ""chuot-ban-phim""}, {""id"": 3271, ""title"": ""Bàn phím có dây"", ""path"": ""may-tinh/chuot-ban-phim/ban-phim-co-day"", ""url_key"": ""ban-phim-co-day""}]",633570,633570,289839,VI TÍNH QUỐC DUY,shop/vi-tinh-quoc-duy,4.7,[],TP Hồ Chí Minh,1,10,0
86975837,Bàn phím Keyboard T-WOLF T16 Led 7 màu USB,ban-phim-keyboard-t-wolf-t16-led-7-mau-usb-86975837,https://media3.scdn.vn/img4/2022/05_09/E4wUvMAYl4C8mIELraN3_simg_b5529c_250x250_maxb.jpg,0,0,0,OEM,1/2/2901/3270/3271,"[{""id"": 2901, ""title"": ""Laptop, Máy tính & Thiết bị văn phòng"", ""path"": ""may-tinh"", ""url_key"": ""may-tinh""}, {""id"": 3270, ""title"": ""Chuột, bàn phím"", ""path"": ""may-tinh/chuot-ban-phim"", ""url_key"": ""chuot-ban-phim""}, {""id"": 3271, ""title"": ""Bàn phím có dây"", ""path"": ""may-tinh/chuot-ban-phim/ban-phim-co-day"", ""url_key"": ""ban-phim-co-day""}]",185440,185440,289839,VI TÍNH QUỐC DUY,shop/vi-tinh-quoc-duy,4.7,[],TP Hồ Chí Minh,1,10,0
86992263,"Bàn phím Keyboard HP GK-200 TKL Chính hãng (Phím cơ, 87 key, Blue Switch, 10 chế độ LED)",ban-phim-keyboard-hp-gk-200-tkl-chinh-hang-phim-co-87-key-blue-switch-10-che-do-led-86992263,https://media3.scdn.vn/img4/2022/05_09/IUPpwzPTzOXPV1siVxVd_simg_b5529c_250x250_maxb.jpg,0,0,0,OEM,1/2/2901/3270/3271,"[{""id"": 2901, ""title"": ""Laptop, Máy tính & Thiết bị văn phòng"", ""path"": ""may-tinh"", ""url_key"": ""may-tinh""}, {""id"": 3270, ""title"": ""Chuột, bàn phím"", ""path"": ""may-tinh/chuot-ban-phim"", ""url_key"": ""chuot-ban-phim""}, {""id"": 3271, ""title"": ""Bàn phím có dây"", ""path"": ""may-tinh/chuot-ban-phim/ban-phim-co-day"", ""url_key"": ""ban-phim-co-day""}]",669630,669630,289839,VI TÍNH QUỐC DUY,shop/vi-tinh-quoc-duy,4.7,[],TP Hồ Chí Minh,1,10,0
86992230,"Bàn phím Keyboard iMICE MK-X80 USB Chính hãng (Phím cơ, Blue Switch, 10 chế độ LED)",ban-phim-keyboard-imice-mk-x80-usb-chinh-hang-phim-co-blue-switch-10-che-do-led-86992230,https://media3.scdn.vn/img4/2022/05_09/JDrrmKqBEeul0WgIJJ5C_simg_b5529c_250x250_maxb.jpg,0,0,0,OEM,1/2/2901/3270/3271,"[{""id"": 2901, ""title"": ""Laptop, Máy tính & Thiết bị văn phòng"", ""path"": ""may-tinh"", ""url_key"": ""may-tinh""}, {""id"": 3270, ""title"": ""Chuột, bàn phím"", ""path"": ""may-tinh/chuot-ban-phim"", ""url_key"": ""chuot-ban-phim""}, {""id"": 3271, ""title"": ""Bàn phím có dây"", ""path"": ""may-tinh/chuot-ban-phim/ban-phim-co-day"", ""url_key"": ""ban-phim-co-day""}]",612970,612970,289839,VI TÍNH QUỐC DUY,shop/vi-tinh-quoc-duy,4.7,[],TP Hồ Chí Minh,1,10,0
86992132,"Bàn phím Keyboard SIMETECH G8 Gaming (Giả cơ, Led rainbow, Xuyên LED ko bay chữ)",ban-phim-keyboard-simetech-g8-gaming-gia-co-led-rainbow-xuyen-led-ko-bay-chu-86992132,https://media3.scdn.vn/img4/2022/05_09/uvjabAfCDRHaHU3vRRQQ_simg_b5529c_250x250_maxb.jpg,0,0,0,OEM,1/2/2901/3270/3271,"[{""id"": 2901, ""title"": ""Laptop, Máy tính & Thiết bị văn phòng"", ""path"": ""may-tinh"", ""url_key"": ""may-tinh""}, {""id"": 3270, ""title"": ""Chuột, bàn phím"", ""path"": ""may-tinh/chuot-ban-phim"", ""url_key"": ""chuot-ban-phim""}, {""id"": 3271, ""title"": ""Bàn phím có dây"", ""path"": ""may-tinh/chuot-ban-phim/ban-phim-co-day"", ""url_key"": ""ban-phim-co-day""}]",402000,402000,289839,VI TÍNH QUỐC DUY,shop/vi-tinh-quoc-duy,4.7,[],TP Hồ Chí Minh,1,10,0
102677205,"Bàn phím Laptop Dell Inspiron 15-3000, 3541, 3542, 3549, 3558, 3878, 5545, 5547, 5548, 5542, 5558, 5559. BH 6 tháng.",ban-phim-laptop-dell-inspiron-15-3000-3541-3542-3549-3558-3878-5545-5547-5548-5542-5558-5559-bh-6-thang-102677205,https://media3.scdn.vn/img4/2022/09_25/EvVjL1bD2SWKpQyXZXpQ_simg_b5529c_250x250_maxb.png,0,0,4,OEM,1/2/2901/3270/3271,"[{""id"": 2901, ""title"": ""Laptop, Máy tính & Thiết bị văn phòng"", ""path"": ""may-tinh"", ""url_key"": ""may-tinh""}, {""id"": 3270, ""title"": ""Chuột, bàn phím"", ""path"": ""may-tinh/chuot-ban-phim"", ""url_key"": ""chuot-ban-phim""}, {""id"": 3271, ""title"": ""Bàn phím có dây"", ""path"": ""may-tinh/chuot-ban-phim/ban-phim-co-day"", ""url_key"": ""ban-phim-co-day""}]",139080,139080,289839,VI TÍNH QUỐC DUY,shop/vi-tinh-quoc-duy,4.7,[],TP Hồ Chí Minh,1,996,0
107811839,Bàn phím chơi game cơ học Logitech G813 RGB LIGHTSYNC Mechanical,ban-phim-choi-game-co-hoc-logitech-g813-rgb-lightsync-mechanical-107811839,https://media3.scdn.vn/img4/2022/11_30/F4L6DDG4rNN5JVsUACwY_simg_b5529c_250x250_maxb.jpg,0,0,0,Logitech,1/2/2901/3270/3273,"[{""id"": 2901, ""title"": ""Laptop, Máy tính & Thiết bị văn phòng"", ""path"": ""may-tinh"", ""url_key"": ""may-tinh""}, {""id"": 3270, ""title"": ""Chuột, bàn phím"", ""path"": ""may-tinh/chuot-ban-phim"", ""url_key"": ""chuot-ban-phim""}, {""id"": 3273, ""title"": ""Bàn phím chơi game"", ""path"": ""may-tinh/chuot-ban-phim/ban-phim-game-thu"", ""url_key"": ""ban-phim-game-thu""}]",2890000,2890000,971629,GiaPhuc Digital,shop/giaphuc-digital,4.9,"[""shop_mall""]",TP Hồ Chí Minh,1,5,0
86962855,Bàn phím Keyboard NEWMEN E340 USB Chính hãng,ban-phim-keyboard-newmen-e340-usb-chinh-hang-86962855,https://media3.scdn.vn/img4/2022/05_09/HK2sGJpjDQpb2C1nDAs9_simg_b5529c_250x250_maxb.jpg,5,3,1,OEM,1/2/2901/3270/3271,"[{""id"": 2901, ""title"": ""Laptop, Máy tính & Thiết bị văn phòng"", ""path"": ""may-tinh"", ""url_key"": ""may-tinh""}, {""id"": 3270, ""title"": ""Chuột, bàn phím"", ""path"": ""may-tinh/chuot-ban-phim"", ""url_key"": ""chuot-ban-phim""}, {""id"": 3271, ""title"": ""Bàn phím có dây"", ""path"": ""may-tinh/chuot-ban-phim/ban-phim-co-day"", ""url_key"": ""ban-phim-co-day""}]",193000,193000,289839,VI TÍNH QUỐC DUY,shop/vi-tinh-quoc-duy,4.7,[],TP Hồ Chí Minh,1,8,0
86958307,Bàn phím Keyboard T-WOLF TF-20 Led 7 màu (USB),ban-phim-keyboard-t-wolf-tf-20-led-7-mau-usb-86958307,https://media3.scdn.vn/img4/2022/05_09/MDG07DhaIMBO7DaDzCXn_simg_b5529c_250x250_maxb.jpg,0,0,0,OEM,1/2/2901/3270/3271,"[{""id"": 2901, ""title"": ""Laptop, Máy tính & Thiết bị văn phòng"", ""path"": ""may-tinh"", ""url_key"": ""may-tinh""}, {""id"": 3270, ""title"": ""Chuột, bàn phím"", ""path"": ""may-tinh/chuot-ban-phim"", ""url_key"": ""chuot-ban-phim""}, {""id"": 3271, ""title"": ""Bàn phím có dây"", ""path"": ""may-tinh/chuot-ban-phim/ban-phim-co-day"", ""url_key"": ""ban-phim-co-day""}]",179000,179000,289839,VI TÍNH QUỐC DUY,shop/vi-tinh-quoc-duy,4.7,[],TP Hồ Chí Minh,1,20,0
86992405,"Bàn phím Keyboard NEWMEN GM320 Chính hãng (Phím cơ, Blue Switch, 8 chế độ LED)",ban-phim-keyboard-newmen-gm320-chinh-hang-phim-co-blue-switch-8-che-do-led-86992405,https://media3.scdn.vn/img4/2022/05_09/1ktm7YUxXWb6SaacnrFP_simg_b5529c_250x250_maxb.jpg,0,0,0,OEM,1/2/2901/3270/3271,"[{""id"": 2901, ""title"": ""Laptop, Máy tính & Thiết bị văn phòng"", ""path"": ""may-tinh"", ""url_key"": ""may-tinh""}, {""id"": 3270, ""title"": ""Chuột, bàn phím"", ""path"": ""may-tinh/chuot-ban-phim"", ""url_key"": ""chuot-ban-phim""}, {""id"": 3271, ""title"": ""Bàn phím có dây"", ""path"": ""may-tinh/chuot-ban-phim/ban-phim-co-day"", ""url_key"": ""ban-phim-co-day""}]",721140,721140,289839,VI TÍNH QUỐC DUY,shop/vi-tinh-quoc-duy,4.7,[],TP Hồ Chí Minh,1,10,0
69883218,Bàn Phím Cơ Dây Gaming Led Rapoo V500L,ban-phim-co-day-gaming-led-rapoo-v500l-69883218,https://media3.scdn.vn/img4/2021/12_08/MsiC5xI5bUO8unTOzpVd_simg_b5529c_250x250_maxb.png,0,0,0,Rapoo,1/2/2901/3270/3273,"[{""id"": 2901, ""title"": ""Laptop, Máy tính & Thiết bị văn phòng"", ""path"": ""may-tinh"", ""url_key"": ""may-tinh""}, {""id"": 3270, ""title"": ""Chuột, bàn phím"", ""path"": ""may-tinh/chuot-ban-phim"", ""url_key"": ""chuot-ban-phim""}, {""id"": 3273, ""title"": ""Bàn phím chơi game"", ""path"": ""may-tinh/chuot-ban-phim/ban-phim-game-thu"", ""url_key"": ""ban-phim-game-thu""}]",1785000,1190000,942159,RAPOO OFFICIAL STORE,shop/rapoo-official-store,4.9,"[""shop_mall""]",TP Hồ Chí Minh,1,20,34
116245761,Bàn Phím Số RAPOO K10,ban-phim-so-rapoo-k10-116245761,https://media3.scdn.vn/img4/2023/12_18/5xHlufZtUXI2Dcnhhtce_simg_b5529c_250x250_maxb.jpg,0,0,0,Rapoo,1/2/2901/3270/3271,"[{""id"": 2901, ""title"": ""Laptop, Máy tính & Thiết bị văn phòng"", ""path"": ""may-tinh"", ""url_key"": ""may-tinh""}, {""id"": 3270, ""title"": ""Chuột, bàn phím"", ""path"": ""may-tinh/chuot-ban-phim"", ""url_key"": ""chuot-ban-phim""}, {""id"": 3271, ""title"": ""Bàn phím có dây"", ""path"": ""may-tinh/chuot-ban-phim/ban-phim-co-day"", ""url_key"": ""ban-phim-co-day""}]",155000,129000,463075,Thế Giới Tin Học Store,shop/the-gioi-tin-hoc-store,4.8,"[""shop_mall""]",TP Hồ Chí Minh,1,15,17
108783362,"Bàn phím Keyboard T-WOLF T80 Black/White/Pink USB LED (Giả cơ, Phím tròn)",ban-phim-keyboard-t-wolf-t80-blackwhitepink-usb-led-gia-co-phim-tron-108783362,https://media3.scdn.vn/img4/2022/12_16/bHiKalvS3MEoG0dNnG6C_simg_b5529c_250x250_maxb.png,0,0,1,OEM,1/2/2901/3270/3271,"[{""id"": 2901, ""title"": ""Laptop, Máy tính & Thiết bị văn phòng"", ""path"": ""may-tinh"", ""url_key"": ""may-tinh""}, {""id"": 3270, ""title"": ""Chuột, bàn phím"", ""path"": ""may-tinh/chuot-ban-phim"", ""url_key"": ""chuot-ban-phim""}, {""id"": 3271, ""title"": ""Bàn phím có dây"", ""path"": ""may-tinh/chuot-ban-phim/ban-phim-co-day"", ""url_key"": ""ban-phim-co-day""}]",252000,252000,289839,VI TÍNH QUỐC DUY,shop/vi-tinh-quoc-duy,4.7,[],TP Hồ Chí Minh,1,49,0
109669015,Bao da bàn phím Logitech Combo Touch for Ipad iPad Air 4 và iPad Air 5,bao-da-ban-phim-logitech-combo-touch-for-ipad-ipad-air-4-va-ipad-air-5-109669015,https://media3.scdn.vn/img4/2023/01_01/waMAjIoQ516n2mgz1190_simg_b5529c_250x250_maxb.jpg,0,0,0,Logitech,1/2/528/3202/3209,"[{""id"": 528, ""title"": ""Phụ kiện công nghệ"", ""path"": ""phu-kien-cong-nghe"", ""url_key"": ""phu-kien-cong-nghe""}, {""id"": 3202, ""title"": ""Ốp lưng, bao da điện thoại, máy tính bảng"", ""path"": ""phu-kien-cong-nghe/op-lung-dien-thoai-tablet"", ""url_key"": ""op-lung-dien-thoai-tablet""}, {""id"": 3209, ""title"": ""Ốp lưng, bao da máy tính bảng"", ""path"": ""phu-kien-cong-nghe/op-lung-dien-thoai-tablet/op-lung-bao-da-may-tinh-bang"", ""url_key"": ""op-lung-bao-da-may-tinh-bang""}]",4990000,4990000,971629,GiaPhuc Digital,shop/giaphuc-digital,4.9,"[""shop_mall""]",TP Hồ Chí Minh,1,2,0
91332345,[Chính hãng] BÀN PHÍM LẬP TRÌNH PCA-305D - SIÊU THI THIẾT BỊ VIỄN THÔNG,chinh-hang-ban-phim-lap-trinh-pca-305d-sieu-thi-thiet-bi-vien-thong-91332345,https://media3.scdn.vn/img4/2022/05_18/XTIwAAO26qVQB1yzhroN_simg_b5529c_250x250_maxb.png,0,0,0,OEM,1/2/2849/2852/3093,"[{""id"": 2849, ""title"": ""Tân Trang Nhà Cửa"", ""path"": ""tan-trang-nha-cua"", ""url_key"": ""tan-trang-nha-cua""}, {""id"": 2852, ""title"": ""Thiết bị an ninh"", ""path"": ""tan-trang-nha-cua/bao-ve-an-toan"", ""url_key"": ""bao-ve-an-toan""}, {""id"": 3093, ""title"": ""Thiết bị báo động"", ""path"": ""tan-trang-nha-cua/bao-ve-an-toan/thiet-bi-bao-dong"", ""url_key"": ""thiet-bi-bao-dong""}]",1230000,1230000,543231,SIÊU THI THIẾT BỊ VIỄN THÔNG,shop/sieuthithietbivienthong,4.8,[],TP Hồ Chí Minh,1,10,0
108731487,Bàn Phím Logitech POP KEYS Wireless,ban-phim-logitech-pop-keys-wireless-108731487,https://media3.scdn.vn/img4/2022/12_15/YqtLcDhkYaFli8ssiNm2_simg_b5529c_250x250_maxb.jpg,0,0,0,Logitech,1/2/2901/3270/3272,"[{""id"": 2901, ""title"": ""Laptop, Máy tính & Thiết bị văn phòng"", ""path"": ""may-tinh"", ""url_key"": ""may-tinh""}, {""id"": 3270, ""title"": ""Chuột, bàn phím"", ""path"": ""may-tinh/chuot-ban-phim"", ""url_key"": ""chuot-ban-phim""}, {""id"": 3272, ""title"": ""Bàn phím không dây"", ""path"": ""may-tinh/chuot-ban-phim/ban-phim-khong-day"", ""url_key"": ""ban-phim-khong-day""}]",2590000,2590000,971629,GiaPhuc Digital,shop/giaphuc-digital,4.9,"[""shop_mall""]",TP Hồ Chí Minh,1,22,0
110719795,Bàn phím Laptop Dell Latitude E5550 có đèn LED,ban-phim-laptop-dell-latitude-e5550-co-den-led-110719795,https://media3.scdn.vn/img4/2023/02_04/yE3copZN5ijBdUbyZukP_simg_b5529c_250x250_maxb.png,0,0,0,OEM,1/2/2901/3270/3271,"[{""id"": 2901, ""title"": ""Laptop, Máy tính & Thiết bị văn phòng"", ""path"": ""may-tinh"", ""url_key"": ""may-tinh""}, {""id"": 3270, ""title"": ""Chuột, bàn phím"", ""path"": ""may-tinh/chuot-ban-phim"", ""url_key"": ""chuot-ban-phim""}, {""id"": 3271, ""title"": ""Bàn phím có dây"", ""path"": ""may-tinh/chuot-ban-phim/ban-phim-co-day"", ""url_key"": ""ban-phim-co-day""}]",528490,528490,289839,VI TÍNH QUỐC DUY,shop/vi-tinh-quoc-duy,4.7,[],TP Hồ Chí Minh,1,50,0
107612747,Bàn phím cơ Logitech G413 MECHANICAL GAMING,ban-phim-co-logitech-g413-mechanical-gaming-107612747,https://media3.scdn.vn/img4/2022/11_24/zTSBVBCfMtZR23KUyQWv_simg_b5529c_250x250_maxb.jpg,0,0,1,Logitech,1/2/2901/3270/3273,"[{""id"": 2901, ""title"": ""Laptop, Máy tính & Thiết bị văn phòng"", ""path"": ""may-tinh"", ""url_key"": ""may-tinh""}, {""id"": 3270, ""title"": ""Chuột, bàn phím"", ""path"": ""may-tinh/chuot-ban-phim"", ""url_key"": ""chuot-ban-phim""}, {""id"": 3273, ""title"": ""Bàn phím chơi game"", ""path"": ""may-tinh/chuot-ban-phim/ban-phim-game-thu"", ""url_key"": ""ban-phim-game-thu""}]",1490000,1490000,971629,GiaPhuc Digital,shop/giaphuc-digital,4.9,"[""shop_mall""]",TP Hồ Chí Minh,1,10,0
71631128,Túi Đựng Bàn Phím Logi K380,tui-dung-ban-phim-logi-k380-71631128,https://media3.scdn.vn/img4/2022/01_15/LSF9Nft5wm0ZAqh9qnG5_simg_b5529c_250x250_maxb.jpg,0,0,0,OEM,1/2/528/529/3768,"[{""id"": 528, ""title"": ""Phụ kiện công nghệ"", ""path"": ""phu-kien-cong-nghe"", ""url_key"": ""phu-kien-cong-nghe""}, {""id"": 529, ""title"": ""Phụ kiện điện thoại, máy tính bảng"", ""path"": ""phu-kien-cong-nghe/phu-kien-dien-thoai-may-tinh-bang"", ""url_key"": ""phu-kien-dien-thoai-may-tinh-bang""}, {""id"": 3768, ""title"": ""Bao da bàn phím cho máy tính bảng"", ""path"": ""phu-kien-cong-nghe/phu-kien-dien-thoai-may-tinh-bang/bao-da-ban-phim-cho-may-tinh-bang"", ""url_key"": ""bao-da-ban-phim-cho-may-tinh-bang""}]",139000,139000,921884,Bách Hóa Xanh Online HCM,shop/bach-hoa-xanh-online-hcm,4.9,[],Bình Dương,1,7,0
86941539,Bàn phím Keyboard VISION G8 USB Chính hãng,ban-phim-keyboard-vision-g8-usb-chinh-hang-86941539,https://media3.scdn.vn/img4/2022/05_09/hoYPL41uKtRrkRyo0jrL_simg_b5529c_250x250_maxb.jpg,0,0,0,OEM,1/2/2901/3270/3271,"[{""id"": 2901, ""title"": ""Laptop, Máy tính & Thiết bị văn phòng"", ""path"": ""may-tinh"", ""url_key"": ""may-tinh""}, {""id"": 3270, ""title"": ""Chuột, bàn phím"", ""path"": ""may-tinh/chuot-ban-phim"", ""url_key"": ""chuot-ban-phim""}, {""id"": 3271, ""title"": ""Bàn phím có dây"", ""path"": ""may-tinh/chuot-ban-phim/ban-phim-co-day"", ""url_key"": ""ban-phim-co-day""}]",140000,140000,289839,VI TÍNH QUỐC DUY,shop/vi-tinh-quoc-duy,4.7,[],TP Hồ Chí Minh,1,10,0
69883804,Bàn Phím Cơ Dây Gaming Led Rapoo V500 Pro,ban-phim-co-day-gaming-led-rapoo-v500-pro-69883804,https://media3.scdn.vn/img4/2021/12_08/TPmDWjjcHFkORUgafsuv_simg_b5529c_250x250_maxb.png,0,0,2,Rapoo,1/2/2901/3270/3273,"[{""id"": 2901, ""title"": ""Laptop, Máy tính & Thiết bị văn phòng"", ""path"": ""may-tinh"", ""url_key"": ""may-tinh""}, {""id"": 3270, ""title"": ""Chuột, bàn phím"", ""path"": ""may-tinh/chuot-ban-phim"", ""url_key"": ""chuot-ban-phim""}, {""id"": 3273, ""title"": ""Bàn phím chơi game"", ""path"": ""may-tinh/chuot-ban-phim/ban-phim-game-thu"", ""url_key"": ""ban-phim-game-thu""}]",1785000,1190000,942159,RAPOO OFFICIAL STORE,shop/rapoo-official-store,4.9,"[""shop_mall""]",TP Hồ Chí Minh,1,20,34
