title,price,discount_percent,sold,brand,link
"Điện thoại Samsung Galaxy S25, Điện thoại AI, Tìm kiếm thông minh, Video camera đêm Nightography, Chip Snapdragon - Hàng Chính Hãng",18.990.000₫,-17%,2,SAMSUNG,https://tiki.vn//tka.tiki.vn/pixel/pixel?data=TeECP396jmqVE-z2nphowdacbTBJOJy7QaPKbjz_sIus3S4D9ONRCGKQilwYdv0mDbV0RQ0mEBifYHRKrOllevPu8iXTERMDYjZfwAcgOzZ1NFlUpA2ddYERkDPCtY36pFvW-7bWi9dx8cyTHXPRw9KRRYqjpqMV3Fc-SDGTLEugu9-Z3s2_3eHAOLEUnaAgQRUcwgaIqBaC3NNitv052fMyTdFLXhP1D_gOPFK8qKeftSCZeKe42ffA-VJrG8k32Cg8GnoOlll_qN_KfFJW0GlhZSolCV8u1yzQtr8j8Eu9h84g3qkC9EQ90dlj5Pkvqv-XvtkwjS_6i6Q-J3Y9G1iqbA-nnfYFuHiS2rz2UShIFoMNZZwm-wTdwQ2OInLoUCyAquR4-3YNEr31gRDEgqgf_y2wnNrySMb4FUd1VrIrwqs6WRtCrRvOD_aiBdYHxQ2Fv7sjBJu6BcV4moNOc6gLRUYDuIwTFLUdXA_jkC7E7WqEf0Er3v-SAAWYXGh4KmH0wp5JBMKrmjVO7wi4DXi-cU90Rsg_r08XksIEtROpIVJ1mgiU48AOiw4JR_LLXI4XBfvTb1GOZhLPLPloXpVc31gOMYytBJ6CJfVdm5inMZ3UwgdLD_yZVem_1eq2bUdpbQ6DnHYJYxz6ldxTvRR--1KawpTN9LxcepoldomoOQgClafRSKg5Kt55znyjF_5kLMV725ys_31dFlMNpbZJi7P6EISp6Jj67RtxSckFg7bTGWCPN2E60TMSpaGg7RSHbKGXiMpXbCL0kn2FsiroQ-7H5ICeLT8waqQfsYbP__bFsbAnhb651m-aiujH2X8azRbNXxSN8mTSS1J4WkkfP7HsebQ0dtT6yq9nvTnS2dhJIlKOnkpOoX3wGwE9tRfE6jYwKUfzogqdZpaDkIM91_l9F4tDXHCI9GzMNW5txeI1FLYeNfquSMvRCx-L--JIQJtUuxUWuZsPYpoFRpRqO93x1ZUJlhLawSUTyr8r4Kln47VLrResYxpOD5TzlaMdevB2a_KOhHOlY8L-IFtm4I65CmBleTULCHzgvlKqEnicGCpmdueGBqC-pRFOYzH5vxyzPq_gbkXXHN2SS1x8WIW7R-tHUx-iJZ1d2yJga0yZALTzlXKaJd4Yca3der1AeQeX7Pi4_tF_eQuPKH7onZ6dLTuuDx0&reqid=kmfKpF4WTh8CiwCu&type=CLICK&pos=1
Điện Thoại Samsung Galaxy A06 (4GB/128GB) -  Đã kích hoạt bảo hành điện tử - Hàng Chính Hãng,2.450.000₫,-30%,61,SAMSUNG,https://tiki.vn//tka.tiki.vn/pixel/pixel?data=tuehxMpplbhhmXMt-ERxO1ACHkso-KD-gtDjBqEOXdES6mfHWPVN4oktpbGbVMBYgadGFT12xzXX2m90IHzsUpeUqGQmMy8fFZ6XGEILyqrxY9akHvJTngDmeJIMfBO6xmLnG645G7B0ymQdiuHO_GzwMeh5eL_pWqX0tDIf5aM3qbiMnBntUMQGxKqtXpwHOQR0nLVaaAfbEEKmRRYTjsVtuGNpsd9M-Z8lbGH3i7VJAci8GyCiqMOtxFh_qcl49UygJ7NzXmXO1K-lzdOn8awn8yu9E1Kwrq8lsgNmNu1siMNyob5O1RAWVPc9BM9E7H2JM7XLHVC7Ef4rcWWnpRgSN2u4PiBfBCQdw0CYoccsPZbOCkDfXaSz6PY0brcaKmHWs8vkF8D3qtuXVTTmKYkzp076K7u-QHLPQZ5NTNXwGmpknaVXTtL9TBTdtqEI0FfGntwmXboRVYC2QpetjKXc1GUk-Zgd2AIF7l-fFpCY9DSyvxBRK5QTZrQnwNu01Z8w1aFpX9Xs1CObdwf4QWQM_vbFNcAFaFXEnelCkuWd--bI486v1JDxCi7H8K2l7A6Sv7vmqW8TcoEAwdHe9R6oM36K3w9CwP1i0li4IBDS-TKpLsseBw-0bNThqgCbGAJ5rQLqI9A-rVsPoNEdozk8JvDA5JZgDV3rCnt-np6AZJ7Q-xBy0lGM3TQDN7dfW_t3VFidBWEeuAtml_DADgoqJSkDOaxjrbdDdaEm2qaAnAnyVeiMEwy8uTAY9am24xu3Lzy8IrWmmY70JyOHIRbIeuU1hgUojS-EJmf-WlBaA0MbG3e1btVz6LATb8q92opuQegFfvkr6vy2vA4cMXh7KZ08OXGU5WjqDzIIGElIipAVZCF8oqLtZgihtyEr5uITsW1kJ3Fc8ZXkf7Hoq9eU1Owjs57VfUF0mbFO3JglDEtzbt4JIp4knl0Y-EVXaieAoTJD9jJGAqbiQMGTQ1tdwLxnHinzVXMgTRdH6KQccX6D_VfWYwIuxpMQH-nQlldeYgYmt2ygI8PRRbFWmrRJkjA1Jr_y2jOU_FIvgPonj8cXM3Yih1oiM1wC9_QNQkD0iH_mVccUPbsQRZv9IfOwZ6BsNW6ZK6ieStK0zHwA54H8&reqid=kmfKpF4WTh8CiwCu&type=CLICK&pos=2
"Điện thoại Samsung Galaxy S25+, Điện thoại AI, Tìm kiếm thông minh, Video camera đêm Nightography, Chip Snapdragon - Hàng Chính Hãng",26.290.000₫,-3%,Không có thông tin bán,SAMSUNG,https://tiki.vn//tka.tiki.vn/pixel/pixel?data=rFaNuywKSiFVr0EVZmsUrkxF8zO46MMhHpNzUpqQW1rJz7tjytafTWiqBiRnvydPlIoixZsf9Cx9RGfYw-WwKok0W2hgbrswXhiVB2TDWFBU_j6wxVelSDb2VyMivZse9BwUTPiBGzqJyrS4RuIPCQtv8fWNEVITMh9dGZrkrY5QfCnbREmhrZhmfcSWNgysAkTvGG7MDfeOYMhC_4E7tR9dSjxlzffKW-tweBxHRFGgumhY-3hul3olgNiLIxFTtf-9cm7Jr_JrjQmJkEp-hEVqvwC32ew2WWY2pwUVH-66NojuSJ0BqjHgkbYU45zs4BU2zoYxwuj1jGoAFRCuWOwJL_e66kkNZb2TdCfPWj9HkLu9OAkAD-ZRSnki7BB6aM3Eu0Zo3b_iqWDzoZ2lyIvuHzt0a0x1a3aMlwna9HyDl78DV9MzzHJQ29Ox8UkBw15Yr-k1-oTTIQy79zTkuPBGQjYl1qyLVQM8K201RY1lzbSqbHNWHkbY2NiQqh0TY30oVfyHIoNydKXN7nGWmKWrzpJLVt-e6NAhBHstMPui9jDgXpm68V_630zAx_cEUbzXjhBjiMER6pLiNFewUQnXYebz8XYvZoXnUlgqgMfK8PQM72NYuBWFB0fjgmXFofmrPE9Z27FBfAq04AgLfuISCAoFUfHwjeoFb5vsB4Mq0m5ytwI6qVNnkpsSaMrUc3RQu4sbVbn6CDHopw65kuhtcsYsI7EVSqmdEC2U4AHsNyw4FxzHlrNMjxJFfExP5gl6l5U9Ucwt8OqPDD9_WyckDYSrjbIMKNWSwV21DJADUuOBVXAkSEXitamf2hpT471VnymAbXO8rgwscu7l908co4oe9H_18_UYDwOgLH_mFtjjzg71qLZmIua5nSdQtlMn9kYtOjq9aGDLvfZv53807Xsoys9heZi57jmyc9QOuBvmhuvxR8LXlarbt7occFwjm0Au5C3t1xfY5LT8dVU6QEM12c9jpqaiHRDcZTDiYNhS60TDnua9wliZD3tnbfEQ7POxBjcXMoHTx1lK00DL4xSu7uS5QFVLZvOzgbzMvaODS14ooNOGPetdUI770tA5KiBQiqXQ2kODXSLyd7hcPta1nHd2XGT1U-IZ6CL3-d4N-Bk7v-P62anT4P7GNDLhE60_RXdTJSp30JTAAtjzTbY0Oe5WbfjkSUuNlgmj&reqid=kmfKpF4WTh8CiwCu&type=CLICK&pos=3
Điện thoại Samsung Galaxy A34 5G (8GB/256GB) - Đã kích hoạt bảo hành điện tử  Hàng chính hãng,5.990.000₫,-5%,2532,SAMSUNG,https://tiki.vn//tka.tiki.vn/pixel/pixel?data=Ht2njOkQxdFWoLoEbYrV_p__09D6wscCrmlZLfiIK36F0HJc6Xcmewl4T6qzXwNyQM2fudeZIrxGG07PxM-PCJWRWFnRnI-O5JNeICf4-d1nNAHddT-faeaG5v7GwmRTWp-jerKraGQbuY_1JySQB6CW3e5GvMX7ZwKM1Emhidu_KeSN4ON0XLq03O4v_DxY_hgpRNpw0iqYAR2hGD2he4DDOLRtQVZvFj-BeZAwZ__2EWAhH2y_z3oHxaJeqf41hRuNAXEKArD0c9cd5PCOgD55q8WqBccEb4WQinnpDHoot4-hh38eJe7V2ArQp33-bxbNh753e_o1iSnh7zDL0Amocj0agiuRVrMK12XPYnLOF-v47yHjCEnheVojy0kA4cs_CkJOPtpauzZZaNfHZRVl-uCKKglkp9u3cLdhEQh3E23YiJ8oq6u3FghBzLmBjbriMk9w916ryn4A_C1LbmvCBRDfmzTPjnSwx0xPANEQQTVmeVGTcr7uzCwNxe73Rw0aocqgeu2DIr3d-CHD2c8ihMbT3aWhcnoy8qNohodAI42OlX6obTpptTt1AZwh8fILkOCN5rAjfHf8fH8-jc9XNcepuhueoQWJXXwDl6LJ-F5cNA2wC2gfbAtSSnNb66vdylube6pd4STV-uozTaaEdM8M_SzAh4BLcG5NcgEP0vR0dtyqQkhgiXePp7Zvq3vJwJjo38UiCG1pN4N8d0eaXENJ6VRsKyUQuH2xrnhJPk05yfXqjIa5VmNitpPItUeuSQObkfssmHpcCPEIReNDytk23FyjpjNzs70-Tec9gS5Qn8iTy7G84uvNkSNkUnRQEtUZR3hma4ykXTU7iaKtTGmpxeRTmSrTB0mv1AP12ANrkIn6Fnj3Ckfn-li_CbHcYfbjHb4MIjBbHpiph-XIlRBj_tRzRfwGTcWb49Sc6OI16UCBK9kWeB8QAKWiFsLckNm3AgpSbuHcp0BdkRJYYZhvGZ3AUib2TceD5A4CryBmoU-1X9Jt5SJMOKnnnDT8MYjm6ufosocte8SjH1lvRGU9BPHclNM5DlApI6awd3xO56l7AGXz0WmEmr1dOEOHntWl6cyBvGhVZg8eRILhVDAvS1ju9xmdqSylQvq-WQ&reqid=kmfKpF4WTh8CiwCu&type=CLICK&pos=4
Điện Thoại Samsung Galaxy A06 (4GB/128GB) -  Đã kích hoạt bảo hành điện tử - Hàng Chính Hãng,2.450.000₫,-30%,61,SAMSUNG,https://tiki.vn/dien-thoai-samsung-galaxy-a06-4gb-128gb-da-kich-hoat-bao-hanh-dien-tu-hang-chinh-hang-p276250878.html?spid=276251220
Điện thoại Nokia 3210 - Hàng Chính Hãng,1.390.000₫,-13%,326,NOKIA,https://tiki.vn/dien-thoai-nokia-3210-hang-chinh-hang-p275237083.html?spid=275239475
Điện Thoại Samsung A06 4GB/64GB - Hàng Chính Hãng,3.170.000₫,-1%,1,SAMSUNG,https://tiki.vn/dien-thoai-samsung-a06-4gb-64gb-hang-chinh-hang-p276944892.html?spid=276944898
Điện thoại Xiaomi Redmi 13 - Hàng chính hãng,3.539.000₫,-18%,1,XIAOMI,https://tiki.vn/dien-thoai-xiaomi-redmi-13-6gb-128gb-hang-chinh-hang-p276074109.html?spid=276074088
Điện Thoại Samsung A06 4GB/128GB - Hàng Chính Hãng,2.625.000₫,-25%,3,SAMSUNG,https://tiki.vn/dien-thoai-samsung-a06-4gb-128gb-hang-chinh-hang-p276274790.html?spid=276274792
Điện thoại Samsung Galaxy A06 - Hàng chính hãng,2.689.000₫,-16%,2,SAMSUNG,https://tiki.vn/dien-thoai-samsung-galaxy-a06-hang-chinh-hang-p276281988.html?spid=276281994
Điện thoại Tecno SPARK GO 1 ( 4GB - 64GB) - Hàng Chính Hãng,2.050.000₫,-18%,33,TECNO,https://tiki.vn/tecno-spark-go-1-4gb-64gb-hang-chinh-hang-p276166741.html?spid=276166857
Điện Thoại Khúc Khích,104.000₫,-20%,47,DUKA,https://tiki.vn/dien-thoai-khuc-khich-p107018282.html?spid=109405782
Điện thoại Samsung Galaxy A05s (4GB/128GB) - Đã kích hoạt bảo hành điện tử - Hàng chính hãng,2.690.000₫,-32%,614,SAMSUNG,https://tiki.vn//tka.tiki.vn/pixel/pixel?data=jOOlzAQf4Owbcic9iXNefcmcN7nZNoxZR-pn99NfAb3fxcTlXT0Vfi0-n4cKQjzlzWJ6NoNL-48rmc9QRVzBXP2euABNwER4F9kplXiHAuW-GGdG2jYHzDNGyMUIAANeB7NXJL8e3QMH2w29Q3vsQUlVsfLA1R4L-p8bSaVtRa02gUTCMpa0PNJBy6QffFNa_3vzFlQKzU3s3AeOlMGVr994DYBtf2__OcrlOcx67wGdm5VcT1QL_VqQLG_YRTwzYmeq0IF49ECUr44RTWd5m2TSrlL1ELpg8Lk87XX3xQXH4SBoQVi7oR9nDfJJOiU2T5LLD8WZ2rBQFFHfBbxGgLHEMO5RUdsBBKl9RLChKL-FzFQ1Zsyn74cyzJ0ARQwB5EmF0miaoFCzAI1MW8Mrlg2cuADziknaN6x2TOI5PciKu1QK6n9QIjumcKHraN7ygCimiWr_lgna4DxrxjOmFWFm1Kx1q52IxoP3Q_lIzgWNKO2n9q_gJSooME7EuKvJvjRCI5wlB7ikbGNOIQ0z_cFc0hg4BLBOd7iyc2pShnFVAYFdnepnc2Y_fZmzPnnjAD_3s0w5hhxJPlLFrJPR8tQRE4WrGVlJIR0VPzHQG13ep4kRc7E_H8WBy8iGmyLmtbDSNB3IKFV2CEMmdFeVtNV9lTeLPiC0NvuRfrWF0T21DQXdQ4_tuiIM9UVPoMHx14l_Y0wJqg--qCF6VRWyfWGPX-tZXvlC0dBAFrGoQ-KuLavFk9oCVYzM18liNHbIV3UbFH2ay-SK6IY_i3VUmpvjZMFBoGZVwcoSLKhjosk_p_kY7fNojauB5jgfRCtMAtYION43BqNICDYVjQHTA2E4ksDtwQXKiSKfcLK3NE-zXbK3s3KnEihO-q9lcFN85cN38I9Q1xrDHj9k_9HEb5Vsson2JxNxB0QthmjxgErs9wTb2o14z5hKvYnOLqkKySq-h-e3bIf16gWcj-OGuq5Z62j9tJMpW7VDmWOhMNAmPPC5z8BsRy3vEEdBACKvdiYfuOWJqxvmOgClixXy-hiPqizT_omcGVrHLkEFb7P54RjgduvRSqMmscGEtqIFL4-Utzf9mhk5rnegWqcWlgG5lnh5CYS2zdraUg&reqid=kmfKpF4WTh8CiwCu&type=CLICK&pos=13
Điện Thoại Samsung Galaxy A25 5G (6GB/128GB) - Đã kích hoạt bảo hành điện tử - Hàng Chính Hãng,4.990.000₫,-17%,164,SAMSUNG,https://tiki.vn//tka.tiki.vn/pixel/pixel?data=jTwwSwp-hdzfijor4MAKCuu8Xjcpv6FnFe7k0Kr-OX-U-mEV7sHi0-XbJ1EtaCOixHI5zayHuy1zPGNUGXXBr97K85XVSVDUv_uTmOdvz663PXIRMXs2FmgvJsvqWYwr3wL3_1VbGMtaUdBWmf4eYU9_JmC4GPo9POa_cobKU_Y6Aeh2QVg3mocBGDW3F_BJGCIpGMwdxSiVqv8gOIMeWdvK3aRzO1rEEUa-kIZnZBC8GpGe_zcSgR3IjMjn-YzsgIXsjiT2AC4J5Lfc-xlPzT81v7cXF233ireV5vaZmNolapz9nJZK8p5NRxqlJz9a0qhe9hIxyrUyrdZv0kIlEc8DnF5EvHXWkDFlvKVLtls17oMdeDdzztCu_NaAxzkxDv5ToUjm_VMpeRcy7xmOhlvBoYWrPK7G5i0nPJ6raAZh1T2SktYQzqugyRbJ97Y__Pbn5cvTVOCv9MN0XF430tUKQ6yS53EcEYiko2n5a8kWfBSk_Tc0t13e_PFzM3K852YLrDWeWa5Rh5jbWZNMlOKNzPmH_gxeiKI0D3-3sYx_pXXq6-07OHQ2FmCHes-q0UAPRKTheRK4ZcZVLGXAV3XLcopJOkFLrSFnJ325qcMnLi7PIeLio-8jEeM-RC1LFDHNZBqi2CvQBLqWGY9JPU3nFo-lllNxdF2sepofyj_gkQ2OgPS2sHfntKV3aa1uxYTQ5bXuxzSA1NId9tNYBUWVpj_LUmnd9FtModCErhIm9A4sI5DqWRmpFKZxBexe8ILhTFqbqqeZ4THGhfJ_qWAmsdmOx9ajP0OZpkOr5fakqlfcHF2Ic8kpmzuNW311YZieqG6BFrOEUk2FlSVw6-3EFbEoLV57OGpMlNvoVnmpIchheINlv-vgF2vGTKwp83pL31ao0maUSYpjkT3oOyowBKFU-YeTmSkvSsuEXUaRFsZEyURDOdzwSzkqeAtRYmJtJSKMmqrVDgAUrErn7LJdFhVSppL8bDSSCCbQSj06iFoOG4pFBcm9_lR2csShwaKtuUpyh8uGN5kQhoFHEKlAUGfWf0eLud9e0yfjIAV4F5KaXwRW70EspUOX3aBfuG7hLEcH0YPotAemGvRj3Z800OPipgHAV6NBK0DcAos&reqid=kmfKpF4WTh8CiwCu&type=CLICK&pos=14
Điện Thoại Samsung Galaxy A16 LTE (4GB/128GB) - Đã kích hoạt bảo hành điện tử - Hàng Chính Hãng,3.850.000₫,-24%,86,SAMSUNG,https://tiki.vn//tka.tiki.vn/pixel/pixel?data=cRKe4sx_gkee7yWLsGqs_vGw78Je6-h2QJbjFJl3XwzIYN92mvWDCi_ezi-BXOfhuo3pcLdACuHUNdu_rqzpT0pxA0zNBh4kdyfgehDSdqh6-XgDBHRjTkBsqN6yJ5Y0HZnGutqkWLW8Mof7IiZju6IUUICwFJrrpSCBi950uEt_k06bGNqZObL2EO_KEmaNxPrWo4Sngf8bPGeYM_0ll8qGzI96ZB8caK1XbX3qjnzBaM-ev1oA1xcEBDyiGbx4g982tffJHJ3HvfoDRgY0eWzmkevVH1vHkkzs7Z9Fushrs5XT-BjAO3_hMtvGRAWXCOfItvJBcubD4kKhlsY8OUEiCgvrlxGOPglvdOtj83q8yIH6x6lln6r0tbqI_HmjtiSBJ4s1goiA3Y2ZiS_2s4rRGLEQkw5RH6N2z9tPFIRKlnLHIGV9pONr9o-IQjsHSVfLiXUWsxZ-3P29_3GIQSMMOqZ_QBtChkujZ_8_xx5pXEhJBlBs79SFc3jlrf-bWYxTwimJAqhnmltonYaF-Wy_jwbc4lPeB_sUk9B0zVkv7etf4hmDC2Vbsuov5hCMM-klRZ4sNfZPKTts5ygUfoFHlgWLNcaroZ5ODYz_8rkunugEVZm7WbdtGMxdqCDN4H1L2YrvARUqFHL-AoTBpxon5hCR4eLaqmwJ3d_eqFrVOWOCrVRK4DNCt8TOEncFU-YVhsZYFCv0l1nD-I4s7XeGB7-ceq81CK0u_y-CuyTLgUns05R6z5Om2ox9U9CjrOcluG-LL5mXqrl2oT7V8D1mAfJSNjj_6sFgRAj9naj-YrZ4nzAofhKP6fpARVcpm4HUCuvCs1kyd2cc7pnwHX6Ja5h9LDRCFr2wxrcPCk79zKfuxYGO1Gl9Qw6kLZzEDTeetXKBgF4jbi7GwBW_7T8aqgNaqO8JmEigmkv_NuhiQ5qhzJ_Nf1cMmIGnzxvhmE2rIvXmZeWYlc213M9qI7p0Q3czs0COSsPTPNGQYmWfMLq5Q6ouz911XZwmaLA-NsiUL6AmhHaQlHeuWGTK3OQVDuuz4cVRwDL_joi4tnnzu3xbBWOEnavgRfFY8ZPK9fBlTp8qA09QNKh4YK4dmAMA9rI7D6QjdwjgYz8x&reqid=kmfKpF4WTh8CiwCu&type=CLICK&pos=15
"Điện thoại AI Samsung Galaxy S24 Ultra 12GB/512GB, Camera 200MP Zoom 100x, S Pen- Đen- Hàng Chính Hãng",25.490.000₫,-15%,1328,SAMSUNG,https://tiki.vn//tka.tiki.vn/pixel/pixel?data=lfjxRUBsGfPXoAxz0vtNZwLK9-NCkUv_4j-VAmMIHKtyX1OYnQizMbiDx65X1hsInLS3Vo1T84VZbIpzCNxuZmrkLB0wwTQzJAXSH05e1DKkS1dnVqNRxa9jA2ad76EvyfWjvvwvg_wuJBMH1G_deeGhxfwwFhlqJg11yOjRYCGZ_af7EfRMp5kytYkoJvii-jAJr_DSlgWOF_UCxh9xvK1y7-dlxHN0u1e-7K36Nh8KpfJKbLZ_9Gz5-1BYPFwuIIdKfsA2YiKJmSyEA4lftc9WVsI30w8C3tnoQCmcFVhPQpKHAFiwGumMJfznO4cUtShxe_bPA4BJVxW1rEqaSogObMKuglmmXsBMGfJm0DDyQStrW0AngL7A8trObiMkq9O2QLYbFa1317RqM7gxCMMn3M8bnBDbrJbaGBsU71C6B1Dyugo3giSktXlkupmDV5yF0uhYWTxY9ctkY-atYl9zl_jcxoUHpcQvg4n70p6htHGJCWGarqWr-fkGz-pO1QqG-OyTb_7Zgwj8y1pEa57RflP82EiAa8A5lz9J_QsgD8NJt0Pl08I9XSdrCALhzjjKM0G4dhw43FXUIY1icXUklrnqPrzdLF-kJXdNb96yUrsy_cxEfDakKXFEvt2gT9dFO_bn-OKdG5lKcWLwogjtk8Z-6UCsO7C-hs-sZkzG3hJ5GZaZlzUasnDgIGF5lHTKWIDxvBXirVL6FNB_QYdYPjhsa4JRXap1GlHANcyCsj2NiAy1kk8yqSipbP0nrQMQEoEGMp2x9lyxc2VKTsEpWNF9CO6Z6zo_ZePw49JAZqor7ZsgqmBFxBC_xHu_ufwQYocZ12p3zlKxKd0htgpQsyPqlL25_8VamjI6gxqIi9F6zhqTxgttbEg1APIOJa2CvGiK-eQtWicYMASgjyGXiSNMOjoasuwxWBKzPhCoCPx_l4Tf1jJAUa6W04Os7bGkLD61pt5cl3IulBjaFdXID_vdkFwFTbW1vrNX8MFVOvZ_xuz_2EOtYDjAFnlUSkHIGK4EPXmtgtlwhk85xwBJoiWYAcKzfPEi00vuqrx1RscF9vSBsWpHumuWakRY5Bf3sl41bCcr36V1-88hJ8UJCvq5Vr7bbCagtqGOYJPxuRc&reqid=kmfKpF4WTh8CiwCu&type=CLICK&pos=16
Điện thoại HMD 105 4G - Hàng chính hãng,739.000₫,-13%,3,NOKIA,https://tiki.vn/dien-thoai-hmd-105-4g-hang-chinh-hang-p276246838.html?spid=276246844
Điện thoại Mobell F209 - Hàng Chính Hãng,620.000₫,Không có giảm giá,Không có thông tin bán,MOBELL,https://tiki.vn/dien-thoai-mobell-f209-hang-chinh-hang-p275776431.html?spid=275776437
điện thoại  IP622C - hàng chính hãng,1.650.000₫,Không có giảm giá,Không có thông tin bán,FLYINGVOICE,https://tiki.vn/dien-thoai-ip622c-hang-chinh-hang-p29440849.html?spid=29440850
Điện Thoại IP Phone Fanvil X1S - Hàng Chính Hãng,950.000₫,Không có giảm giá,Không có thông tin bán,FANVIL,https://tiki.vn/dien-thoai-ip-phone-fanvil-x1s-hang-chinh-hang-p53380152.html?spid=68169992
Điện thoại Nokia HMD 105 4G - Hàng Chính Hãng,639.000₫,Không có giảm giá,8,NOKIA,https://tiki.vn/dien-thoai-nokia-hmd-105-4g-hang-chinh-hang-p276132850.html?spid=276275009
"Điện thoại Samsung Galaxy S25, Điện thoại AI, Tìm kiếm thông minh, Video camera đêm Nightography, Chip Snapdragon - Hàng Chính Hãng",18.990.000₫,-17%,2,SAMSUNG,https://tiki.vn/dien-thoai-samsung-galaxy-s25-dien-thoai-ai-tim-kiem-thong-minh-video-camera-dem-nightography-chip-snapdragon-hang-chinh-hang-p277063012.html?spid=277165134
Điện Thoại Samsung A15 8GB/128GB - Hàng Chính Hãng,4.970.000₫,Không có giảm giá,38,SAMSUNG,https://tiki.vn/dien-thoai-samsung-a15-8gb-128gb-hang-chinh-hang-p273718967.html?spid=273718969
"Điện thoại OUKITEL WP18 (Chống nước ,chống va đập, pin khủng 12500mAh, Ram 4GB ,Rom 32GB ,màn hình 5.93 inch,Điện thoại chắc chắn) – HÀNG CHÍNH HÃNG",3.990.000₫,Không có giảm giá,5,OUKITEL,https://tiki.vn/dien-thoai-oukitel-wp18-chong-nuoc-chong-va-dap-pin-khung-12500mah-ram-4gb-rom-32gb-man-hinh-5-93-inch-dien-thoai-chac-chan-hang-chinh-hang-p208171115.html?spid=208171116
"Điện thoại Samsung Galaxy S25 Ultra, Điện thoại AI, Tìm kiếm thông minh, Video camera đêm Nightography, S Pen đa nhiệm - Hàng Chính Hãng",28.990.000₫,-15%,1,SAMSUNG,https://tiki.vn//tka.tiki.vn/pixel/pixel?data=eQ45xqmm0ZnpyP6okv7X2IKSOz5NRzuZwS_HQYjxLdbPkIEQIZ0Jwkdlv_Zu2YtolgePf9y16G4v4MIfZbEurS3WG3gKbnErYVJLZPkPZccHAs_RILQtZeh0lo5wMm28bWGX8JsCHucAxk5HnwUxOG2GpDSnY5TVcR3bMpdJWEK1lIURukjXPKipkzNO7aRWxvjRrf2jbt2ndw6ZPtaTpJlEIe91EWA6nXz7sH_dstQeR-zfYh4MAOvkcZM2xGHUh4f0moHLR3pk2YoFdACStfVeiynUAmYtKWVPQGvcADnmtZ1Q33twVUpMBOSossWTGjYc4TB-vreoQBSfk2ha6LtfUejFH9jOtWCv3kHcizO0ryNEKOKd8_FIv3BsiLjZXLgCUSqCQX8FCLcapJJJNV_yHE8g93U7MV-psKzQaxgWDbAHxO1B4C35EU-rzEuR7KxkjBjcdPEuzIKQgaaHCUOJNb_7XSGi3Lwfy8Lj9CEvmCibprcrQ1bDf3Sa70FoHlvxo1N8azued0LJ-vEsDIDL6aR1Ydve4_uR-kq6TXQtlK66alH5BWL3IjJFzgrXN1xqY7WCeR9qzHSSxzYiAN_1wLgOUhaebDvGH8UIyZsT11q2k3x7xTjsEAHsWHTVl8Al-frxIv-Zo_zb1vFFhdN5ZJl2rIpeGseNpLcFE05BnEY_ix-7JKDmR4f5GUBCH7t9mmtGkDm75ydJqkhtcO6H74AU6biy1ISbpez_19Rhw6-o0Qn5EUe_q6cQ4_XwcLxJFBwjrhbv7DVZiuSR4gULk4OSZr_-swPFvZpBV2pMmUooWMZkCI6L3QR7jKryno-_ZKtBJYCRe3J3VysYnH_uNRw9ekoKO_4f5wpiHPZ-yFI9N0Ln7d04ARz-gvw4uMOU_fn-M9A5ZPSIPPLwZJxVaAYu9cHlKAEu9dzM8USlOOcHfxg0i1lu6u2YDq6yrcNcdypms3qwIa-KaQYlmy7yq44HCKDcWkQk4A9m-cfuR1-w8dyV2kQ0NndXqDgkcICawypgU5K9hY4euywQs4_XTgJdsq0C-WAWp5BiE6zXse5izGQgR9PP6Q1OI1X4K1picckxCIZc1u8PojKMt5IcjCX_Xb1GbBfrJLKIdD8q_qC5VLwJk5Do9v86lLHlhTnoQZc9wmhiI2EYBWNW0AAAE5QI8p8My0dbqYfeDg&reqid=kmfKpF4WTh8CiwCu&type=CLICK&pos=25
Điện thoại Samsung Galaxy Z Flip6 (12GB/ 512GB) - Hàng chính hãng,28.000.000₫,-15%,1,SAMSUNG,https://tiki.vn//tka.tiki.vn/pixel/pixel?data=ToQARreLLMJ1Yp7G6rHYfpxgXXQeAS1n2rvmkDbwhDTxglRbOhhDltgNjpN9nFqSFpuZ8hP7s_AUl5nqLhqyTUNpwQtW6RfYaK73BjTvs2_ahC4UnO0Bzq8LuTTcsIWr0hnE3puFbeQ9V3vEVf0mn_UK0opc5vCDlyT4S-4riC2-3ELEx-Kt0M0ZpV5jjvDtoT3M3B_lRhwfxcD_JDbHahQW9WgJS_jcT6pe-G4D-y7SPRAphKKf2v91JTSSFE2dECFvacCdhEzGG97bYFIqiP2S0377DcKqK8fpf_hQjS9x6IoJnrKxAPHfiqFt7JWieC8ySlvx5Oa0ROq_hxduMMXUBB-HEeEpbVc7e5w92CMpf9LoNLh5k2XL3jYlZHWe8r8KfEbhzR5ndiq4fNVY-ErH81cVVooYUrQoZTC4zdw06zDwqIJgCa-XvIehhWY-Aa2pjFCIELD7fAX_RLF6AWK6GpNNTaRSk0-5NamQgZADWBAHq4ftgCw8pba16N87RuxTM72wi00523aoaiGQVL81zr442zeu_tw_LD1n1Hw9P9L4Fq-5vjNyOM6z9mSuHwa_xCLD8ypBE9etU_GSg4imPjrmimu46_SvPVFXHAP4d0RNV9UfqkEGm9gBs1LUEjBCwKoqK67yT7luEHmZll42VAFGBA7cyjj-NFAwr0IuAfOyAZMsn3NjQv7HFk19FHwyI1DxTMo_0_qMFCy1TVQyUu5UpONxekT3e6t6-8zml-BJ06TfILmp0alX_oQUi834Zstw4_TBd6mi-mdWEw_aLCgwtnCX8XPItMgE7QpkNk9atQ7YJgutbnSTOLwwU-ywoNZcvohsFEqQklll8ckE8FK_wo0ljoRpnoX3mrqoyO6YOoC92hU8YRyYSOOUA-zI-uKrNVsigX_4fSuMDuErXoAr_gfcOIiv4rFmpAU-hcpdhbJ7rQwDLvr0d_S486S_8V6WPbb4J2D0e6olDIid9W8WI0oT-3j_ErAVYcLk7mrjEDqxY94-QPKFpr-axkDPvk6-FlQhvVRs8RRWG-ZX-h1XMD5u62jOSBPnJnnTYEXksCsz1M19HlOm5Tg3AMoEF9E&reqid=kmfKpF4WTh8CiwCu&type=CLICK&pos=26
Điện thoại Samsung Galaxy Z Fold6 (12GB/ 256GB) - Hàng Chính Hãng,39.990.000₫,-9%,9,SAMSUNG,https://tiki.vn//tka.tiki.vn/pixel/pixel?data=VXHGdRWVqIen1euZeNPQ84s46Rn2e0spZutqnp_EnLMci5Dfnm3LlPjek-2c0OIEa_JtaTGvxCiNCFmVzmDmnmVVXuqAJS1oM3HNfFB6XTQGkroo9uai4S0epYzIPQGDNB9RRfDZPcok60zbm4cUPVHdx0fWGkMUHL80GMAbAVk4WtEroM4N4C5wUwX_h_PL9pSmM58XTXE8-BDSCxvkJBkMfJVWi7C0ipN_KOqrpicIZ7zpyxNKKgOEGJJLkkiu9cVXMX1vU2g0B2kmVLCIoUlwuQw-hQts0eTgp9FIpbebPSC27Xw8tBvfwF6zsoG6J-K98zU0IPKWJdCN9n4vQ0D-XZSFyt5T4CFUoOHD24Y73y3cnHj7fKBNJ7eyhLtgTw_SGaPZ9LPWShlywmx8KXIw0IvIGKAqlDYwA6tmst_xIUTRfS6zSJVxG3VSEqRbtQ_4ADNsANrIUWaoegIlhGWrWc5qgKAfa8pW59ruqGOk0-hSTE3rk8jdaS5--UduvroPDdA9VuIqXT0jaraygTbGlSwKoHK0RQI-vRnUmM2-1p-0Dhdsqu9sS6w7ydOuewa3Na_LTVqyYktjQkKm1MXAzGCFxARPwf4Aa1XVJI34OFwZokzXScDjsJXXM-Iyv8M9BMODobIubyhZVDp8WmvK4mEdIze7sRZNgvRwinVi2PkZt4u5ImsedFrzbSQu7hbhSWBBedVTBotA9m0Q2AsAZUXnTY2wR9_l3VnhfFDbjUX2ezvTjqCfO0XQEoKnf3FCXDY6Ie9D1XE2ml6Q1vadjrd9PD6JS_yqR8xmWjmaaxfGfcfwx6kVPTyAcmEUphb6CBi3SmGxOWZpkHq5pujzYJAj_ykEGocfsAe4ukpruwCBGsrHHaD3XGGy01gTOY8z91gf-sp59lAm3AFfCaI87_uzezAAmbGrKtLm8rNfpy8VzCJuNBPJceY_mItq4njEQlrzY-eXR-hdiBSy9oHjuBFPi0VyTcfpdz2zMVKrHWExoiYL9xXXX6GhOXsenARGy1Szp9WUsd2rs_nL1JkWZ9hLGnzk0mRR_fAUbb9SD3g20s8eaqgjYixWgZmExEqtPSb-fAU&reqid=kmfKpF4WTh8CiwCu&type=CLICK&pos=27
"Samsung Galaxy Watch FE (Bluetooth, 40mm) - Hàng Chính Hãng - Đen",4.290.000₫,Không có giảm giá,183,SAMSUNG,https://tiki.vn//tka.tiki.vn/pixel/pixel?data=x_VC-XiE2FxvF9vgmOLBEbYBCr7_Ju7y6zY5tuYgV6Wjq9281aAx-MyzI7myq9XmmwzAkBZZm9JEey7UTLTRJh93FLytP1_cle7yOTQ_Qd8GSpW9tuLrlFHRwvXO_o27IbNnno8ERHx3Y9wwJ6tNmWJdoCyXHpSfgBWxLcKM0lZrWie8k8hlDnrwsZXKydQASzK6Tg2eMdmmWfn5cgf4gl2YBRJKaKPnZ2IrhXPsPEOOyQMVVMXC528te7ybyEiIckDyIykh0Ulu2LKUylOwrMCx7ZUuA8h6S5OnCInRrBIlhhwEers9bABjjofNgxEqstYDkhmGtb2srBQ3YFG7tpFdQh6lediU1cjOesfLoeYwjFnWVcRyqFaKeRXlNmiq_ZcSMpGGZlVfJ_xcbvrsR6aogtk5mVqRlNDapRYAwfdRi4M9EgKbLc2dGFC5w0KIyYaDf2cElXULLklzMF8JN--zLteFIWOFTz6FZp40CpxWytLhRbDEP1irww4k3H8LtHEKX3u3g_KAolusS6_x5CtuPl8pqQBdxEawPoYGa_BJ6CEBDc4XgLuSbRA2Z0LjNrUVPEqbKlQJDE-Fd_xAiEha1aMa6TrNv_RjHU8OAWi8Fa8Eyxr-t7IGiiiRxrRchlXzXb5T-bmb1su-n4ZNZEN8Z98ZXVNJejltl_6FxETQzuIuGp4OYWgdpH7_7BE6ss6vEn-GREcHOFvicCt7TrbNhg4RX2oPSae2KcsyfD1-okUHm7Z5qcj8HRXMl8ITUnoHJHshYASZBxvJtwtawTwpdrhVlPwxRafwvlMiOp5fdOpPli5SVRy9vtxlx9jF6KocHRD1QEH6N-YIBkWrhg5McS3eqpEUtVMYZ8Pt3WHkqC2_uw3-fGt2gnSo5BtWHF6X7ocf2WIpS-XUeqXm9IINLeTKQoGfp9UN_1nFYsG_whuzwc0f6fAhF3n0ghG4MwgKPV64s3NQKelZl7BE5oitRLraLG7TcKYL7q-kK7iXCUnyDMq4868jUcBCteVmR8mfDRNnNzenW6zysYDwoH2cYrin_oDYOXJKiFa7EYRyDcsCTJTfZLTQiF8MC5vyKA&reqid=kmfKpF4WTh8CiwCu&type=CLICK&pos=28
"Điện thoại thông minh siêu bền Oukitel WP28 (màn hình 6.52‘' ,HD+ ,pin 10600mAh ,Ram 15Gb(8GB+7Gb),Rom 256GB ,Android13, camera 48MP)-hàng chính hãng",5.940.000₫,Không có giảm giá,8,OUKITEL,https://tiki.vn/dien-thoai-thong-minh-sieu-ben-oukitel-wp28-man-hinh-6-52-hd-pin-10600mah-ram-15gb-8gb-7gb-rom-256gb-android13-camera-48mp-hang-chinh-hang-p271798615.html?spid=271798616
Điện thoại Xiaomi Redmi A3 - Hàng chính hãng,2.880.000₫,Không có giảm giá,Không có thông tin bán,XIAOMI,https://tiki.vn/dien-thoai-xiaomi-redmi-a3-hang-chinh-hang-p277356031.html?spid=277356037
Điện thoại HONOR X6b 6GB/128GB - Hàng Chính Hãng,3.990.000₫,Không có giảm giá,Không có thông tin bán,SAMSUNG,https://tiki.vn/dien-thoai-honor-x6b-6gb-128gb-hang-chinh-hang-p275916954.html?spid=275916956
Điện Thoại Samsung Galaxy A05 (4GB/64GB) - Hàng Chính Hãng,2.875.000₫,Không có giảm giá,2,SAMSUNG,https://tiki.vn/dien-thoai-samsung-galaxy-a05-4gb-64gb-hang-chinh-hang-p273636845.html?spid=273636855
Điện thoại Nokia 220 4G - Hàng Chính Hãng,990.000₫,Không có giảm giá,Không có thông tin bán,NOKIA,https://tiki.vn/dien-thoai-nokia-220-4g-hang-chinh-hang-p275775787.html?spid=275775789
Điện Thoại Nokia 220 4G - Hàng Chính Hãng,990.000₫,Không có giảm giá,11,NOKIA,https://tiki.vn/dien-thoai-nokia-220-4g-hang-chinh-hang-p275386982.html?spid=275386986
Điện Thoại Oppo A58 6GB/128GB - Hàng Chính Hãng,3.879.000₫,-22%,16,OPPO,https://tiki.vn/dien-thoai-oppo-a58-6gb-128gb-hang-chinh-hang-p271128271.html?spid=271128275
Điện Thoại Oppo A58 6GB/128GB - Hàng Chính Hãng,4.090.000₫,-18%,13980,OPPO,https://tiki.vn/dien-thoai-oppo-a58-6gb-128gb-hang-chinh-hang-p270975124.html?spid=270975156
Tai nghe Bluetooth True Wireless Samsung Galaxy Buds FE R400N - Hàng chính hãng,990.000₫,-50%,579,SAMSUNG,https://tiki.vn//tka.tiki.vn/pixel/pixel?data=XvkCJ8M4O8_Aad85IhgzqQ5jEjhGZPLRurm5tV1vFl5R2bl_GGlPD_qWPw0C3v8uW7zn2hL4tDpxKHAuRORBnTy4Ybi9ILMTBQ6GMs5LLkhtf5a21HNqoAjltNPXoJqAkXdBDLrpBjO9Y5B30m_ypH1EBoxNQFGyAijgKMiPv8BQ-Wj8JLfV1QmBpdTdbpt2m2EvsbgDQQmp2pHdPKy9r4SN2J-C9iecyx2BHPH2z74D3syXZfLFSCTNrZ5si6Z7IhPgl1Dc5mpaJ9s_1L13hXUuRdU7-bWyr4nSxOdMtqv3TlRYj1AQtvqAy4keGYL8o5ft95LeCLgt2p363pgFCBdIFDfqb70O3Uky87h2e9KidgRSFjhZlAyTcVjjQARexBY18bd1Ik2NfcMtaJOMS6cUSPKqoRRXnbxKE6BOOM3oGjGiAwMExr6Njxq6fhFKFh_rFpJLC1CuLtCyYJJUjCU_YBHa6-WjJ7SomUYCqos9qj3s1OqSJC5F1GUvNzGt_X_sdKNGA35sa1Q7xZV_-RGMSsOY7Id9epXrnM1zFDSJyZxkIsmgLDqMFNRg_ndnOL8qiOAJx12sZV_9h_Dn-IcWo69wqHKU6RmK31roqnQoPy3WfafRu3K7xLozWy0IvL_g4fYNn3OIeERdDLcrcZl1ecD9CrXzl-CqdI394X6XOjGK1tr1wauRZq5vH_D2ljnHlHG211X57TlCdwORrgtjftFtj7hORlK95zYzpXu4Od5jW9ZflVmYrC63tEq0CaexZfl5n7Mnvu7XmQmugH6hFUDssRe-Fv6odnC3tqOnX515aFZB7DL2S0cqh1_foUPnxzW-0Xg8EKL8uW0T-cw5MVBipGWP2jq7vLaAmKErzrAX8KhR7alro0t6WoAxXCRnsBThrLhbMeonoFIh1D6xLuEs-PBnWjEt3gteJZrAY7BiZrLVkixFPzYDD_DX4xXVVil2KnOVdqMVu5XZEcYVhE9WzQi6bEsxJVan9hGyRXnS5-eMqcunv2viOYC-b4vcTOfgyiB8OAYErpy6QiDuIv5-rQ7SEYtylrUXHUT5SWWY_ZPezEEJoPiSPm_49dDWUsMoBIS8E2jgi-vXj99P2j2kub08FqHTN_dDc4PGTegO0fXnPW5PJkS73CPTrg&reqid=kmfKpF4WTh8CiwCu&type=CLICK&pos=37
Bộ sạc Samsung 45W cổng type C + Cáp type C (EP-T4511),471.000₫,-60%,301,SAMSUNG,https://tiki.vn//tka.tiki.vn/pixel/pixel?data=w64-Kw_CvS-4SfwJk4IJBlQjgL-5djkhK7ZOd8IffXpp3OOyXQ0CjT6T3cia0GfRWpNPV2M7qxaIjgk4Kt_FH5OKKY_-Dz4GyuhFrwfMGTXGw5FNff3E5zqWsepMYDI05IezqmpFf59IxLZmEb1zsiu2RTdG1gags3sTiBI02w7eKIPZSmdPg4CwuIXpxYA7b_Cwbo5fnEU19-vrzZQy0aVYn1ojdUhCOHPw-CLfG9bCVnF9QZmz5Kzexrn3wV_hRnZVealNq7y8sufe7x9K4l7fPoBM8Wz40Z6gk68my-CFjLU1-H5k4nkX6Qlvmfo0R67yVa6kgfjI5-QkKvBQ-502C1PGxxFRTM7wB2ELB94ck4R5HxIf0hWjzGxN9vsmLuDs_pWMMn1w-V2a30woIfqGrILLrVapDWVw2S0siorYjcJiDKPtA0IuePtUKhklWOdlb5X1S22RRB_VKkc_2wSf4B3czlUXTQwd7dhiJ7oWlUtvf1N1Dqla_QRXBSlCvor-pTwbc1Y8_bSFx-Mg90NSE4vlYzme4S38WoDsjLdYeTQDZ-j17RxJ86UfpBBiLTE7DZpO1vfZM5ym_YbNLu5i6fHe8xOk9T7zrMY_6QwUKyScmfz6Ms8F7qE3xPCWPIJckeG7XYlyL6H9xJGjCBYUZ4w3FSdHDUHz2sFV2DyX7-KX-7plfcaJNBC6rw--Nj2O2dUY5cLiKBMNRqHek46eBxwYNITebENAY9Rl8cicG0O7L_2qCcCRfevjqwLSenfFxGIQpOAP45V_MZQpnybVW3jo5s3f3BIS-gtaIFqB32wwLupB8Dl8NWh0GKhYUDS4DOwSEL7-2faMDHyPr080LANFJG31qSWserv6noVNMU_KZtN-cIzxHqeZrPe4Y1jomrcarpOQIv8RGWF_w5jIf7lNPLY4rn6aVIFH3sW2yQLXp3ShgN8NEhMrZYjro1PF8mPEK1-W27ularj3VbpxYuqnYV2FJ13bvVktFV8pi36XVIHwx6rh5R7h47exbeSWgphebeuV1ZnicbhTY1LRN45jav_gZjErxzufM0Ha4aRnxWLPSGCIPkYLH3jV7eDJ&reqid=kmfKpF4WTh8CiwCu&type=CLICK&pos=38
Ốp lưng dẻo trong phong cách mới dành cho iPhone 12 / 13 / 14 / 12 Pro / 12 Pro Max / 13 Pro / 13 Pro Max / 13 Mini / 14 / 14 Max / 14 Pro / 14 Pro Max  - Hàng chính hãng,133.440₫,-33%,1606,PHOTODESIGN VN,https://tiki.vn//tka.tiki.vn/pixel/pixel?data=TVC11-dE_6dLaxMUYuZKi5C2wLHozOUn-qR_temHcV2I_PYj2mBPUvq8vLEhnTpOFdX_YuH0ImLWD0YY4pEQZS3IeHRDYW1DQrBMvUrTuPXQE__aZ7sHy4pAOQbmsQINqBylI8rstfTpy_yKzMW20ghrB4krTKsrd70R9XQ27rPck19k-aYr5l1Ik_APKF8r0zjl98iOrfMemmeoDpjAT_bJETvIbhvorns64D57TnlAzyqtfGEanfVR8KuliWNpOC30FnLOYm4W8NpKPNEfZzAIhnO4-Wr0yqn9Og7fSSa9CLhfjA1WUgUJ11kiWhluGaUCRe0Bkca1nxUAVoTOr1OBbsNv_PHtYvD83qWmDtYHZVW5MGqoMJINHtFFDOTHiwB2GbiLtcMmdScIjCZ7mBt7CieB-LtSuIL6h-bjbTYUm_0wW4STZmce-eXkXaCL6w57DqAKpe0NLki_nWJHWoRFFiweWskLNCEs0Mz_3bWtxauobyTDRFfO06INQH6FQBfACa55t9SmnDR-Y_VQBFJqFG9paJnQYvyRtFCa1piDR6Jd2u7EuVo6J_OCH9zKjjY1bw4nGlGiG1VtsWO7pN_uQb9FESIQdC83QdwsAlDasNZZbBOdqigZHYFypEbsIlZzOVqCZHkckf_oY24vOWpade62zHUNpYHQQSSMWnAaa3ai5ll_XMNjcJM2pnCgwsNQ0Re3nOjmZahavQXSVxSHZtk3x85GNwQkmK-xHUJ34wHUCmhDr3PPjZK31mQHqyUGxImynKVm447OcGi0rQXQ2nSAhEcJh_MGuHpdL6fYA-bWGJHCty6QYq7QyB8nDqe6LLW-5HwNFNaGi7xTNm3zq_6RfjoIUzqdMheeCvL6MJ1s1dTek3ZlhKOhG7xrxMqBv9K4mvtohdLMUSH4vvU-NdG43It36Hfv-ceKeCRSxt5kKhPC70fn8LNRg7TDYHmNUkP6cjcuPAPZ6LZDqCulwSOcy7lbTy5K7ftZrS6bc_lw6eqn8nMbrLc1Eig16fJnmE8cD_6aYo1aK_MKks-F5-bnBV9b89IGkkPDsohIszjAT5X27gwzhNEEefJxMafSj87ctts_GqirLdBiiiQfsZ89szdOTbBt_kSg6gXSAGy7bSN2Bcqwwa3AvURUUJl8gPlTNsqhBivq8IUKTcYBazyUzQPJI3R3yKkla0hppurHjwUcIESYgMMvuyro1jfvU3J8o3kesoeQ-0Or9GZAb1aFQQ&reqid=kmfKpF4WTh8CiwCu&type=CLICK&pos=39
Ốp lưng chống sốc lưng trong phong cách mới dành cho iPhone 11 / 12 / 13 / 11 Pro / 12 Pro / 13 Pro / 11 Pro Max / 12 Pro Max / 13 Pro Max / 12 Mini / 13 Mini - Hàng chính hãng,171.840₫,-31%,1180,PHOTODESIGN VN,https://tiki.vn//tka.tiki.vn/pixel/pixel?data=lOyUfYs2-EGRsLQnAfQDcQQk_n0SrhWCxEoXoj7EL0I80akjRNxvHZ_dT7Iy63yf5nLSTFdZha8xCEkOL5aK9DYYodMRehinmHuamQlfFryY5YjDXMBGtF2H9x3asEkMBBxBcAw09tf9lkRhmi7S7b8jtP6Pu08cliiIc_sjBUgFsV_UEpXuHOKVG30lGSq5oiCwfFqPfbWZ1zgQu-W34JcD8Q5QloEHLfNitysSRvdRQGjjbF1WaFerHjIXY1Aay5jPiOdKFmLZCLm3a5G0rew1Du6fBb78C_fFRNPJ-ngo8RSkURKTbhqdbUZBbxkMx2kMpmk-HX-L7EIv0FKBrOYtz7s1Iib_ORy_EmdDZ74m0fSRL8-jHtO7TSQ3F3e7ZqslWc_S5V7HTvfyxw2pNscqD5FdXP67PFPTF7kix2d9yfzXPh1o-GlgR_Gti_74W0WjsHZmH5_8qmSuYFIM2yth4SEMLcumti5l_DXX_WxIQfLznem4X8uN1vbRmcsxP8SmhwWkepJGR5ivgdIDgtpzbn4uePREnol0plh2vljXEyK-tSo3IjW9Oo4xuVWJ-RYriMX_wFbo15yZHKXOB2qdpRk80toOit1Tx_P3wxMHhPVsLNFB-awT54AXGx8nsAcDHhFKHOc9eN_yqKfuW0A8YKjXosynu7dZnuMntTuB8KkE69BbfmMH6q_wOTu8yNPSZVjLTOuVjl_zmbT0_-NQ9UJQAJCui85p_shjm2A23KxmVnA7xDhBJSxtWED9yuoyBwO2cCYWkOD9jVmJbx8_kvjdRT0RDtlXvnpDHsMAB2qg2vySZaq_0OadaGJx2S--IIOEMEpHzS_svhOVBxFCkqH15aYiDKsP8zhiKNwaBq4Dkws0AYRMaa2T8YxKATw45iKmJX9gqrVWaFVzHj30RL0bXIjvRZMWz94q-fElC3TFaUb3d8EhGNqogNpjH3KY9mg10IDJpeycwG8iaLkQ8-AQFND6LReGa_Kc5S8fzO61o4epSFAP1ntXaniI4JoYbFsrJFDC5QsGm2BDJnpPA9ws2ZBfQh5GBBkzm2ZpsltsF3csiVnXva6ccPDre9KEwIXh_7jTWPGgzCzlrU8dq0PruDeQvXGQua_rI3ees1YvjXCfEo_qqv19ZRVF_ZRL8fYGqSIAiWtmd76-rCcdhz6r_3YBOzFmalqFIe6yXJE0qxjh4o_GfBy1QSSWBMN8AoqQ8fnYFyegJG5lLIzWN8sib7ShNT7bEI30TKS3ZVNshTEa3zsOhj8oDQ8m3yQLrGLzVo-cqsk8KgW1fxCyDyqBbT6ZiU_6qxp4v-FvoD-yUqlJcppRIShK0WgNPzIXM5BTvDr08vcL0ZXSwqxz9orK8aF6Kr0NZV7wjHO4GuYyMntq874szI0CYRAqXFPmfqW48c3ksSpLRKIgkFW0zCdEAyRBDIBNBXLYyoRfLOgjgGqe7lhGooig0WY3fDjik5xCNIexUBUImrPghieLACSgcyRQUoiKO5OQdSh1tMCzDfPWjcJHL4sl7T74G4GvWcqVlhO0c7mrZ6mOeg&reqid=kmfKpF4WTh8CiwCu&type=CLICK&pos=40
Điện thoại Nokia 220 4G - Hàng chính hãng,881.000₫,-12%,596,NOKIA,https://tiki.vn/dien-thoai-nokia-220-4g-hang-chinh-hang-p275432684.html?spid=275432821
Điện Thoại Samsung A05 4GB/64GB - Hàng Chính Hãng,2.579.000₫,-14%,31,SAMSUNG,https://tiki.vn/dien-thoai-samsung-a05-4gb-64gb-hang-chinh-hang-p274405521.html?spid=274405525
"Điện thoại Samsung Galaxy S25+, Điện thoại AI, Tìm kiếm thông minh, Video camera đêm Nightography, Chip Snapdragon - Hàng Chính Hãng",26.290.000₫,-3%,Không có thông tin bán,SAMSUNG,https://tiki.vn/dien-thoai-samsung-galaxy-s25-dien-thoai-ai-tim-kiem-thong-minh-video-camera-dem-nightography-chip-snapdragon-hang-chinh-hang-p277065642.html?spid=277165198
Điện thoại Oppo A3 (6GB/128GB) - Hàng chính hãng,4.599.000₫,-8%,Không có thông tin bán,OPPO,https://tiki.vn/dien-thoai-oppo-a3-6gb-128gb-hang-chinh-hang-p276061374.html?spid=276061376
Điện thoại Nokia 220 4G - Hàng chính hãng,989.000₫,-24%,13,NOKIA,https://tiki.vn/dien-thoai-nokia-220-4g-hang-chinh-hang-p275589387.html?spid=275589391
"Điện thoại thông minh itel A26 - giá rẻ | 2 Sim 2 Sóng 4G LTE | Màn hình IPS 5.7"" HD+ | RAM 2GB + ROM 32 GB (Hỗ trợ thẻ nhớ 32 GB) | Mở khoá bằng Gương Mặt | Chính Hãng bảo hành 12 tháng| 1 đổi 1 trong 30 ngày",2.390.000₫,Không có giảm giá,7,ITEL,https://tiki.vn/dien-thoai-thong-minh-itel-a26-gia-re-2-sim-2-song-4g-lte-man-hinh-ips-5-7-hd-ram-2gb-rom-32-gb-ho-tro-the-nho-32-gb-mo-khoa-bang-guong-mat-chinh-hang-bao-hanh-12-thang-1-doi-1-trong-30-ngay-p147969070.html?spid=147969294
Điện thoại Oppo A18 - Hàng chính hãng,2.949.000₫,-20%,1,OPPO,https://tiki.vn/dien-thoai-oppo-a18-hang-chinh-hang-p273553649.html?spid=273553651
Điện thoại vivo Y18s (6GB+128GB) - Hàng chính hãng - Bảo hành 1 đổi 1 trong tháng đầu tiên,3.690.000₫,-12%,Không có thông tin bán,VIVO,https://tiki.vn/moi-dien-thoai-vivo-y18s-6gb-128gb-hang-chinh-hang-bao-hanh-1-doi-1-trong-thang-dau-tien-p275108186.html?spid=275108218
Ốp lưng kéo nắp kiểu mới dành cho iPhone 7 / 8 / SE 2020 / SE 2022 / 7 Plus / 8 Plus / X / XS / XR / XS Max - Hàng chính hãng,99.000₫,-34%,133,PHOTODESIGN VN,https://tiki.vn//tka.tiki.vn/pixel/pixel?data=s2bs2JVVbQRkhCTtRulLZlHQeoy9piCeugYxAlBKAu0ItK8YmQJbxZeIyZLDinvBKTEU9rcg6laUpo2u7POQAgkEHfCHRO_k40WolnxYU6QzThVp_cE02N9cTlsHoFSFzfWGUxI92O6chdPLQJlg58BY6Xdadqro9eS2zslmV9ci7O_Q5mDDmI6rtTAoNiHs5Z5ONXnOsmKQHLPDXqCPeobFkpmK5JTrdSHRe4cgeACRSpjcIWCKQqQNgOTSYICtMWL_DHv3NBx9Fc7cWeIpxCd0__oPHEhvCwEEyUVu2M3jNE3nXmT16GSzl7KhH483ZgcpOGpgR03AlB2A8xr-LlNv8yAqWjt0seolRTPWAx1bbd9_7oWRVBw7Ldh9O_u51CBGPEV-A1EeRxBdOtMDPZWD8CGeRtjBwXJKbuLlh0KdkCcC1yCyupD6CL657_LFd7Qj6wXMfknJBXk7sJ_0vXMECPS58eR_DpsClWE4LQMe1h8c6ATVE-0JBoZWNupZV5LWggyFTb8eDDXuxFBZr_QhozHO9yoq-VWnTtAqVgNxZqMAe6q3e-p9-aF3Pd8xxU7fywmbbcbG0Z9zWBID_i5dPdjQ9KlfFqWNPZlYLFnw-NNBA-YubTLA__sLlzb3WaBjyUZz-29fb-h2WgyYYV3KO58PyM9JoKJe6_-a4FR5fE0XtEmakOZms8WK0hPgmYugJWq_Ijg8DbWV1EBnejC8UPPmVeSmvveN2qRSa5lZhVcKGVz_m4j-TvuYCFyTV1qZj4wRwLeD_3XNnT8LQOkjf9dlLXca721zHZe0mX4H6X53pSzx0PIRsmEF5WUXeg8cuWbuWsOWquJ_UpErONusVpfFQiKmq_SltDdfwhhZbzCDZ_28hWK0gbzzzcej3SRsrX0JNSy44HXfK15Q8G1OhZw1sJulTXwuGl7prhr6TKXqarEf-89WclXRXmZnuXaD-k3NH0uUO9HGid9pcTGcOT1SV39nlM6uSNfxfZPztDH1t4CrAxg5mPYjsLeWAGMpRVJ39rmilBrC38UFNE5Y6O32-iqsm8TlveyhUe_6GzXmhhcBa02vSqQAdgHttbwp7xeF2LMH-dms2n7LUIMBbC1SWlVzqXOriNDJBH2ee4ilmdJBdXOW1fN_WhR0C87Gogk5MKgQ7i3DICH69VoxmQFEKTVr-vwH1FItyHDPjLBMnwCREmH32baOOsAaupL7o0Bf9hghV_17l0dSMbmX8Fg8lEow4-wuBvOCzSg&reqid=kmfKpF4WTh8CiwCu&type=CLICK&pos=49
Ốp lưng kéo nắp hỗ trợ sạc từ tính dành cho iPhone 12 / 13 / 14 / 15 / 12 Pro / 12 Pro Max / 13 Mini / 13 Pro / 13 Pro Max / 14 Plus / 14 Pro / 14 Pro Max / 15 Plus / 15 Pro / 15 Pro Max - Hàng chính hãng,229.440₫,-8%,263,PHOTODESIGN VN,https://tiki.vn//tka.tiki.vn/pixel/pixel?data=zHTbKkk-Vj_Efn2NdwUHb3zjKsNzbrWTphDdT1sk_-yaD_Z9S5JCCAaqN7m-iHwnqKXcU39X5S_PLDHwBsRq0j8UKSEHDPSBecJhKimCSq_g37p0hAxW8ukDRaTXQHO3B2Cx8SY51WTCYYeT28AYAeMncvlZk2ODC3-JgVcnqBkS808Jdf75mAVVdxgGNDGAjh3vu1V1c_KR5yClla-Rtn8uc9ShfO6Ut5ysSjbcG9wZERv2P9jfrYZ3nd7exDhmsll0o551-jLTGRvWLONLMUQo88cZACuIG04vw0ljnenS-gwKjtVxGLALV7-K4FTCIxAnXBMgz_gIjM_OKwJsOawYeegLnF4WfAzM3-9qy8VewKmMwE5ORrhfJ5gRROaffb1pL9zk9JrnHJ_Do5hoHXImV1zSJS6d9hsc-pnUN6KQouEq5yL-nKQgT_Yn7v7InxBCaNE9JbDTV8eo-bRy2eC06ZTQS4sZiCiTDVvpd2245CCwPKMJx1gYEon6TzhtusThm9T8AsTGN8-FPP4OC5veRjcjYutyPtCI9b9EtKvtOnvPvRemv6yFYUmpZSG5oJr-3VP2mB17JyaQC9QVrTa5JKV4rQVCXfy0wl1uXP6Gm-Bl3montikmzKeyqAlndlczGgkuUGeezCD0iVo_85yS_VL-eSJp970XSmV4qQ7YqxqJ41bEQMh5UmbynT3vR1Y2VIOEWTnhw_gxyMarTnEUyQtmu6CHBXKMaSYe4sgRtAXWbI-BkZOAb7jnQdKOvkW5GaAqLivg8hzzVX8mTY3cBpfVwJhbyrWvuDqA4rldfzOwcgqeeR22xJQ_vXJXU6jgKiCVgPLEmWkYXAeG2pc9dMKPx2p9crKJBR8UufRiMtCjdrcemp5BPvRjJ8fEXY2m9KYXkIMC5fDfrMpJWoRNFh_6S6DADTg12IDBzbLhHBAN5xpDcfnSp4PH6pb_tSMVlbQgRh74iTCToi8UgWeJ0zsib0rNMkNZu-kk8rT5sbFX8mE9jllJe2Tut8iRNeMA_CCSdKUfZXHFcpNT35VL4ptLPpuN7Cb6a8nvN-e0icCfU_K5mDqOr8IQhgGMK4RXS7wmXx92PpQjXG4wISCay83GebWBOgY6aDm69t6rqDwEgnNzG4XySUPea6eslhmuikYjLoBOXQ3DwbahT5spC3Xazpdm92xKE4ANu3Yd1h9J-cY7vHCYbZWsYTMhPS4LWXkyEILPuLdChdFo6Co6XhuXW-vQWtoLL6WL_ihPiWnRovRYlY9hvF62ZQ&reqid=kmfKpF4WTh8CiwCu&type=CLICK&pos=50
Ôp lưng chống sốc họa tiết tam giác dành cho iPhone 14 / 14 Plus / 14 Pro / 14 Pro Max - Hàng chính hãng,446.976₫,-11%,20,PHOTODESIGN VN,https://tiki.vn//tka.tiki.vn/pixel/pixel?data=3ZYhmR07U57ugfWtMZYK-Hqun1wBKrSMfb09LqKQB3OEEZmxx4eWogcpdMan3ytaPw6PdXtNfhHkzOI4TOyL-6TAF-vbeoGEgBP3Lk7Mz46yiTSKBNnierW9MUsaxZ_cgh2y95paSSJm4JwNnrMZf3NppO9L97FqVK5-OB4qMfyLUypf8ar7PbrzJ3vDXp5hpMGFyj3N3twdCYemq0qjZpHqeWZg-G7PsfWFt_bZB4vM8PeFzw7XBZ4yEN3LyiLgrmbUuE-8Pw7P5hBRdm35NZ4SmL7U_OPOi6i7z11tAIuFh7ZPJfij0Jvk-pPILv3SeRvKIspzbsxoj-LtK4jN4oETwQiWeZeReLaSfEXn0EmoyHB0pMlvKUlbW6WiYSO9aT2rKezWSp8Y3-nLmhHgWsG9JMRenLBHYWFL-96RWENnED0kHi8XC0IWoKTYw9RufCY56Vj8MOYuAqtd_wEB80f4fQQ7QpaBlOF-iTbcM129f7pb_9LmRIO5V4H4SmKeGJf8eDomGEX6G1sNXQ_G-R3Si0s0_nm7G8atIX8UG95XGYdYoV3hAdBiFUk1qsTnXod-bDRaRQLlQ8SMP_4V3DCc6yJXYwOBFMKxKa7w62BMz0dMie5ectOCOrx5BkH6ei5MftMjm09CnLXC60kQvyD50C3GlULrYqDZ7wMSNKmZ5qRQ596kgmwcYlt2Y5obhFuCxxTlQ7uiJCNpSDNqBmxck7aq8uV03iFmX2ecKzbZBwRKlSqTJNSN0daAYFdSZHt9e-pzCEUa_omLmYd_FRdBsAeUk2qu7QpBhEWTtwEYAn-4fYQXoVWxodC-OAtiIPIWjEjcuEtvsSVcM7cwKCuvBG9LfUvTrdi8sqvIRmRLU2wpU_qLrbyNCenLWLwRxmoiGZHc-go1avomcqnu0FhztCRSDbNZzUWFiyBFAnQ1COdrwKXDf-SE2tTHZOutYYRjUC_fHBhWUn7rn-iZK7TUnhqftHWCFpQNHmyqKv1kQM1Bs_9YYk9VFfTtwge6xihDbZfVY62ATYHvcBU2BzfS7cY5jR1GtGE--gLgxdcHC7yDFEiIO2iIoWZwNJdcqCC3T_rNQMDorzyuTvaJX54yVww3YmnyN2Z5hxIo1Q7FZQb2VTmL_3hp6F2Y2bCgVwe0Sl5nquU49QlDuCazOw-uEd_NMQ&reqid=kmfKpF4WTh8CiwCu&type=CLICK&pos=51
"Ốp Lưng Chống Sốc, Chống Bám Vân Tay, Hỗ Trợ Sạc Từ Tính, Mặt Lưng Nhám Mờ Cao Cấp FIRO - Dành Cho IPhone 11 Pro Max / 12 Pro / 12 Pro Max / 13 Pro / 13 Pro Max / 14 Pro / 14 Pro Max / 15 Pro / 15 Pro Max - Hàng Chính Hãng",165.000₫,-48%,188,FIRO,https://tiki.vn//tka.tiki.vn/pixel/pixel?data=QrjLOW2UVP89wiOcaCX7FD220SWIzytX-DaGkt9XoV7Bp2DS5Q9Lz5LOIjj0Ez2B9GDqrfEQOjk36xk29XV3PkLN5YSIiv4rlg_zf6oGHAJnKtaVXdL7EUTKw6As-osccsGb_mStjU1ynP50apeqFwXCHcFmkMYKvtdtCp-ZsGgt34ina786UhbfVTuJIoiSTaXOR-VhduUoEcd7md4XA1nCAhPoqbWVmFAc81ek_vckG8DoqYDsVFQcxdgElt4SF8fGJp5L1KHJ1A_iaNoHZ_TJkuho47EAh-KfFLERfgLApK5EG40DrxZuXEJZahtJkHaf2XHLL9L8iCwTaSnvBGHymi9kjvrZAmHZDIuxvd3sb-RXRMwkWPSZWsbf9fnsf_ywP0D2upQhbp5MBDpHsPI2Q0kMTipd2Au24IAZH8YW0TNnt2eaecHjti_vURWooe4TGVF7W5ZlocpuhrLbRnicJJxjzXxkE1yoKbF_tZXBINFczAu2IW46A_JwqKpuFwx48NhnEkKczPdrKiXPTKfz8NGYfs48PgWr64jiwZRHSU387weeS4MvQmNmENNdhp4n_va9D-txUxohWFxVmp827j6jUoIajAzCnavZOsvlHH94pwfmDl4lamHzoh79nY6_ml3Qa_ysiVbycX40ku3To8k3A9VUmoRmh8UZM8or77ukVZYv8JGPBM2l-jjPb7thfwBcresSnIMfrPTxoa1v8tBtJWGYrVPN9ukgOTesNE6STkQAP3LeIJXzpo7Bz-fTgtE_0wsMWwpzUgUUx2WD_oTxgw_UUrt5BvzrhO2Wd1wyQIUhBk1fK42hioHdXIkzn-Mn4nxl-qHEcsBLLZwzjwj8WrvIz6b3Z6MKSD1QGQd_r8CbEoZWtRHfsj0Mf5Ycz0yrNp-KswjRSyU3OLjGy8FZkE6oDlxt1ylLpqCGUE1eypGXaDjwDEjOvlz2FmWkbtwISX5KqvJpS3D2qYC0ohPTV7BiTK3XQ_zBveAAa9IgnxnhNVvCgMbQUyS6cJNni-xqFFSotudhWb8DE4UVxEyCkvcnfZ9IjQT4nhFEO6THKzqwgWKdrNLEKLL3Vs1JyU3Fy-gQLI5g2AC4TocAeSeUsd4NkIQoCA6KN5Ou6xYwz6KwLLFjkgZkTeDeCNmwwMFtLhp99q2aRpkyhTqaxomWgEK7klE9vnFBURBQFm97RPEwh6ONMl0p8iwzAqS4Oc1MBTdvqqKpOaVKhoo-7CVazX6PrKk0Ch7hb2dngW6YdmQBKvJF_JS4VsTDyLQFXKFV38-jsSj26ybe3iSbbIfjetym5fLPPA&reqid=kmfKpF4WTh8CiwCu&type=CLICK&pos=52
"Điện Thoại Samsung A05s 4GB/128GB , Snapdragon 680 , Sạc nhanh 25W - Hàng Chính Hãng",3.625.000₫,Không có giảm giá,1,SAMSUNG,https://tiki.vn/dien-thoai-samsung-a05s-4gb-128gb-snapdragon-680-sac-nhanh-25w-hang-chinh-hang-p273438724.html?spid=273550756
Điện Thoại Samsung Galaxy A05 - Hàng Chính Hãng,2.875.000₫,Không có giảm giá,Không có thông tin bán,SAMSUNG,https://tiki.vn/dien-thoai-samsung-galaxy-a05-hang-chinh-hang-p273610105.html?spid=273610113
Điện thoại vivo Y18 4GB/128GB - Hàng Chính Hãng,3.990.000₫,Không có giảm giá,Không có thông tin bán,VIVO,https://tiki.vn/dien-thoai-vivo-y18-4gb-128gb-hang-chinh-hang-p275775887.html?spid=275775888
Điện thoại Oppo A38 - Hàng chính hãng,4.199.000₫,-16%,Không có thông tin bán,OPPO,https://tiki.vn/dien-thoai-oppo-a38-hang-chinh-hang-p274392442.html?spid=274392450
Điện Thoại Oppo A18 4GB/64GB - Hàng Chính Hãng,2.819.000₫,-24%,5,OPPO,https://tiki.vn/dien-thoai-oppo-a18-4gb-64gb-hang-chinh-hang-p273668660.html?spid=273668662
Điện Thoại Oppo A18 (4GB/128GB) - Hàng Chính Hãng,3.050.000₫,-24%,11377,OPPO,https://tiki.vn/dien-thoai-oppo-a18-4gb-128gb-hang-chinh-hang-p273252926.html?spid=273253124
Điện thoại Samsung Galaxy M15 5G - Hàng chính hãng,4.660.000₫,-1%,2,SAMSUNG,https://tiki.vn/dien-thoai-samsung-galaxy-m15-5g-hang-chinh-hang-p275362333.html?spid=275362342
Điện thoại Oppo A58 (6GB/128GB) - Hàng chính hãng,3.909.000₫,-22%,Không có thông tin bán,OPPO,https://tiki.vn/dien-thoai-oppo-a58-6gb-128gb-hang-chinh-hang-p271235147.html?spid=271235149
