ID,Name,Gender,Age,DOB,phoneNumber,Address,locationID
KH001,Anh Dũng Trần,male,50,1975-12-27,(06) 0949 6093,"9693 Martha River Suite 473
Bookerland, HI 40317",
KH002,Hạnh Quang Phạm,female,52,1973-02-08,+84 35 8412222,"85929 Brianna Trail Suite 102
Aaronchester, CO 84225",
KH003,Kim Hữu Dương,female,23,2002-02-19,+84-20-298612,"18113 Stephens Street
South Melissa, VI 68758",
KH004,Vũ Vũ,female,42,1983-05-28,+84 49 6541655,"8876 Miller Ferry Apt. 921
Jeffreyside, PR 70993",
KH005,Huy Dương,female,42,1983-09-27,(09)814-7920,"01843 Valenzuela Oval Suite 067
East Susanside, RI 09862",
KH006,Minh Mai Bảo Phạm,other,21,2004-12-03,(08)034-3575,"22917 Harrington Shores Suite 688
South Karaside, IL 74880",
KH007,Bác Tùng Dương,male,48,1977-12-03,+84-89-722727,"378 Alexander Forest Apt. 897
Jessicafort, SC 47495",
KH008,Lâm Thế Bùi,other,34,1991-12-31,(03) 1614 2657,"6066 Sharon Causeway Apt. 378
Port Diana, OH 23767",
KH009,Phương Hoàng,male,54,1971-09-10,04 7720 7370,"03476 Callahan Springs
Marissafort, TN 39262",
KH010,Quý cô Yến Hoàng,male,44,1981-01-03,07 6836871,"9714 Adams Bypass
Derrickfurt, FL 63158",
KH011,Linh Phạm,male,21,2004-11-29,+84 45 8941061,"7181 Sanchez Wells
Cynthiashire, WV 07757",
KH012,Anh Bùi,other,50,1975-12-07,+84-30-244 5640,"27445 Emily Ports
Amyberg, NH 83106",
KH013,Ông Minh Đặng,other,41,1984-10-22,+84 06 3275466,"99891 Theresa Square
Turnerland, IA 97766",
KH014,Cô An Vũ,male,36,1989-11-20,(04) 3544 1804,"0123 Tyler Mills
East Dennisberg, AR 88476",
KH015,Lâm Mai,female,50,1975-09-12,+84-94-372348,"38469 Jeffrey Hills Suite 094
Christopherburgh, IL 15366",
KH016,Nhật Đức Đặng,other,21,2004-08-14,05 9453452,"48860 Brown Isle
Evanborough, OK 86879",
KH017,Nhật Trần,male,34,1991-04-15,03 0334 1376,"5329 Graham Road
Anthonyton, WV 97665",
KH018,Nhiên Phú Nguyễn,male,35,1990-03-01,00 8164 9764,"34548 Mcmillan Road
Lake Caitlin, PR 96859",
KH019,Hải Thị Nguyễn,male,51,1974-03-04,+84 83 1841121,"938 Roy Ports
Valentinefurt, WI 39609",
KH020,Vũ Đức Đặng,male,59,1966-09-05,+84-18-254879,"18628 Carpenter Heights
New Frederick, GA 09055",
KH021,Nhật Trần,female,48,1977-01-11,(08) 9518 6018,"305 Mcgrath Plaza
West Sarahland, AS 91235",
KH022,Bảo Mai Bảo Bùi,female,58,1967-10-06,+84 78 5030395,"0433 Tiffany Vista
Jonathanside, WI 35460",
KH023,Mai Trần,female,32,1993-06-11,09 7953 5373,"548 Jacob Estates Suite 977
Smithhaven, CA 34466",
KH024,Huy Mai,other,44,1981-09-08,+84 47 8889841,"87856 Lisa Place Suite 247
Alvaradostad, ID 66773",
KH025,Cô Linh Lê,other,24,2001-10-20,(08) 1365 9932,"PSC 8274, Box 9343
APO AA 61739",
KH026,Bác Minh Đặng,other,52,1973-07-19,+84 55 8839166,"17393 Chen Row
New Stephenmouth, MS 22084",
KH027,Tú Trí Hoàng,other,57,1968-04-26,+84 30 7736835,"64496 Soto Lock Suite 557
Pattersontown, MA 30810",
KH028,Hạnh Phạm,other,28,1997-01-20,+84 60 5468072,"551 Adams Passage
Emilyside, WV 04161",
KH029,Dũng Trí Hoàng,other,39,1986-12-20,(04)866-2361,"876 Scott Squares Suite 402
Haynesville, IA 86384",
KH030,Ngọc Đặng,female,20,2005-03-19,(04) 9536 8434,"8391 Hawkins Islands Suite 343
New Amanda, NJ 09666",
KH031,Linh Phạm,other,23,2002-11-20,(07) 6343 5168,"196 Gray Summit Suite 745
West Catherineland, KS 62334",
KH032,Quang Thế Nguyễn,male,47,1978-09-02,(02) 9337 0757,"50290 Nicole Inlet Suite 196
West Katrina, OR 18408",
KH033,Bảo Đặng,other,55,1970-09-24,02 1283 5606,"63914 Jesse Crossing Suite 423
Aprilberg, FL 58583",
KH034,Thành Đức Dương,male,51,1974-09-06,+84 25 8621440,"74084 Bell Light
Port David, PA 37458",
KH035,Vân Lê,male,38,1987-01-02,+84-22-546981,"7727 Carlos Overpass Apt. 284
West Jamie, GA 28383",
KH036,Khoa Trí Vũ,female,56,1969-08-14,(03)090-2515,"74120 Wood Bridge Suite 275
New Adrianport, IL 02650",
KH037,Bác Huy Lê,other,43,1982-09-04,(03) 6238 9975,"02746 Wolfe Causeway Suite 232
New Jeffrey, VT 80753",
KH038,Kim Nguyễn,other,54,1971-06-18,+84 67 7564551,"7118 Jennifer Oval Apt. 280
North Jaredmouth, AZ 00648",
KH039,Huy Mai Phạm,other,35,1990-07-04,04 7826625,"220 Karen Wells Suite 398
Jamesbury, CO 17195",
KH040,An Phú Dương,male,50,1975-02-19,(02) 7212 6144,"261 Mathews Causeway
North Chad, VI 87766",
KH041,Khoa Hải Bùi,other,44,1981-12-09,+84 04 5086773,"39479 Laurie Lights
Jacksonmouth, VI 95530",
KH042,Quý cô Linh Nguyễn,male,50,1975-03-19,00 2048592,"631 Michael Lock
West Dennis, NE 01170",
KH043,Chị Hà Phạm,female,55,1970-06-17,+84-92-372 8281,"90834 Hunter Stravenue
Vazquezhaven, NC 51299",
KH044,Hải Đức Đặng,male,60,1965-09-30,(04) 5091 9990,"314 Lewis Heights
Lake Jameschester, ME 84618",
KH045,Ông Hoàng Trần,female,53,1972-06-16,+84 90 0887595,"4431 Ramirez Ranch
Lake Adam, VA 66204",
KH046,Ông Nam Phạm,male,46,1979-07-21,+84-80-399503,"853 Perry Mountain
Josephfort, GU 06329",
KH047,Hà Dương,male,52,1973-01-02,+84 28 0749709,"416 Scott Drives
Harrisburgh, NE 78312",
KH048,Ông Nam Nguyễn,male,27,1998-01-17,08 4266 8039,"PSC 8760, Box 1847
APO AA 75275",
KH049,Thành Đặng,other,45,1980-07-17,00 8745 0545,"15626 Pamela Highway
East Kathryn, DC 53352",
KH050,Hưng Lê,female,60,1965-10-29,+84-52-318 7739,"5966 Benjamin Village Suite 280
Jasmineport, PR 68841",
