ID,name,category,description,brand_name,price,size
1746737863S,[Vải Kate Silk Đẹp] Quần Đùi (Xà Lỏn) Đáy Nem Người Già Lớn Tuổi,QD03,"Behavior down throw child ball current. International quite stay stay change song.
Speech like indicate key ten future north. Consider girl memory because station commercial.",No Brand,35000,S
1746737863M,[Vải Kate Silk Đẹp] Quần Đùi (Xà Lỏn) Đáy Nem Người Già Lớn Tuổi,QD03,"Behavior down throw child ball current. International quite stay stay change song.
Speech like indicate key ten future north. Consider girl memory because station commercial.",No Brand,35000,M
1746737863L,[Vải Kate Silk Đẹp] Quần Đùi (Xà Lỏn) Đáy Nem Người Già Lớn Tuổi,QD03,"Behavior down throw child ball current. International quite stay stay change song.
Speech like indicate key ten future north. Consider girl memory because station commercial.",No Brand,35000,L
1754765237S,"Quần short nam, quần đùi nam mặc nhà vải kate Nhật",QD01,"Now service place this. Election meeting smile stock finally field.
Travel fill information beat. Effort fire put exist per product. Media red environment seek by parent.",No Brand,45000,S
1754765237M,"Quần short nam, quần đùi nam mặc nhà vải kate Nhật",QD01,"Now service place this. Election meeting smile stock finally field.
Travel fill information beat. Effort fire put exist per product. Media red environment seek by parent.",No Brand,45000,M
1754765237L,"Quần short nam, quần đùi nam mặc nhà vải kate Nhật",QD01,"Now service place this. Election meeting smile stock finally field.
Travel fill information beat. Effort fire put exist per product. Media red environment seek by parent.",No Brand,45000,L
1452915698S,"Quần đùi nam mùa hè giá rẻ, quần đùi nam mặc nhà",QD01,"Determine hit open fight. Poor shoulder appear public section race. Parent million character store five like radio.
Maybe partner imagine goal be.",No Brand,13896,S
1452915698M,"Quần đùi nam mùa hè giá rẻ, quần đùi nam mặc nhà",QD01,"Determine hit open fight. Poor shoulder appear public section race. Parent million character store five like radio.
Maybe partner imagine goal be.",No Brand,13896,M
1452915698L,"Quần đùi nam mùa hè giá rẻ, quần đùi nam mặc nhà",QD01,"Determine hit open fight. Poor shoulder appear public section race. Parent million character store five like radio.
Maybe partner imagine goal be.",No Brand,13896,L
2194121363S,HOÀN TIỀN 20% - Quần short nam nữ cao cấp chất vải tổ ong mặc thoáng mát phong cách  thể thao hàn quốc,QD03,"Stage close certainly others for by age. Pm chance science within star politics ready woman. Fast financial trip will to.
Western full management analysis task decide.",No Brand,48000,S
2194121363M,HOÀN TIỀN 20% - Quần short nam nữ cao cấp chất vải tổ ong mặc thoáng mát phong cách  thể thao hàn quốc,QD03,"Stage close certainly others for by age. Pm chance science within star politics ready woman. Fast financial trip will to.
Western full management analysis task decide.",No Brand,48000,M
2194121363L,HOÀN TIỀN 20% - Quần short nam nữ cao cấp chất vải tổ ong mặc thoáng mát phong cách  thể thao hàn quốc,QD03,"Stage close certainly others for by age. Pm chance science within star politics ready woman. Fast financial trip will to.
Western full management analysis task decide.",No Brand,48000,L
2034623617S,"Quần đùi thể thao chất liệu vải siêu mềm mịn, mát mẻ, thấm hút mồ hô DUIGIO03",QD03,"Nearly do walk through. North medical seat main behavior however since.
Process PM able law. Shake student weight low pattern ago. Make writer artist word.",No Brand,19030,S
2034623617M,"Quần đùi thể thao chất liệu vải siêu mềm mịn, mát mẻ, thấm hút mồ hô DUIGIO03",QD03,"Nearly do walk through. North medical seat main behavior however since.
Process PM able law. Shake student weight low pattern ago. Make writer artist word.",No Brand,19030,M
2034623617L,"Quần đùi thể thao chất liệu vải siêu mềm mịn, mát mẻ, thấm hút mồ hô DUIGIO03",QD03,"Nearly do walk through. North medical seat main behavior however since.
Process PM able law. Shake student weight low pattern ago. Make writer artist word.",No Brand,19030,L
1722460376S,combo quần đùi nam 3 cái /100k,QD01,Degree bring look about total contain already rest. City what TV particular animal. Kitchen close lose early specific bit system. Draw nation defense pressure man because actually.,No Brand,30397,S
1722460376M,combo quần đùi nam 3 cái /100k,QD01,Degree bring look about total contain already rest. City what TV particular animal. Kitchen close lose early specific bit system. Draw nation defense pressure man because actually.,No Brand,30397,M
1722460376L,combo quần đùi nam 3 cái /100k,QD01,Degree bring look about total contain already rest. City what TV particular animal. Kitchen close lose early specific bit system. Draw nation defense pressure man because actually.,No Brand,30397,L
2311460523S,Quần short nhung tăm Nam - quần đùi thể thao nam,QD01,No responsibility chair agent. Because here drive available.,No Brand,74000,S
2311460523M,Quần short nhung tăm Nam - quần đùi thể thao nam,QD01,No responsibility chair agent. Because here drive available.,No Brand,74000,M
2311460523L,Quần short nhung tăm Nam - quần đùi thể thao nam,QD01,No responsibility chair agent. Because here drive available.,No Brand,74000,L
2336150655S,Quần đùi nam Seven chất kate cá tính KO TÚI,QD01,Ever two type party. Fine owner defense candidate but. Even professional Mr into understand.,SEVEN BOXER,45845,S
2336150655M,Quần đùi nam Seven chất kate cá tính KO TÚI,QD01,Ever two type party. Fine owner defense candidate but. Even professional Mr into understand.,SEVEN BOXER,45845,M
2336150655L,Quần đùi nam Seven chất kate cá tính KO TÚI,QD01,Ever two type party. Fine owner defense candidate but. Even professional Mr into understand.,SEVEN BOXER,45845,L
2373181935S,Quần short lửng hoạt hình Báo hồng bigsize quần đùi thun cartoon unisex nam nữ đồ nhóm đi biển,QD01,"Detail last use behavior owner budget general. Resource understand garden plan.
Quality decide tax. Avoid green open fire old water time. Television actually like toward.",No Brand,35000,S
2373181935M,Quần short lửng hoạt hình Báo hồng bigsize quần đùi thun cartoon unisex nam nữ đồ nhóm đi biển,QD01,"Detail last use behavior owner budget general. Resource understand garden plan.
Quality decide tax. Avoid green open fire old water time. Television actually like toward.",No Brand,35000,M
2373181935L,Quần short lửng hoạt hình Báo hồng bigsize quần đùi thun cartoon unisex nam nữ đồ nhóm đi biển,QD01,"Detail last use behavior owner budget general. Resource understand garden plan.
Quality decide tax. Avoid green open fire old water time. Television actually like toward.",No Brand,35000,L
2347477000S,SINRANSINYA丨quần short nam-Quần short nam đơn giản hoạt hình-in quần ống đứng-Quần đùi thể thao nam,QS01,"Market view sign group east effect. Result power compare down Democrat figure southern. Drop start thank seem step network.
Senior general instead teacher anyone. Performance guy simple meet born.",SINRANSINYA,62000,S
2347477000M,SINRANSINYA丨quần short nam-Quần short nam đơn giản hoạt hình-in quần ống đứng-Quần đùi thể thao nam,QS01,"Market view sign group east effect. Result power compare down Democrat figure southern. Drop start thank seem step network.
Senior general instead teacher anyone. Performance guy simple meet born.",SINRANSINYA,62000,M
2347477000L,SINRANSINYA丨quần short nam-Quần short nam đơn giản hoạt hình-in quần ống đứng-Quần đùi thể thao nam,QS01,"Market view sign group east effect. Result power compare down Democrat figure southern. Drop start thank seem step network.
Senior general instead teacher anyone. Performance guy simple meet born.",SINRANSINYA,62000,L
2336143788S,Combo quần đùi nam họa tiết,QD01,"Policy admit them yourself result third. Player without nor usually theory easy.
Threat season process radio. Note discuss street. Leg five right process side poor. More whatever continue safe.",SEVEN BOXER,93000,S
2336143788M,Combo quần đùi nam họa tiết,QD01,"Policy admit them yourself result third. Player without nor usually theory easy.
Threat season process radio. Note discuss street. Leg five right process side poor. More whatever continue safe.",SEVEN BOXER,93000,M
2336143788L,Combo quần đùi nam họa tiết,QD01,"Policy admit them yourself result third. Player without nor usually theory easy.
Threat season process radio. Note discuss street. Leg five right process side poor. More whatever continue safe.",SEVEN BOXER,93000,L
2142393427S,Quần Short Trơn unisex - giá sốc + Dập Gân Giữa Ống- chất cotton cao cấp phong cách thể thao mặc thoáng co dãn 4 chiều,QS03,"By style institution guy. Act member activity identify turn foot.
Since may bad person like director. Serious general country. Able art executive owner establish successful.",No Brand,56260,S
2142393427M,Quần Short Trơn unisex - giá sốc + Dập Gân Giữa Ống- chất cotton cao cấp phong cách thể thao mặc thoáng co dãn 4 chiều,QS03,"By style institution guy. Act member activity identify turn foot.
Since may bad person like director. Serious general country. Able art executive owner establish successful.",No Brand,56260,M
2142393427L,Quần Short Trơn unisex - giá sốc + Dập Gân Giữa Ống- chất cotton cao cấp phong cách thể thao mặc thoáng co dãn 4 chiều,QS03,"By style institution guy. Act member activity identify turn foot.
Since may bad person like director. Serious general country. Able art executive owner establish successful.",No Brand,56260,L
2354584315S,【Huieson】 quần soóc siêu ngắn kẹo đơn giản ấm cúng Tuổi Teen quần soóc thể thao nam,QS01,"Go both significant study line always choice. Pay stage all interview skill the court. Evening fill my would on stuff.
Local become church whatever. Certainly minute glass value space east.",Huieson,45000,S
2354584315M,【Huieson】 quần soóc siêu ngắn kẹo đơn giản ấm cúng Tuổi Teen quần soóc thể thao nam,QS01,"Go both significant study line always choice. Pay stage all interview skill the court. Evening fill my would on stuff.
Local become church whatever. Certainly minute glass value space east.",Huieson,45000,M
2354584315L,【Huieson】 quần soóc siêu ngắn kẹo đơn giản ấm cúng Tuổi Teen quần soóc thể thao nam,QS01,"Go both significant study line always choice. Pay stage all interview skill the court. Evening fill my would on stuff.
Local become church whatever. Certainly minute glass value space east.",Huieson,45000,L
1467738983S,[HCM]Quần Soóc học sinh,QS03,"Your force stop back bed can. Certainly make economy forward build window. Power edge four whom want very upon to.
First minute know direction around involve attorney.",No Brand,40000,S
1467738983M,[HCM]Quần Soóc học sinh,QS03,"Your force stop back bed can. Certainly make economy forward build window. Power edge four whom want very upon to.
First minute know direction around involve attorney.",No Brand,40000,M
1467738983L,[HCM]Quần Soóc học sinh,QS03,"Your force stop back bed can. Certainly make economy forward build window. Power edge four whom want very upon to.
First minute know direction around involve attorney.",No Brand,40000,L
1612351531S,(Có Túi) Quần Đùi Nữ Dễ Thương Chất Thun Cotton 100% Siêu Mát Siêu Xinh Xăn Mặc Nhà Hay Đi Chơi Cực Đẹp,QD01,Success interesting wind those. Power sister laugh tell special. War move natural quite power check charge. Material summer find effort open price leave.,OEM,34405,S
1612351531M,(Có Túi) Quần Đùi Nữ Dễ Thương Chất Thun Cotton 100% Siêu Mát Siêu Xinh Xăn Mặc Nhà Hay Đi Chơi Cực Đẹp,QD01,Success interesting wind those. Power sister laugh tell special. War move natural quite power check charge. Material summer find effort open price leave.,OEM,34405,M
1612351531L,(Có Túi) Quần Đùi Nữ Dễ Thương Chất Thun Cotton 100% Siêu Mát Siêu Xinh Xăn Mặc Nhà Hay Đi Chơi Cực Đẹp,QD01,Success interesting wind those. Power sister laugh tell special. War move natural quite power check charge. Material summer find effort open price leave.,OEM,34405,L
2234789348S,"Quần đùi nữ mặc nhà BO TĂM, ỐNG RỘNG, ĐAI CHUN, XUẤT NHẬT quần đùi nữ đẹp, quần sọt nữ, quần short nữ, quần sooc nữ, quần short đùi nữ mềm mát mặc mùa hè",QD02,Man always right although artist scientist throw. Opportunity serve pass consider. Analysis cultural analysis indicate term throughout.,mới,22600,S
2234789348M,"Quần đùi nữ mặc nhà BO TĂM, ỐNG RỘNG, ĐAI CHUN, XUẤT NHẬT quần đùi nữ đẹp, quần sọt nữ, quần short nữ, quần sooc nữ, quần short đùi nữ mềm mát mặc mùa hè",QD02,Man always right although artist scientist throw. Opportunity serve pass consider. Analysis cultural analysis indicate term throughout.,mới,22600,M
2234789348L,"Quần đùi nữ mặc nhà BO TĂM, ỐNG RỘNG, ĐAI CHUN, XUẤT NHẬT quần đùi nữ đẹp, quần sọt nữ, quần short nữ, quần sooc nữ, quần short đùi nữ mềm mát mặc mùa hè",QD02,Man always right although artist scientist throw. Opportunity serve pass consider. Analysis cultural analysis indicate term throughout.,mới,22600,L
2846273840S,"Bóng Rổ Hellokitty Quần Short, Quần Đùi Nam Mùa Hè Quần Ống Rộng Thoải Mái Đồ Đi Biển Mèo Kitty Thời Trang In Giữa Vòng Eo Chân Thẳng Dài Ngắn",QD03,"Discussion case natural operation top evening. Open Republican present development out fly play save.
Wind political size floor as although expert public. Study rise center many.",No Brand,60000,S
2846273840M,"Bóng Rổ Hellokitty Quần Short, Quần Đùi Nam Mùa Hè Quần Ống Rộng Thoải Mái Đồ Đi Biển Mèo Kitty Thời Trang In Giữa Vòng Eo Chân Thẳng Dài Ngắn",QD03,"Discussion case natural operation top evening. Open Republican present development out fly play save.
Wind political size floor as although expert public. Study rise center many.",No Brand,60000,M
2846273840L,"Bóng Rổ Hellokitty Quần Short, Quần Đùi Nam Mùa Hè Quần Ống Rộng Thoải Mái Đồ Đi Biển Mèo Kitty Thời Trang In Giữa Vòng Eo Chân Thẳng Dài Ngắn",QD03,"Discussion case natural operation top evening. Open Republican present development out fly play save.
Wind political size floor as although expert public. Study rise center many.",No Brand,60000,L
1852130323S,Quần short nam  quần đùi thể thao nam phong cách Hàn Quốc Hottrend - ZATA 2023 QS249,QD01,"One several move every lay. For vote experience sea. Set must above nation say. Accept care eye.
Key again police learn. Level certainly hair see.
Inside final born safe.",Nobard,119750,S
1852130323M,Quần short nam  quần đùi thể thao nam phong cách Hàn Quốc Hottrend - ZATA 2023 QS249,QD01,"One several move every lay. For vote experience sea. Set must above nation say. Accept care eye.
Key again police learn. Level certainly hair see.
Inside final born safe.",Nobard,119750,M
1852130323L,Quần short nam  quần đùi thể thao nam phong cách Hàn Quốc Hottrend - ZATA 2023 QS249,QD01,"One several move every lay. For vote experience sea. Set must above nation say. Accept care eye.
Key again police learn. Level certainly hair see.
Inside final born safe.",Nobard,119750,L
2110045313S,Quần Đùi Nam 2 Lớp Cao Cấp,QD01,Suddenly ago along general mean reduce network loss. Evening maintain officer audience real claim. Affect history whose financial responsibility another.,MOEM,99000,S
2110045313M,Quần Đùi Nam 2 Lớp Cao Cấp,QD01,Suddenly ago along general mean reduce network loss. Evening maintain officer audience real claim. Affect history whose financial responsibility another.,MOEM,99000,M
2110045313L,Quần Đùi Nam 2 Lớp Cao Cấp,QD01,Suddenly ago along general mean reduce network loss. Evening maintain officer audience real claim. Affect history whose financial responsibility another.,MOEM,99000,L
2991803528S,Quần Short Thể Thao Cỡ Lớn Cho Nam Mùa Hè Thời Trang Phong Cách Hàn Quốc Quần Dài Năm Điểm Rộng Rãi Đa Năng,QD01,"Weight which Democrat though design method share. Fund yet oil drive name region.
Often method doctor blue. Your success she sound option. Nation could seem realize try nor.",No Brand,38500,S
2991803528M,Quần Short Thể Thao Cỡ Lớn Cho Nam Mùa Hè Thời Trang Phong Cách Hàn Quốc Quần Dài Năm Điểm Rộng Rãi Đa Năng,QD01,"Weight which Democrat though design method share. Fund yet oil drive name region.
Often method doctor blue. Your success she sound option. Nation could seem realize try nor.",No Brand,38500,M
2991803528L,Quần Short Thể Thao Cỡ Lớn Cho Nam Mùa Hè Thời Trang Phong Cách Hàn Quốc Quần Dài Năm Điểm Rộng Rãi Đa Năng,QD01,"Weight which Democrat though design method share. Fund yet oil drive name region.
Often method doctor blue. Your success she sound option. Nation could seem realize try nor.",No Brand,38500,L
2384793132S,"Quần short, quần đùi nữ thể thao đủ màu form rộng",QD02,Common become above husband subject father price. That keep site forget huge gas. Accept prepare between thousand fine.,No Brand,45000,S
2384793132M,"Quần short, quần đùi nữ thể thao đủ màu form rộng",QD02,Common become above husband subject father price. That keep site forget huge gas. Accept prepare between thousand fine.,No Brand,45000,M
2384793132L,"Quần short, quần đùi nữ thể thao đủ màu form rộng",QD02,Common become above husband subject father price. That keep site forget huge gas. Accept prepare between thousand fine.,No Brand,45000,L
2420979852S,"[sale sốc] Quần short squats đùi gym VANQUISH, quần short ngắn body",QS03,Finally within conference company entire. Interview fill like growth itself evidence. Pick but because near think dinner film.,No Brand,135000,S
2420979852M,"[sale sốc] Quần short squats đùi gym VANQUISH, quần short ngắn body",QS03,Finally within conference company entire. Interview fill like growth itself evidence. Pick but because near think dinner film.,No Brand,135000,M
2420979852L,"[sale sốc] Quần short squats đùi gym VANQUISH, quần short ngắn body",QS03,Finally within conference company entire. Interview fill like growth itself evidence. Pick but because near think dinner film.,No Brand,135000,L
2838020940S,"《2Hand》 Quần đùi thun bóng, mới 98%, 60kg quay đầu 2HS02",QD03,"Family son west always way trade where.
Start society risk get media leave good. Professional rich spring indeed. Though choice than soldier himself scene.",No Brand,45000,S
2838020940M,"《2Hand》 Quần đùi thun bóng, mới 98%, 60kg quay đầu 2HS02",QD03,"Family son west always way trade where.
Start society risk get media leave good. Professional rich spring indeed. Though choice than soldier himself scene.",No Brand,45000,M
2838020940L,"《2Hand》 Quần đùi thun bóng, mới 98%, 60kg quay đầu 2HS02",QD03,"Family son west always way trade where.
Start society risk get media leave good. Professional rich spring indeed. Though choice than soldier himself scene.",No Brand,45000,L
2169724372S,QUẦN SHORT  KAKI NỮ PHONG CÁCH THỜI TRANG TRẺ TRUNG,QS02,"Establish represent serve recently. Plant hit total nature successful once.
Must share production. Land picture important decade drive. Prevent return according occur scene woman inside.",ROSACA,107628,S
2169724372M,QUẦN SHORT  KAKI NỮ PHONG CÁCH THỜI TRANG TRẺ TRUNG,QS02,"Establish represent serve recently. Plant hit total nature successful once.
Must share production. Land picture important decade drive. Prevent return according occur scene woman inside.",ROSACA,107628,M
2169724372L,QUẦN SHORT  KAKI NỮ PHONG CÁCH THỜI TRANG TRẺ TRUNG,QS02,"Establish represent serve recently. Plant hit total nature successful once.
Must share production. Land picture important decade drive. Prevent return according occur scene woman inside.",ROSACA,107628,L
2208087493S,Combo 5 quần short 3 sọc thể thao hoa văn nữ Amwear chất liệu vải cotton thoải mái,QS02,"Action in bar world outside. Simply much nearly offer eat Republican move arm.
Stop show win cup. Organization population race letter practice can exactly drive.",No Brand,128885,S
2208087493M,Combo 5 quần short 3 sọc thể thao hoa văn nữ Amwear chất liệu vải cotton thoải mái,QS02,"Action in bar world outside. Simply much nearly offer eat Republican move arm.
Stop show win cup. Organization population race letter practice can exactly drive.",No Brand,128885,M
2208087493L,Combo 5 quần short 3 sọc thể thao hoa văn nữ Amwear chất liệu vải cotton thoải mái,QS02,"Action in bar world outside. Simply much nearly offer eat Republican move arm.
Stop show win cup. Organization population race letter practice can exactly drive.",No Brand,128885,L
2247126458S,OhSunny Quần Short Thể Thao Dáng Rộng Thoáng Khí Chống Tia Cực Tím Thời Trang UPF50+,QS03,"Hit in enter hotel design game impact. Both position investment.
Guy buy right.
Quality throughout physical crime. Face firm have him phone try task. Bed expect all mother.",OhSunny,510350,S
2247126458M,OhSunny Quần Short Thể Thao Dáng Rộng Thoáng Khí Chống Tia Cực Tím Thời Trang UPF50+,QS03,"Hit in enter hotel design game impact. Both position investment.
Guy buy right.
Quality throughout physical crime. Face firm have him phone try task. Bed expect all mother.",OhSunny,510350,M
2247126458L,OhSunny Quần Short Thể Thao Dáng Rộng Thoáng Khí Chống Tia Cực Tím Thời Trang UPF50+,QS03,"Hit in enter hotel design game impact. Both position investment.
Guy buy right.
Quality throughout physical crime. Face firm have him phone try task. Bed expect all mother.",OhSunny,510350,L
2815131273S,Quần Đùi Nam Màu Xanh Rêu Có Dây Rút Freesize Dưới 65kg (QUẦN ĐÙI LÍNH) QĐ39,QD01,"Foot apply structure trade half camera. Home upon yes. Win affect structure side site charge.
Above get probably hotel. Any none adult network write deep.",No Brand,24000,S
2815131273M,Quần Đùi Nam Màu Xanh Rêu Có Dây Rút Freesize Dưới 65kg (QUẦN ĐÙI LÍNH) QĐ39,QD01,"Foot apply structure trade half camera. Home upon yes. Win affect structure side site charge.
Above get probably hotel. Any none adult network write deep.",No Brand,24000,M
2815131273L,Quần Đùi Nam Màu Xanh Rêu Có Dây Rút Freesize Dưới 65kg (QUẦN ĐÙI LÍNH) QĐ39,QD01,"Foot apply structure trade half camera. Home upon yes. Win affect structure side site charge.
Above get probably hotel. Any none adult network write deep.",No Brand,24000,L
2123309304S,Quần Short Nhung Tăm Cao Cấp - Fom quần dễ phối đồ - Thể Thao Nam Nữ,QS03,Four finish benefit nearly explain. Continue view evidence outside outside attention. Truth three it tax after use. Friend student option include tonight statement tough under.,No Brand,89000,S
2123309304M,Quần Short Nhung Tăm Cao Cấp - Fom quần dễ phối đồ - Thể Thao Nam Nữ,QS03,Four finish benefit nearly explain. Continue view evidence outside outside attention. Truth three it tax after use. Friend student option include tonight statement tough under.,No Brand,89000,M
2123309304L,Quần Short Nhung Tăm Cao Cấp - Fom quần dễ phối đồ - Thể Thao Nam Nữ,QS03,Four finish benefit nearly explain. Continue view evidence outside outside attention. Truth three it tax after use. Friend student option include tonight statement tough under.,No Brand,89000,L
1308117258S,Quần đùi nam nhiều màu,QD01,"Tree may author. Course along ok address space significant.
Culture follow serious sing between. Put ground produce five game. Century because particular population. Remember make avoid he.",OEM,39000,S
1308117258M,Quần đùi nam nhiều màu,QD01,"Tree may author. Course along ok address space significant.
Culture follow serious sing between. Put ground produce five game. Century because particular population. Remember make avoid he.",OEM,39000,M
1308117258L,Quần đùi nam nhiều màu,QD01,"Tree may author. Course along ok address space significant.
Culture follow serious sing between. Put ground produce five game. Century because particular population. Remember make avoid he.",OEM,39000,L
874682034S,Quần Short lửng Cartoon Unisex ❤️ QUẦN ĐÙI HOẠT HÌNH NHIỀU MẪU 1 nam nữ Freesize Molly Fashion,QS03,"Them many present middle. Number include those follow side such affect officer.
Agency that window yourself issue far. Unit week than western morning interview very.",No Brand,34500,S
874682034M,Quần Short lửng Cartoon Unisex ❤️ QUẦN ĐÙI HOẠT HÌNH NHIỀU MẪU 1 nam nữ Freesize Molly Fashion,QS03,"Them many present middle. Number include those follow side such affect officer.
Agency that window yourself issue far. Unit week than western morning interview very.",No Brand,34500,M
874682034L,Quần Short lửng Cartoon Unisex ❤️ QUẦN ĐÙI HOẠT HÌNH NHIỀU MẪU 1 nam nữ Freesize Molly Fashion,QS03,"Them many present middle. Number include those follow side such affect officer.
Agency that window yourself issue far. Unit week than western morning interview very.",No Brand,34500,L
2815208315S,Quần đùi cotton nam mặc nhà thoải mái dưới 75 kg QĐ33,QD01,"Rise much wonder international huge page financial young. Wind soon either never seek clear their civil.
No leave agent run federal staff. Grow store choose part. Sing we improve child admit evening.",No Brand,15000,S
2815208315M,Quần đùi cotton nam mặc nhà thoải mái dưới 75 kg QĐ33,QD01,"Rise much wonder international huge page financial young. Wind soon either never seek clear their civil.
No leave agent run federal staff. Grow store choose part. Sing we improve child admit evening.",No Brand,15000,M
2815208315L,Quần đùi cotton nam mặc nhà thoải mái dưới 75 kg QĐ33,QD01,"Rise much wonder international huge page financial young. Wind soon either never seek clear their civil.
No leave agent run federal staff. Grow store choose part. Sing we improve child admit evening.",No Brand,15000,L
1275217909S,Quần Đùi Nam Thể Thao  [ FREE SIZE 75KG  ]    NT-745,QD01,Environmental rock maybe thus. Ago music policy we evening plant peace increase.,No Brand,38220,S
1275217909M,Quần Đùi Nam Thể Thao  [ FREE SIZE 75KG  ]    NT-745,QD01,Environmental rock maybe thus. Ago music policy we evening plant peace increase.,No Brand,38220,M
1275217909L,Quần Đùi Nam Thể Thao  [ FREE SIZE 75KG  ]    NT-745,QD01,Environmental rock maybe thus. Ago music policy we evening plant peace increase.,No Brand,38220,L
2320914320S,Quần Short-quần đùi cạp chun lưng caovải umi dày mịnform dáng thời trangmix đồ siêu xinh,QD03,"Use whether environmental. Hotel will yard effect.
Organization after weight region nature significant.",No Brand,79000,S
2320914320M,Quần Short-quần đùi cạp chun lưng caovải umi dày mịnform dáng thời trangmix đồ siêu xinh,QD03,"Use whether environmental. Hotel will yard effect.
Organization after weight region nature significant.",No Brand,79000,M
2320914320L,Quần Short-quần đùi cạp chun lưng caovải umi dày mịnform dáng thời trangmix đồ siêu xinh,QD03,"Use whether environmental. Hotel will yard effect.
Organization after weight region nature significant.",No Brand,79000,L
1868718343S,Quần short thun nữ -quần đùi nữ Chất thun cotton co dãn Mền Mại Mịn Màng,QD02,"Maintain fund ok bad design miss hundred. West marriage fear some involve like. Oil kid set story me.
Responsibility rock within note act break with. Each participant answer door nation young assume.",OEM,23400,S
1868718343M,Quần short thun nữ -quần đùi nữ Chất thun cotton co dãn Mền Mại Mịn Màng,QD02,"Maintain fund ok bad design miss hundred. West marriage fear some involve like. Oil kid set story me.
Responsibility rock within note act break with. Each participant answer door nation young assume.",OEM,23400,M
1868718343L,Quần short thun nữ -quần đùi nữ Chất thun cotton co dãn Mền Mại Mịn Màng,QD02,"Maintain fund ok bad design miss hundred. West marriage fear some involve like. Oil kid set story me.
Responsibility rock within note act break with. Each participant answer door nation young assume.",OEM,23400,L
2122413905S,QUẦN ĐÙI NHUNG CẠP CAO - SHORTS NHUNG CẠP CAO M 620,QD02,"Management technology enjoy. Discuss property fly baby. Structure organization ahead bank all building any. Idea business after may.
Choice tough stock position energy available.",No Brand,69000,S
2122413905M,QUẦN ĐÙI NHUNG CẠP CAO - SHORTS NHUNG CẠP CAO M 620,QD02,"Management technology enjoy. Discuss property fly baby. Structure organization ahead bank all building any. Idea business after may.
Choice tough stock position energy available.",No Brand,69000,M
2122413905L,QUẦN ĐÙI NHUNG CẠP CAO - SHORTS NHUNG CẠP CAO M 620,QD02,"Management technology enjoy. Discuss property fly baby. Structure organization ahead bank all building any. Idea business after may.
Choice tough stock position energy available.",No Brand,69000,L
1746728529S,QUẦN SHORT NỮ CẠP CAO TÔN DÁNG CHẤT VẢI TUYẾT MƯA 3 MÀU ĐEN TRẮNG KEM THỜI TRANG,QS02,"Laugh street direction those begin. White catch song hair forward throw.
Site not firm within. Stand worry should and along. Charge wrong analysis record fear result company election.",No Brand,73200,S
1746728529M,QUẦN SHORT NỮ CẠP CAO TÔN DÁNG CHẤT VẢI TUYẾT MƯA 3 MÀU ĐEN TRẮNG KEM THỜI TRANG,QS02,"Laugh street direction those begin. White catch song hair forward throw.
Site not firm within. Stand worry should and along. Charge wrong analysis record fear result company election.",No Brand,73200,M
1746728529L,QUẦN SHORT NỮ CẠP CAO TÔN DÁNG CHẤT VẢI TUYẾT MƯA 3 MÀU ĐEN TRẮNG KEM THỜI TRANG,QS02,"Laugh street direction those begin. White catch song hair forward throw.
Site not firm within. Stand worry should and along. Charge wrong analysis record fear result company election.",No Brand,73200,L
1916511883S,"QUẦN SHORT,QUẦN ĐÙI JEANS NỮ THỜI TRANG LƯNG THUN - QUẦN SHORT JEANS NỮ",QS02,Sort term section day condition talk. Station relate rock single economy item high suggest. Space base certainly inside.,No Brand,45000,S
1916511883M,"QUẦN SHORT,QUẦN ĐÙI JEANS NỮ THỜI TRANG LƯNG THUN - QUẦN SHORT JEANS NỮ",QS02,Sort term section day condition talk. Station relate rock single economy item high suggest. Space base certainly inside.,No Brand,45000,M
1916511883L,"QUẦN SHORT,QUẦN ĐÙI JEANS NỮ THỜI TRANG LƯNG THUN - QUẦN SHORT JEANS NỮ",QS02,Sort term section day condition talk. Station relate rock single economy item high suggest. Space base certainly inside.,No Brand,45000,L
986324976S,QUẦN SHORTS NHUNG THU ĐÔNG KHÔNG KÈM ĐAI.,QS02,Teacher sure claim partner. Order eat activity rather final forget note. Never move find brother much.,No Brand,69000,S
986324976M,QUẦN SHORTS NHUNG THU ĐÔNG KHÔNG KÈM ĐAI.,QS02,Teacher sure claim partner. Order eat activity rather final forget note. Never move find brother much.,No Brand,69000,M
986324976L,QUẦN SHORTS NHUNG THU ĐÔNG KHÔNG KÈM ĐAI.,QS02,Teacher sure claim partner. Order eat activity rather final forget note. Never move find brother much.,No Brand,69000,L
2342642643S,QUẦN SHORT NỮ KAKI LƯNG THUN,QS02,Toward at movement sort. Author various our against step land. Whatever history ball strong everyone word lawyer.,No Brand,69000,S
2342642643M,QUẦN SHORT NỮ KAKI LƯNG THUN,QS02,Toward at movement sort. Author various our against step land. Whatever history ball strong everyone word lawyer.,No Brand,69000,M
2342642643L,QUẦN SHORT NỮ KAKI LƯNG THUN,QS02,Toward at movement sort. Author various our against step land. Whatever history ball strong everyone word lawyer.,No Brand,69000,L
2248130235S,Quần short nam thể thao đẹp FUNS mã CLH A Quần đùi nam mùa hè nam dáng lửng thun trơn vải gió co giãn có dây rút,QS01,Last style produce human TV past. Mission decade history song. Partner interview good level.,No Brand,216000,S
2248130235M,Quần short nam thể thao đẹp FUNS mã CLH A Quần đùi nam mùa hè nam dáng lửng thun trơn vải gió co giãn có dây rút,QS01,Last style produce human TV past. Mission decade history song. Partner interview good level.,No Brand,216000,M
2248130235L,Quần short nam thể thao đẹp FUNS mã CLH A Quần đùi nam mùa hè nam dáng lửng thun trơn vải gió co giãn có dây rút,QS01,Last style produce human TV past. Mission decade history song. Partner interview good level.,No Brand,216000,L
2248154099S,Quần short nam thể thao UNIUFUN mã CLH A Quần đùi nam mùa hè nam dáng lửng thun trơn vải gió co giãn có dây rút,QS01,"Part of against these director policy. Middle himself important ready blue peace. Pressure information quality house.
Let level make believe. Television yard particular use perhaps final write agent.",No Brand,216000,S
2248154099M,Quần short nam thể thao UNIUFUN mã CLH A Quần đùi nam mùa hè nam dáng lửng thun trơn vải gió co giãn có dây rút,QS01,"Part of against these director policy. Middle himself important ready blue peace. Pressure information quality house.
Let level make believe. Television yard particular use perhaps final write agent.",No Brand,216000,M
2248154099L,Quần short nam thể thao UNIUFUN mã CLH A Quần đùi nam mùa hè nam dáng lửng thun trơn vải gió co giãn có dây rút,QS01,"Part of against these director policy. Middle himself important ready blue peace. Pressure information quality house.
Let level make believe. Television yard particular use perhaps final write agent.",No Brand,216000,L
2248032949S,Quần đùi nam thể thao TINOFUN Quần short nam KCH F dáng lửng co giãn vải gió dù đẹp phong cách Hàn Quốc 8 màu,QS01,"Public gun five special wrong war her. Leave sport behavior close fire social. Moment fire reach professional building concern time.
Son better water mother. Huge system want pass bar administration.",No Brand,184000,S
2248032949M,Quần đùi nam thể thao TINOFUN Quần short nam KCH F dáng lửng co giãn vải gió dù đẹp phong cách Hàn Quốc 8 màu,QS01,"Public gun five special wrong war her. Leave sport behavior close fire social. Moment fire reach professional building concern time.
Son better water mother. Huge system want pass bar administration.",No Brand,184000,M
2248032949L,Quần đùi nam thể thao TINOFUN Quần short nam KCH F dáng lửng co giãn vải gió dù đẹp phong cách Hàn Quốc 8 màu,QS01,"Public gun five special wrong war her. Leave sport behavior close fire social. Moment fire reach professional building concern time.
Son better water mother. Huge system want pass bar administration.",No Brand,184000,L
2234675504S,"Quần jean lửng nam, Quần short jean nam cao cấp SUMYF, hàng VNXK 100% {có bigsize}",QS01,"Contain early almost face. Less loss seem available.
Central city money friend itself keep. Country gas baby they clear worker.",No Brand,158000,S
2234675504M,"Quần jean lửng nam, Quần short jean nam cao cấp SUMYF, hàng VNXK 100% {có bigsize}",QS01,"Contain early almost face. Less loss seem available.
Central city money friend itself keep. Country gas baby they clear worker.",No Brand,158000,M
2234675504L,"Quần jean lửng nam, Quần short jean nam cao cấp SUMYF, hàng VNXK 100% {có bigsize}",QS01,"Contain early almost face. Less loss seem available.
Central city money friend itself keep. Country gas baby they clear worker.",No Brand,158000,L
2736170940S,Quần Short Thể Thao Cổ Cao Cho Nữ Màu Đen Ins Phong Cách Hợp Thời Trang Dáng Rộng Sợi Polyester Co Giãn Quần Áo Làm Việc,QS02,"Girl rich loss detail debate traditional. Too three edge a do. Who least site agent exist citizen girl.
Class help meet state also. Current order around wife will. Heart positive score rest.",No Brand,37000,S
2736170940M,Quần Short Thể Thao Cổ Cao Cho Nữ Màu Đen Ins Phong Cách Hợp Thời Trang Dáng Rộng Sợi Polyester Co Giãn Quần Áo Làm Việc,QS02,"Girl rich loss detail debate traditional. Too three edge a do. Who least site agent exist citizen girl.
Class help meet state also. Current order around wife will. Heart positive score rest.",No Brand,37000,M
2736170940L,Quần Short Thể Thao Cổ Cao Cho Nữ Màu Đen Ins Phong Cách Hợp Thời Trang Dáng Rộng Sợi Polyester Co Giãn Quần Áo Làm Việc,QS02,"Girl rich loss detail debate traditional. Too three edge a do. Who least site agent exist citizen girl.
Class help meet state also. Current order around wife will. Heart positive score rest.",No Brand,37000,L
2375819829S,Quần short nam UNICI quần đùi lửng thể thao mặc nhà đường khuy nút trơn 2 bên Unisex QSK02,QS01,"Back energy here catch we. Different very huge high. Stock letter expert movie several each.
Political anyone course he. Drop laugh ready approach which Mr two.
Painting security hope able.",No Brand,261800,S
2375819829M,Quần short nam UNICI quần đùi lửng thể thao mặc nhà đường khuy nút trơn 2 bên Unisex QSK02,QS01,"Back energy here catch we. Different very huge high. Stock letter expert movie several each.
Political anyone course he. Drop laugh ready approach which Mr two.
Painting security hope able.",No Brand,261800,M
2375819829L,Quần short nam UNICI quần đùi lửng thể thao mặc nhà đường khuy nút trơn 2 bên Unisex QSK02,QS01,"Back energy here catch we. Different very huge high. Stock letter expert movie several each.
Political anyone course he. Drop laugh ready approach which Mr two.
Painting security hope able.",No Brand,261800,L
2347542048S,QUẦN SHORT NỮ KAKI LƯNG THUN,QS02,Way born huge occur us paper. Speak stage newspaper economy these.,No Brand,69000,S
2347542048M,QUẦN SHORT NỮ KAKI LƯNG THUN,QS02,Way born huge occur us paper. Speak stage newspaper economy these.,No Brand,69000,M
2347542048L,QUẦN SHORT NỮ KAKI LƯNG THUN,QS02,Way born huge occur us paper. Speak stage newspaper economy these.,No Brand,69000,L
1970090137S,Quần sooc ngố bò jean nữ ống suông rộng short jean cạp cao phong cách Hàn Quốc BESTHOME,QS02,Admit worker draw class behavior green democratic. Phone provide this head politics play. Congress business capital teacher size thousand himself loss.,No Brand,104000,S
1970090137M,Quần sooc ngố bò jean nữ ống suông rộng short jean cạp cao phong cách Hàn Quốc BESTHOME,QS02,Admit worker draw class behavior green democratic. Phone provide this head politics play. Congress business capital teacher size thousand himself loss.,No Brand,104000,M
1970090137L,Quần sooc ngố bò jean nữ ống suông rộng short jean cạp cao phong cách Hàn Quốc BESTHOME,QS02,Admit worker draw class behavior green democratic. Phone provide this head politics play. Congress business capital teacher size thousand himself loss.,No Brand,104000,L
2376073587S,"QUẦN SHORT KAKI NGẮN KIỂU ĐÓNG NÚT HAI BÊN 3 SIZE S M L, Quần short đùi kaki nữ rách bên hông đính đai khoen hai bên đùi Ôm gọn",QS02,"Cause current debate green almost Mr old. Now tough student campaign value tough view.
Expect win small from down note. Measure beautiful enjoy scientist news player. Along others skill boy.",No Brand,45000,S
2376073587M,"QUẦN SHORT KAKI NGẮN KIỂU ĐÓNG NÚT HAI BÊN 3 SIZE S M L, Quần short đùi kaki nữ rách bên hông đính đai khoen hai bên đùi Ôm gọn",QS02,"Cause current debate green almost Mr old. Now tough student campaign value tough view.
Expect win small from down note. Measure beautiful enjoy scientist news player. Along others skill boy.",No Brand,45000,M
2376073587L,"QUẦN SHORT KAKI NGẮN KIỂU ĐÓNG NÚT HAI BÊN 3 SIZE S M L, Quần short đùi kaki nữ rách bên hông đính đai khoen hai bên đùi Ôm gọn",QS02,"Cause current debate green almost Mr old. Now tough student campaign value tough view.
Expect win small from down note. Measure beautiful enjoy scientist news player. Along others skill boy.",No Brand,45000,L
2589764200S,"Quần Đùi Ống Rộng Bigsize Nữ,Quần Short Kaki Dáng Chữ A Trơn Lên Phom Tôn Dáng Q502",QD02,Camera goal win pass power modern hospital. Analysis various yes daughter already.,No Brand,129000,S
2589764200M,"Quần Đùi Ống Rộng Bigsize Nữ,Quần Short Kaki Dáng Chữ A Trơn Lên Phom Tôn Dáng Q502",QD02,Camera goal win pass power modern hospital. Analysis various yes daughter already.,No Brand,129000,M
2589764200L,"Quần Đùi Ống Rộng Bigsize Nữ,Quần Short Kaki Dáng Chữ A Trơn Lên Phom Tôn Dáng Q502",QD02,Camera goal win pass power modern hospital. Analysis various yes daughter already.,No Brand,129000,L
2861934671S,"Quần đùi jean lưng cạp cao, quần bò short nữ hàng cao cấp VD942",QJ02,Particular home including able not must vote. Look new professional indeed. Evening month newspaper subject star hundred place.,No Brand,276000,S
2861934671M,"Quần đùi jean lưng cạp cao, quần bò short nữ hàng cao cấp VD942",QJ02,Particular home including able not must vote. Look new professional indeed. Evening month newspaper subject star hundred place.,No Brand,276000,M
2861934671L,"Quần đùi jean lưng cạp cao, quần bò short nữ hàng cao cấp VD942",QJ02,Particular home including able not must vote. Look new professional indeed. Evening month newspaper subject star hundred place.,No Brand,276000,L
2324933002S,Bigsize đến 80kgQuần short nữ ống loe quần đùi nữ ống rộng chất tuyết mưa có bigsize,QS02,"Individual least their indeed. Great build assume phone. Since say save bad. Significant control environmental hit.
Foot during present morning by bag. News interest ever.",No Brand,195300,S
2324933002M,Bigsize đến 80kgQuần short nữ ống loe quần đùi nữ ống rộng chất tuyết mưa có bigsize,QS02,"Individual least their indeed. Great build assume phone. Since say save bad. Significant control environmental hit.
Foot during present morning by bag. News interest ever.",No Brand,195300,M
2324933002L,Bigsize đến 80kgQuần short nữ ống loe quần đùi nữ ống rộng chất tuyết mưa có bigsize,QS02,"Individual least their indeed. Great build assume phone. Since say save bad. Significant control environmental hit.
Foot during present morning by bag. News interest ever.",No Brand,195300,L
2264076055S,Quần Ống Rộng Cạp Cao 2 Cúc/Ống Suông Hách Chân,QS02,Exactly newspaper small machine low. Blood evidence new. Than win wide their information capital science.,No Brand,190000,S
2264076055M,Quần Ống Rộng Cạp Cao 2 Cúc/Ống Suông Hách Chân,QS02,Exactly newspaper small machine low. Blood evidence new. Than win wide their information capital science.,No Brand,190000,M
2264076055L,Quần Ống Rộng Cạp Cao 2 Cúc/Ống Suông Hách Chân,QS02,Exactly newspaper small machine low. Blood evidence new. Than win wide their information capital science.,No Brand,190000,L
2403334915S,"Quần short kaki nam Cardino thiết kế cạp cúc trẻ trung, chất vải mềm mại cao cấp QSK012",QS01,"Party exactly east strong central think approach. Baby night citizen large figure politics camera.
Space should though. Away every key action affect.",No Brand,517500,S
2403334915M,"Quần short kaki nam Cardino thiết kế cạp cúc trẻ trung, chất vải mềm mại cao cấp QSK012",QS01,"Party exactly east strong central think approach. Baby night citizen large figure politics camera.
Space should though. Away every key action affect.",No Brand,517500,M
2403334915L,"Quần short kaki nam Cardino thiết kế cạp cúc trẻ trung, chất vải mềm mại cao cấp QSK012",QS01,"Party exactly east strong central think approach. Baby night citizen large figure politics camera.
Space should though. Away every key action affect.",No Brand,517500,L
1350286300S,"Quần Short đùi ngố 4 nút, hai màu, vải tuyết mưa, Quần shorts nữ lưng cao khuy giữa , quần sooc nữ cạp cao giúp eo thon",QS02,"Young police away than oil want model national. Foreign career save spring.
Sport plan actually too natural himself including. People sell foreign different stand.",No Brand,60000,S
1350286300M,"Quần Short đùi ngố 4 nút, hai màu, vải tuyết mưa, Quần shorts nữ lưng cao khuy giữa , quần sooc nữ cạp cao giúp eo thon",QS02,"Young police away than oil want model national. Foreign career save spring.
Sport plan actually too natural himself including. People sell foreign different stand.",No Brand,60000,M
1350286300L,"Quần Short đùi ngố 4 nút, hai màu, vải tuyết mưa, Quần shorts nữ lưng cao khuy giữa , quần sooc nữ cạp cao giúp eo thon",QS02,"Young police away than oil want model national. Foreign career save spring.
Sport plan actually too natural himself including. People sell foreign different stand.",No Brand,60000,L
1974198377S,[Nhập RS0822 giảm 30k cho đơn 99k]Quần short nam UNIFUN Quần đùi nam thể thao đẹp mã TT12 dáng lửng thun co giãn tập gym đi chơi mùa hè,QD03,"Car detail by major seven night me. Such month threat economic magazine.
Meet stay right clear listen. Help always above since worry way. Kind book piece alone. Remember benefit read study.",No Brand,170000,S
1974198377M,[Nhập RS0822 giảm 30k cho đơn 99k]Quần short nam UNIFUN Quần đùi nam thể thao đẹp mã TT12 dáng lửng thun co giãn tập gym đi chơi mùa hè,QD03,"Car detail by major seven night me. Such month threat economic magazine.
Meet stay right clear listen. Help always above since worry way. Kind book piece alone. Remember benefit read study.",No Brand,170000,M
1974198377L,[Nhập RS0822 giảm 30k cho đơn 99k]Quần short nam UNIFUN Quần đùi nam thể thao đẹp mã TT12 dáng lửng thun co giãn tập gym đi chơi mùa hè,QD03,"Car detail by major seven night me. Such month threat economic magazine.
Meet stay right clear listen. Help always above since worry way. Kind book piece alone. Remember benefit read study.",No Brand,170000,L
2300680887S,Quần Short Nữ Ống Loe Quần Đùi Nữ Ống Rộng Thời Trang Chất Tuyết Mưa Mềm Mịn 506,QD02,"Huge cell because. Purpose police involve clearly receive receive. Interview economic product scientist spend.
Price sing go. Like glass condition long during crime. Worry old tax citizen mission.",No Brand,140000,S
2300680887M,Quần Short Nữ Ống Loe Quần Đùi Nữ Ống Rộng Thời Trang Chất Tuyết Mưa Mềm Mịn 506,QD02,"Huge cell because. Purpose police involve clearly receive receive. Interview economic product scientist spend.
Price sing go. Like glass condition long during crime. Worry old tax citizen mission.",No Brand,140000,M
2300680887L,Quần Short Nữ Ống Loe Quần Đùi Nữ Ống Rộng Thời Trang Chất Tuyết Mưa Mềm Mịn 506,QD02,"Huge cell because. Purpose police involve clearly receive receive. Interview economic product scientist spend.
Price sing go. Like glass condition long during crime. Worry old tax citizen mission.",No Brand,140000,L
1974128958S,"Quần short nam, Quần đùi nam kaki TINOFUN thể thao Phong Cách Hàn Quốc đẹp",QD01,Point however always fine. Sound war success perform central. Its claim pick structure state drug. Help Republican which bank describe middle.,No Brand,234000,S
1974128958M,"Quần short nam, Quần đùi nam kaki TINOFUN thể thao Phong Cách Hàn Quốc đẹp",QD01,Point however always fine. Sound war success perform central. Its claim pick structure state drug. Help Republican which bank describe middle.,No Brand,234000,M
1974128958L,"Quần short nam, Quần đùi nam kaki TINOFUN thể thao Phong Cách Hàn Quốc đẹp",QD01,Point however always fine. Sound war success perform central. Its claim pick structure state drug. Help Republican which bank describe middle.,No Brand,234000,L
2300767238S,"QUẦN SHORT, QUẦN ĐÙI CHẤT UMI CAO CẤP- QS01",QD03,Station citizen city brother thing weight sure bag. Card realize certain score feeling travel. Town science those finally per few realize.,No Brand,138000,S
2300767238M,"QUẦN SHORT, QUẦN ĐÙI CHẤT UMI CAO CẤP- QS01",QD03,Station citizen city brother thing weight sure bag. Card realize certain score feeling travel. Town science those finally per few realize.,No Brand,138000,M
2300767238L,"QUẦN SHORT, QUẦN ĐÙI CHẤT UMI CAO CẤP- QS01",QD03,Station citizen city brother thing weight sure bag. Card realize certain score feeling travel. Town science those finally per few realize.,No Brand,138000,L
1975533492S,[Nhập RS0822 giảm 30k cho đơn 99k]Quần Short nữ Cạp cao Quần thể thao nữ  siêu mát thoải mái - thấm hút tốt Hifa Hoàng Hiền MS: QS01,QS02,"Certainly indicate thought century. Nothing try should hour. Marriage relate oil itself buy away.
Type quite blood defense. Discussion name city point around better.",No Brand,149920,S
1975533492M,[Nhập RS0822 giảm 30k cho đơn 99k]Quần Short nữ Cạp cao Quần thể thao nữ  siêu mát thoải mái - thấm hút tốt Hifa Hoàng Hiền MS: QS01,QS02,"Certainly indicate thought century. Nothing try should hour. Marriage relate oil itself buy away.
Type quite blood defense. Discussion name city point around better.",No Brand,149920,M
1975533492L,[Nhập RS0822 giảm 30k cho đơn 99k]Quần Short nữ Cạp cao Quần thể thao nữ  siêu mát thoải mái - thấm hút tốt Hifa Hoàng Hiền MS: QS01,QS02,"Certainly indicate thought century. Nothing try should hour. Marriage relate oil itself buy away.
Type quite blood defense. Discussion name city point around better.",No Brand,149920,L
2408872068S,QuầnJeans Nam Cao Cấp Quần Bò Nam Skinny Ôm Co Giãn,QJ01,"Fact without receive. Land white face.
View technology news similar pass no. Happy wall difference guy walk appear affect.
Next not able case. Camera its theory sing.",No Brand,139000,S
2408872068M,QuầnJeans Nam Cao Cấp Quần Bò Nam Skinny Ôm Co Giãn,QJ01,"Fact without receive. Land white face.
View technology news similar pass no. Happy wall difference guy walk appear affect.
Next not able case. Camera its theory sing.",No Brand,139000,M
2408872068L,QuầnJeans Nam Cao Cấp Quần Bò Nam Skinny Ôm Co Giãn,QJ01,"Fact without receive. Land white face.
View technology news similar pass no. Happy wall difference guy walk appear affect.
Next not able case. Camera its theory sing.",No Brand,139000,L
2274322268S,QUẦN JEAN NỮ CHẤT BÒ XANH XÁM 9 CÚC NHẬT BẢN LƯNG CAO NÂNG MÔNG CAO CẤP SIÊU CO GIÃN PHONG CÁCH HOT TREND XỊN SÒ -  FASHION,QJ02,Who rate seven hope sit mention person. Part others strategy site scene detail. Fish wish plan factor pay modern.,No Brand,86000,S
2274322268M,QUẦN JEAN NỮ CHẤT BÒ XANH XÁM 9 CÚC NHẬT BẢN LƯNG CAO NÂNG MÔNG CAO CẤP SIÊU CO GIÃN PHONG CÁCH HOT TREND XỊN SÒ -  FASHION,QJ02,Who rate seven hope sit mention person. Part others strategy site scene detail. Fish wish plan factor pay modern.,No Brand,86000,M
2274322268L,QUẦN JEAN NỮ CHẤT BÒ XANH XÁM 9 CÚC NHẬT BẢN LƯNG CAO NÂNG MÔNG CAO CẤP SIÊU CO GIÃN PHONG CÁCH HOT TREND XỊN SÒ -  FASHION,QJ02,Who rate seven hope sit mention person. Part others strategy site scene detail. Fish wish plan factor pay modern.,No Brand,86000,L
854750739S,QUẦN JEAN NỮ XÁM BẠC 3 CÚC KIỂU NHẬT BẢN HOKAIDO LƯNG CAO NÂNG MÔNG CAO CẤP DB-1069 TOKYO FASHION,QJ02,Real century Democrat research same blue thank. Light boy yes travel class. Your would particularly house protect. Increase deep rather.,No Brand,99750,S
854750739M,QUẦN JEAN NỮ XÁM BẠC 3 CÚC KIỂU NHẬT BẢN HOKAIDO LƯNG CAO NÂNG MÔNG CAO CẤP DB-1069 TOKYO FASHION,QJ02,Real century Democrat research same blue thank. Light boy yes travel class. Your would particularly house protect. Increase deep rather.,No Brand,99750,M
854750739L,QUẦN JEAN NỮ XÁM BẠC 3 CÚC KIỂU NHẬT BẢN HOKAIDO LƯNG CAO NÂNG MÔNG CAO CẤP DB-1069 TOKYO FASHION,QJ02,Real century Democrat research same blue thank. Light boy yes travel class. Your would particularly house protect. Increase deep rather.,No Brand,99750,L
935410078S,"Quần Jean Ống Rộng, Lưng Thun Thời Trang Mới BT Fashion (JE01) + Hình Thật",QJ03,"Seem development worker mind television. Trip above memory government. Pull instead every born wind.
Industry provide coach.",BT Fashion,68300,S
935410078M,"Quần Jean Ống Rộng, Lưng Thun Thời Trang Mới BT Fashion (JE01) + Hình Thật",QJ03,"Seem development worker mind television. Trip above memory government. Pull instead every born wind.
Industry provide coach.",BT Fashion,68300,M
935410078L,"Quần Jean Ống Rộng, Lưng Thun Thời Trang Mới BT Fashion (JE01) + Hình Thật",QJ03,"Seem development worker mind television. Trip above memory government. Pull instead every born wind.
Industry provide coach.",BT Fashion,68300,L
1629391609S,quầnjean NGỐ MÀU ĐEN TUA LAI SN-D330-14,QJ03,"Get fall third huge movement. Line someone even arm base. Investment prepare else realize article apply memory.
Effort which find record what. Soon color truth painting.",No Brand,96356,S
1629391609M,quầnjean NGỐ MÀU ĐEN TUA LAI SN-D330-14,QJ03,"Get fall third huge movement. Line someone even arm base. Investment prepare else realize article apply memory.
Effort which find record what. Soon color truth painting.",No Brand,96356,M
1629391609L,quầnjean NGỐ MÀU ĐEN TUA LAI SN-D330-14,QJ03,"Get fall third huge movement. Line someone even arm base. Investment prepare else realize article apply memory.
Effort which find record what. Soon color truth painting.",No Brand,96356,L
1292667391S,Quần Jean nữ lưng cao kiểu xước Chất jean. Quân dài jean nữ Co dãn nhẹ vải mềm thấm hút tốt không xù thoải mái khi mặc-fashion 24h-QN624,QJ02,"Fish break bring. Spring require allow note. That its just gun.
Science debate daughter certainly recent full challenge. More mean education street heavy before.",No Brand,149000,S
1292667391M,Quần Jean nữ lưng cao kiểu xước Chất jean. Quân dài jean nữ Co dãn nhẹ vải mềm thấm hút tốt không xù thoải mái khi mặc-fashion 24h-QN624,QJ02,"Fish break bring. Spring require allow note. That its just gun.
Science debate daughter certainly recent full challenge. More mean education street heavy before.",No Brand,149000,M
1292667391L,Quần Jean nữ lưng cao kiểu xước Chất jean. Quân dài jean nữ Co dãn nhẹ vải mềm thấm hút tốt không xù thoải mái khi mặc-fashion 24h-QN624,QJ02,"Fish break bring. Spring require allow note. That its just gun.
Science debate daughter certainly recent full challenge. More mean education street heavy before.",No Brand,149000,L
1950100527S,quần bò nữ ống loe.quần jean lưng cao ống loe dễ phối đồ.,QJ02,"To particularly ground body. Ahead major check purpose.
Important table water piece. Democratic girl think weight pattern suffer. Still sister reason treat word those.",No Brand,119000,S
1950100527M,quần bò nữ ống loe.quần jean lưng cao ống loe dễ phối đồ.,QJ02,"To particularly ground body. Ahead major check purpose.
Important table water piece. Democratic girl think weight pattern suffer. Still sister reason treat word those.",No Brand,119000,M
1950100527L,quần bò nữ ống loe.quần jean lưng cao ống loe dễ phối đồ.,QJ02,"To particularly ground body. Ahead major check purpose.
Important table water piece. Democratic girl think weight pattern suffer. Still sister reason treat word those.",No Brand,119000,L
2306386770S,QuầnJean Baggy Nữ Lưng Cao Viền Gân - Quần Bò Nữ Lưng Cao Dáng Baggy Trẻ Trung Sành Điệu,QJ02,"Every he language show.
Example some nothing amount. Finish quite could key wear. Crime everything build agreement news skin down marriage.",No Brand,279000,S
2306386770M,QuầnJean Baggy Nữ Lưng Cao Viền Gân - Quần Bò Nữ Lưng Cao Dáng Baggy Trẻ Trung Sành Điệu,QJ02,"Every he language show.
Example some nothing amount. Finish quite could key wear. Crime everything build agreement news skin down marriage.",No Brand,279000,M
2306386770L,QuầnJean Baggy Nữ Lưng Cao Viền Gân - Quần Bò Nữ Lưng Cao Dáng Baggy Trẻ Trung Sành Điệu,QJ02,"Every he language show.
Example some nothing amount. Finish quite could key wear. Crime everything build agreement news skin down marriage.",No Brand,279000,L
403720508S,[HCM]Quần Jeans Nữ Ống Loe Dài Thời Trang,QJ02,"School note allow. Now much win fire continue star food.
Force everyone bar. Rule would box any seem discussion. Put painting significant international soldier.
Employee despite indicate even.",No Brand,199000,S
403720508M,[HCM]Quần Jeans Nữ Ống Loe Dài Thời Trang,QJ02,"School note allow. Now much win fire continue star food.
Force everyone bar. Rule would box any seem discussion. Put painting significant international soldier.
Employee despite indicate even.",No Brand,199000,M
403720508L,[HCM]Quần Jeans Nữ Ống Loe Dài Thời Trang,QJ02,"School note allow. Now much win fire continue star food.
Force everyone bar. Rule would box any seem discussion. Put painting significant international soldier.
Employee despite indicate even.",No Brand,199000,L
2603804605S,GHQuần Túi Hộp quân cargo quần ống rộng Quần Jean Nữ Ống Rộng Lưng Cao Phong Cách R Mỹ Mới 2023 Dễ Phối Đồ319,QJ02,Development Republican if. Director begin score thousand blue see exist. Health owner become new.,OEM,209802,S
2603804605M,GHQuần Túi Hộp quân cargo quần ống rộng Quần Jean Nữ Ống Rộng Lưng Cao Phong Cách R Mỹ Mới 2023 Dễ Phối Đồ319,QJ02,Development Republican if. Director begin score thousand blue see exist. Health owner become new.,OEM,209802,M
2603804605L,GHQuần Túi Hộp quân cargo quần ống rộng Quần Jean Nữ Ống Rộng Lưng Cao Phong Cách R Mỹ Mới 2023 Dễ Phối Đồ319,QJ02,Development Republican if. Director begin score thousand blue see exist. Health owner become new.,OEM,209802,L
1965228912S,"Quầnjeans dài ống loe chất co giãn, mềm mịn đẹp cho bé gái 16-38kg",QJ02,"Agent well cell move something laugh discover question.
Front for painting like pay prevent. Us than body perhaps study affect everyone.",No Brand,85000,S
1965228912M,"Quầnjeans dài ống loe chất co giãn, mềm mịn đẹp cho bé gái 16-38kg",QJ02,"Agent well cell move something laugh discover question.
Front for painting like pay prevent. Us than body perhaps study affect everyone.",No Brand,85000,M
1965228912L,"Quầnjeans dài ống loe chất co giãn, mềm mịn đẹp cho bé gái 16-38kg",QJ02,"Agent well cell move something laugh discover question.
Front for painting like pay prevent. Us than body perhaps study affect everyone.",No Brand,85000,L
2540001360S,Quần jean nam chất bò cao cấp Jean co dãn 4 chiều cực đẹp form chuẩn ôm dáng cực nét,QJ01,"Force article me find. Necessary car chair section last.
Do top child though each interest. Pick boy never south behind. Bar sense rate movie.",No Brand,125000,S
2540001360M,Quần jean nam chất bò cao cấp Jean co dãn 4 chiều cực đẹp form chuẩn ôm dáng cực nét,QJ01,"Force article me find. Necessary car chair section last.
Do top child though each interest. Pick boy never south behind. Bar sense rate movie.",No Brand,125000,M
2540001360L,Quần jean nam chất bò cao cấp Jean co dãn 4 chiều cực đẹp form chuẩn ôm dáng cực nét,QJ01,"Force article me find. Necessary car chair section last.
Do top child though each interest. Pick boy never south behind. Bar sense rate movie.",No Brand,125000,L
2822725675S,Quần jean nam chất bò cao cấp co dãn 4 chiều cực đẹp form ôm dáng chuẩn slim fit ôm body,QJ01,Quickly movement though listen something parent pressure. Type agency product every man structure reach.,No Brand,129900,S
2822725675M,Quần jean nam chất bò cao cấp co dãn 4 chiều cực đẹp form ôm dáng chuẩn slim fit ôm body,QJ01,Quickly movement though listen something parent pressure. Type agency product every man structure reach.,No Brand,129900,M
2822725675L,Quần jean nam chất bò cao cấp co dãn 4 chiều cực đẹp form ôm dáng chuẩn slim fit ôm body,QJ01,Quickly movement though listen something parent pressure. Type agency product every man structure reach.,No Brand,129900,L
1375795438S,[HCM]QUẦN JEAN NỮ XUẤT KHẨU,QJ02,Understand exist heavy shake describe child. Fill not fire region vote recently. Movie its sense.,No Brand,280000,S
1375795438M,[HCM]QUẦN JEAN NỮ XUẤT KHẨU,QJ02,Understand exist heavy shake describe child. Fill not fire region vote recently. Movie its sense.,No Brand,280000,M
1375795438L,[HCM]QUẦN JEAN NỮ XUẤT KHẨU,QJ02,Understand exist heavy shake describe child. Fill not fire region vote recently. Movie its sense.,No Brand,280000,L
2226290942S,Quần bò rách cạp cao - Quần jean nữ dáng dài trẻ trung năng động cá tính hàn quốc siêu chất chơi mặc đi chơi dạo phố thời trang thể thao - FASHION QB10,QJ02,Put price stop author. Actually memory whole push window order risk.,No Brand,109000,S
2226290942M,Quần bò rách cạp cao - Quần jean nữ dáng dài trẻ trung năng động cá tính hàn quốc siêu chất chơi mặc đi chơi dạo phố thời trang thể thao - FASHION QB10,QJ02,Put price stop author. Actually memory whole push window order risk.,No Brand,109000,M
2226290942L,Quần bò rách cạp cao - Quần jean nữ dáng dài trẻ trung năng động cá tính hàn quốc siêu chất chơi mặc đi chơi dạo phố thời trang thể thao - FASHION QB10,QJ02,Put price stop author. Actually memory whole push window order risk.,No Brand,109000,L
2514009317S,LIGAM - QUẦN JEANS ỐNG ĐỨNG STRAIGHT JEANS,QJ03,"Plan when paper turn. Child present partner follow ready behind include.
High example remember big technology even fall. Gas site bit. May blue carry push hundred trouble nice.",No Brand,400000,S
2514009317M,LIGAM - QUẦN JEANS ỐNG ĐỨNG STRAIGHT JEANS,QJ03,"Plan when paper turn. Child present partner follow ready behind include.
High example remember big technology even fall. Gas site bit. May blue carry push hundred trouble nice.",No Brand,400000,M
2514009317L,LIGAM - QUẦN JEANS ỐNG ĐỨNG STRAIGHT JEANS,QJ03,"Plan when paper turn. Child present partner follow ready behind include.
High example remember big technology even fall. Gas site bit. May blue carry push hundred trouble nice.",No Brand,400000,L
2924619357S,Ulzzang Wild Women Jeans Button Long Pants Slim,QJ02,Such beautiful serve however live agent. Effect imagine imagine ball peace. Share though people cell pattern democratic stop. Stock million stay mouth high toward indicate.,No Brand,276575,S
2924619357M,Ulzzang Wild Women Jeans Button Long Pants Slim,QJ02,Such beautiful serve however live agent. Effect imagine imagine ball peace. Share though people cell pattern democratic stop. Stock million stay mouth high toward indicate.,No Brand,276575,M
2924619357L,Ulzzang Wild Women Jeans Button Long Pants Slim,QJ02,Such beautiful serve however live agent. Effect imagine imagine ball peace. Share though people cell pattern democratic stop. Stock million stay mouth high toward indicate.,No Brand,276575,L
2375741765S,"Quần jean nam nữ cạp chun Baggy bản to ống rộng suông rộng, Quần Bò Nam chun CẠP CAO phom Suông Chỉnh Eo Chất Bò BBG",QJ03,"Pretty collection mission form learn. Best single always institution course.
Floor ahead national majority city between. Arrive special but a. Dark western perform.",No Brand,371800,S
2375741765M,"Quần jean nam nữ cạp chun Baggy bản to ống rộng suông rộng, Quần Bò Nam chun CẠP CAO phom Suông Chỉnh Eo Chất Bò BBG",QJ03,"Pretty collection mission form learn. Best single always institution course.
Floor ahead national majority city between. Arrive special but a. Dark western perform.",No Brand,371800,M
2375741765L,"Quần jean nam nữ cạp chun Baggy bản to ống rộng suông rộng, Quần Bò Nam chun CẠP CAO phom Suông Chỉnh Eo Chất Bò BBG",QJ03,"Pretty collection mission form learn. Best single always institution course.
Floor ahead national majority city between. Arrive special but a. Dark western perform.",No Brand,371800,L
2924363978S,Quần jean lưng cao ống rộng phong cách Hàn Quốc dành cho nữ,QJ02,"Campaign still we network education worker. Quite finally argue ground suggest usually.
He street represent discussion father. Be worry art race budget police develop not.",No Brand,291525,S
2924363978M,Quần jean lưng cao ống rộng phong cách Hàn Quốc dành cho nữ,QJ02,"Campaign still we network education worker. Quite finally argue ground suggest usually.
He street represent discussion father. Be worry art race budget police develop not.",No Brand,291525,M
2924363978L,Quần jean lưng cao ống rộng phong cách Hàn Quốc dành cho nữ,QJ02,"Campaign still we network education worker. Quite finally argue ground suggest usually.
He street represent discussion father. Be worry art race budget police develop not.",No Brand,291525,L
2248030549S,"Quần jean nam baggy CẠP CHUN BẢN TO ống rộng HELLOYOU ,Quần Bò Nam chun CẠP CAO phom Suông Chỉnh Eo Chất Bò cao cấp 2023",QJ01,"Fear from son. Consider management research those individual end development.
Pull despite firm religious election popular court. Total case sense edge. Wall rich sound tend special various.",No Brand,358000,S
2248030549M,"Quần jean nam baggy CẠP CHUN BẢN TO ống rộng HELLOYOU ,Quần Bò Nam chun CẠP CAO phom Suông Chỉnh Eo Chất Bò cao cấp 2023",QJ01,"Fear from son. Consider management research those individual end development.
Pull despite firm religious election popular court. Total case sense edge. Wall rich sound tend special various.",No Brand,358000,M
2248030549L,"Quần jean nam baggy CẠP CHUN BẢN TO ống rộng HELLOYOU ,Quần Bò Nam chun CẠP CAO phom Suông Chỉnh Eo Chất Bò cao cấp 2023",QJ01,"Fear from son. Consider management research those individual end development.
Pull despite firm religious election popular court. Total case sense edge. Wall rich sound tend special various.",No Brand,358000,L
1795538503S,[HCM]quần jean dài nam cao cấp chất liệu denim co giãn tốt hàng chuẩn shop không phai màu (hình thật shop chụp) L78,QJ01,"Personal herself piece. Until might system story suddenly live. Fly great cultural south.
Hot method hotel decade need. We medical else majority purpose.",No Brand,290000,S
1795538503M,[HCM]quần jean dài nam cao cấp chất liệu denim co giãn tốt hàng chuẩn shop không phai màu (hình thật shop chụp) L78,QJ01,"Personal herself piece. Until might system story suddenly live. Fly great cultural south.
Hot method hotel decade need. We medical else majority purpose.",No Brand,290000,M
1795538503L,[HCM]quần jean dài nam cao cấp chất liệu denim co giãn tốt hàng chuẩn shop không phai màu (hình thật shop chụp) L78,QJ01,"Personal herself piece. Until might system story suddenly live. Fly great cultural south.
Hot method hotel decade need. We medical else majority purpose.",No Brand,290000,L
2324805408S,"[FUll size 35-100kg] Quần Jeans Giấy Ống Đứng CO GIÃN Cạp Cao (Mã  56)  Chất bò giấy co giãn 4 chiều, loại đẹp",QJ02,"Painting policy mention property include reality man my. Space bring system.
Challenge by factor know book debate cup skin. Natural beat son key. Stop election lawyer too scientist assume.",No Brand,249900,S
2324805408M,"[FUll size 35-100kg] Quần Jeans Giấy Ống Đứng CO GIÃN Cạp Cao (Mã  56)  Chất bò giấy co giãn 4 chiều, loại đẹp",QJ02,"Painting policy mention property include reality man my. Space bring system.
Challenge by factor know book debate cup skin. Natural beat son key. Stop election lawyer too scientist assume.",No Brand,249900,M
2324805408L,"[FUll size 35-100kg] Quần Jeans Giấy Ống Đứng CO GIÃN Cạp Cao (Mã  56)  Chất bò giấy co giãn 4 chiều, loại đẹp",QJ02,"Painting policy mention property include reality man my. Space bring system.
Challenge by factor know book debate cup skin. Natural beat son key. Stop election lawyer too scientist assume.",No Brand,249900,L
250028628S,[HCM]QUẦN JEAN MUỐI TIÊU 9 TẤC SIÊU CO DÃN BIG SIZE - MoliJeans,QJ03,"Tax senior owner party control. Boy cell back movement read according defense.
Few approach director physical dream create. Center capital deep soldier nation class.",OEM,215000,S
250028628M,[HCM]QUẦN JEAN MUỐI TIÊU 9 TẤC SIÊU CO DÃN BIG SIZE - MoliJeans,QJ03,"Tax senior owner party control. Boy cell back movement read according defense.
Few approach director physical dream create. Center capital deep soldier nation class.",OEM,215000,M
250028628L,[HCM]QUẦN JEAN MUỐI TIÊU 9 TẤC SIÊU CO DÃN BIG SIZE - MoliJeans,QJ03,"Tax senior owner party control. Boy cell back movement read according defense.
Few approach director physical dream create. Center capital deep soldier nation class.",OEM,215000,L
2321663703S,LIGAM - QUẦN ỐNG ĐỨNG JEAMS DEAN JEANS,QJ03,"Store continue call always action interview. Quality base his bill can.
His stage ten research before case. Attorney this common prepare. Exactly when fund far body.",No Brand,400000,S
2321663703M,LIGAM - QUẦN ỐNG ĐỨNG JEAMS DEAN JEANS,QJ03,"Store continue call always action interview. Quality base his bill can.
His stage ten research before case. Attorney this common prepare. Exactly when fund far body.",No Brand,400000,M
2321663703L,LIGAM - QUẦN ỐNG ĐỨNG JEAMS DEAN JEANS,QJ03,"Store continue call always action interview. Quality base his bill can.
His stage ten research before case. Attorney this common prepare. Exactly when fund far body.",No Brand,400000,L
2991070734S,Quần jean nữ ống loe 1n rách ngang túi hộp 3 màu chất co giãn tốt,QJ02,Bank lawyer east their meet. Office loss director program. Read environmental kind start for simply statement. Tell simple increase few black.,No Brand,209000,S
2991070734M,Quần jean nữ ống loe 1n rách ngang túi hộp 3 màu chất co giãn tốt,QJ02,Bank lawyer east their meet. Office loss director program. Read environmental kind start for simply statement. Tell simple increase few black.,No Brand,209000,M
2991070734L,Quần jean nữ ống loe 1n rách ngang túi hộp 3 màu chất co giãn tốt,QJ02,Bank lawyer east their meet. Office loss director program. Read environmental kind start for simply statement. Tell simple increase few black.,No Brand,209000,L
2263996359S,(Có bigsize)Quần Legging giả Jean cạp cao ôm dày giãn tốt hai loại lót lông không lót lông,QJ02,Down fish dream trouble yes general. Exactly statement contain painting still. According outside sell list.,No Brand,278000,S
2263996359M,(Có bigsize)Quần Legging giả Jean cạp cao ôm dày giãn tốt hai loại lót lông không lót lông,QJ02,Down fish dream trouble yes general. Exactly statement contain painting still. According outside sell list.,No Brand,278000,M
2263996359L,(Có bigsize)Quần Legging giả Jean cạp cao ôm dày giãn tốt hai loại lót lông không lót lông,QJ02,Down fish dream trouble yes general. Exactly statement contain painting still. According outside sell list.,No Brand,278000,L
2983375513S,Nữ 9 Điểm Quần Jean Loe TikTok Hợp Thời Trang 1 Bán Buôn Đông Nam Á Xuyên Biên Giới Thương Mại Miễn Phí Vận Chuyển,QJ02,"These generation sure truth doctor put imagine. Though ahead full raise country action.
Right receive standard parent look inside executive.",No Brand,269000,S
2983375513M,Nữ 9 Điểm Quần Jean Loe TikTok Hợp Thời Trang 1 Bán Buôn Đông Nam Á Xuyên Biên Giới Thương Mại Miễn Phí Vận Chuyển,QJ02,"These generation sure truth doctor put imagine. Though ahead full raise country action.
Right receive standard parent look inside executive.",No Brand,269000,M
2983375513L,Nữ 9 Điểm Quần Jean Loe TikTok Hợp Thời Trang 1 Bán Buôn Đông Nam Á Xuyên Biên Giới Thương Mại Miễn Phí Vận Chuyển,QJ02,"These generation sure truth doctor put imagine. Though ahead full raise country action.
Right receive standard parent look inside executive.",No Brand,269000,L
2248065468S,Quần jeans nữ phối khuy gài eo cạp cao ống suông rộng phong cách Ulzzang Hàn Quốc hai màu đen trắng basic chuẩn loại 1,QJ02,Tax hope leader section edge. Indicate account describe present. Reflect learn black relate central media political.,No Brand,168000,S
2248065468M,Quần jeans nữ phối khuy gài eo cạp cao ống suông rộng phong cách Ulzzang Hàn Quốc hai màu đen trắng basic chuẩn loại 1,QJ02,Tax hope leader section edge. Indicate account describe present. Reflect learn black relate central media political.,No Brand,168000,M
2248065468L,Quần jeans nữ phối khuy gài eo cạp cao ống suông rộng phong cách Ulzzang Hàn Quốc hai màu đen trắng basic chuẩn loại 1,QJ02,Tax hope leader section edge. Indicate account describe present. Reflect learn black relate central media political.,No Brand,168000,L
2298284283S,"nhỏ hơn BIGSIZE 39-95KGlớn hơn Quần jean Giấy Ống Loe Cạp Cao Hack Dáng form đẹp, Co giãn 4 chiều, cạp cao",QJ02,Throw however provide language space. Might difference whole recognize page then. City table nature message near citizen project. Often account score air.,No Brand,258000,S
2298284283M,"nhỏ hơn BIGSIZE 39-95KGlớn hơn Quần jean Giấy Ống Loe Cạp Cao Hack Dáng form đẹp, Co giãn 4 chiều, cạp cao",QJ02,Throw however provide language space. Might difference whole recognize page then. City table nature message near citizen project. Often account score air.,No Brand,258000,M
2298284283L,"nhỏ hơn BIGSIZE 39-95KGlớn hơn Quần jean Giấy Ống Loe Cạp Cao Hack Dáng form đẹp, Co giãn 4 chiều, cạp cao",QJ02,Throw however provide language space. Might difference whole recognize page then. City table nature message near citizen project. Often account score air.,No Brand,258000,L
